date,station_complex,station_complex_id,borough,station_entries
12/31/23,1 Av (L),119,Manhattan,266
12/30/23,1 Av (L),119,Manhattan,13069
12/29/23,1 Av (L),119,Manhattan,13913
12/28/23,1 Av (L),119,Manhattan,12617
12/27/23,1 Av (L),119,Manhattan,11462
12/26/23,1 Av (L),119,Manhattan,9088
12/25/23,1 Av (L),119,Manhattan,4262
12/23/23,1 Av (L),119,Manhattan,9781
12/22/23,1 Av (L),119,Manhattan,14863
12/21/23,1 Av (L),119,Manhattan,16387
12/20/23,1 Av (L),119,Manhattan,16499
12/19/23,1 Av (L),119,Manhattan,17335
12/18/23,1 Av (L),119,Manhattan,15060
12/17/23,1 Av (L),119,Manhattan,12602
12/16/23,1 Av (L),119,Manhattan,17772
12/15/23,1 Av (L),119,Manhattan,18094
12/14/23,1 Av (L),119,Manhattan,19432
12/13/23,1 Av (L),119,Manhattan,18667
12/12/23,1 Av (L),119,Manhattan,18417
12/11/23,1 Av (L),119,Manhattan,16480
12/10/23,1 Av (L),119,Manhattan,11939
12/9/23,1 Av (L),119,Manhattan,19076
12/8/23,1 Av (L),119,Manhattan,19981
12/6/23,1 Av (L),119,Manhattan,19264
12/5/23,1 Av (L),119,Manhattan,18939
12/4/23,1 Av (L),119,Manhattan,16490
12/3/23,1 Av (L),119,Manhattan,12240
12/2/23,1 Av (L),119,Manhattan,18417
12/1/23,1 Av (L),119,Manhattan,19424
11/24/23,1 Av (L),119,Manhattan,6089
11/7/23,1 Av (L),119,Manhattan,19764
12/31/23,103 St (1),309,Manhattan,59
12/30/23,103 St (1),309,Manhattan,6165
12/29/23,103 St (1),309,Manhattan,7181
12/28/23,103 St (1),309,Manhattan,7018
12/27/23,103 St (1),309,Manhattan,6671
12/26/23,103 St (1),309,Manhattan,5983
12/25/23,103 St (1),309,Manhattan,3601
12/23/23,103 St (1),309,Manhattan,5901
12/22/23,103 St (1),309,Manhattan,8487
12/21/23,103 St (1),309,Manhattan,9128
12/20/23,103 St (1),309,Manhattan,9391
12/19/23,103 St (1),309,Manhattan,9362
12/18/23,103 St (1),309,Manhattan,8306
12/17/23,103 St (1),309,Manhattan,5538
12/16/23,103 St (1),309,Manhattan,7498
12/15/23,103 St (1),309,Manhattan,9676
12/14/23,103 St (1),309,Manhattan,9839
12/13/23,103 St (1),309,Manhattan,9895
12/12/23,103 St (1),309,Manhattan,9784
12/11/23,103 St (1),309,Manhattan,9093
12/10/23,103 St (1),309,Manhattan,5686
12/9/23,103 St (1),309,Manhattan,8100
12/8/23,103 St (1),309,Manhattan,10014
12/6/23,103 St (1),309,Manhattan,9892
12/5/23,103 St (1),309,Manhattan,9560
12/4/23,103 St (1),309,Manhattan,8787
12/3/23,103 St (1),309,Manhattan,6118
12/2/23,103 St (1),309,Manhattan,8061
12/1/23,103 St (1),309,Manhattan,9654
11/24/23,103 St (1),309,Manhattan,4658
11/7/23,103 St (1),309,Manhattan,10219
12/31/23,103 St (6),395,Manhattan,29
12/30/23,103 St (6),395,Manhattan,4364
12/29/23,103 St (6),395,Manhattan,6283
12/28/23,103 St (6),395,Manhattan,6368
12/27/23,103 St (6),395,Manhattan,5963
12/26/23,103 St (6),395,Manhattan,5288
12/25/23,103 St (6),395,Manhattan,2459
12/23/23,103 St (6),395,Manhattan,4209
12/22/23,103 St (6),395,Manhattan,7420
12/21/23,103 St (6),395,Manhattan,8133
12/20/23,103 St (6),395,Manhattan,8275
12/19/23,103 St (6),395,Manhattan,8649
12/18/23,103 St (6),395,Manhattan,7523
12/17/23,103 St (6),395,Manhattan,3469
12/16/23,103 St (6),395,Manhattan,5241
12/15/23,103 St (6),395,Manhattan,8931
12/14/23,103 St (6),395,Manhattan,9316
12/13/23,103 St (6),395,Manhattan,9005
12/12/23,103 St (6),395,Manhattan,9118
12/11/23,103 St (6),395,Manhattan,8549
12/10/23,103 St (6),395,Manhattan,3442
12/9/23,103 St (6),395,Manhattan,5667
12/8/23,103 St (6),395,Manhattan,8747
12/6/23,103 St (6),395,Manhattan,9148
12/5/23,103 St (6),395,Manhattan,9146
12/4/23,103 St (6),395,Manhattan,8927
12/3/23,103 St (6),395,Manhattan,3514
12/2/23,103 St (6),395,Manhattan,5089
12/1/23,103 St (6),395,Manhattan,8696
11/24/23,103 St (6),395,Manhattan,3221
11/7/23,103 St (6),395,Manhattan,9178
12/31/23,"103 St (C,B)",156,Manhattan,10
12/30/23,"103 St (C,B)",156,Manhattan,1850
12/29/23,"103 St (C,B)",156,Manhattan,2525
12/28/23,"103 St (C,B)",156,Manhattan,2390
12/27/23,"103 St (C,B)",156,Manhattan,2273
12/26/23,"103 St (C,B)",156,Manhattan,2043
12/25/23,"103 St (C,B)",156,Manhattan,1193
12/23/23,"103 St (C,B)",156,Manhattan,1774
12/22/23,"103 St (C,B)",156,Manhattan,2755
12/21/23,"103 St (C,B)",156,Manhattan,3084
12/20/23,"103 St (C,B)",156,Manhattan,3095
12/19/23,"103 St (C,B)",156,Manhattan,3201
12/18/23,"103 St (C,B)",156,Manhattan,2839
12/17/23,"103 St (C,B)",156,Manhattan,1818
12/16/23,"103 St (C,B)",156,Manhattan,2425
12/15/23,"103 St (C,B)",156,Manhattan,3260
12/14/23,"103 St (C,B)",156,Manhattan,3336
12/13/23,"103 St (C,B)",156,Manhattan,3212
12/12/23,"103 St (C,B)",156,Manhattan,3342
12/11/23,"103 St (C,B)",156,Manhattan,3032
12/10/23,"103 St (C,B)",156,Manhattan,915
12/9/23,"103 St (C,B)",156,Manhattan,1863
12/8/23,"103 St (C,B)",156,Manhattan,3497
12/6/23,"103 St (C,B)",156,Manhattan,3356
12/5/23,"103 St (C,B)",156,Manhattan,3383
12/4/23,"103 St (C,B)",156,Manhattan,3086
12/3/23,"103 St (C,B)",156,Manhattan,1388
12/2/23,"103 St (C,B)",156,Manhattan,1846
12/1/23,"103 St (C,B)",156,Manhattan,3346
11/24/23,"103 St (C,B)",156,Manhattan,1459
11/7/23,"103 St (C,B)",156,Manhattan,3409
12/31/23,103 St-Corona Plaza (7),450,Queens,76
12/30/23,103 St-Corona Plaza (7),450,Queens,12758
12/29/23,103 St-Corona Plaza (7),450,Queens,19780
12/28/23,103 St-Corona Plaza (7),450,Queens,19797
12/27/23,103 St-Corona Plaza (7),450,Queens,19541
12/26/23,103 St-Corona Plaza (7),450,Queens,17356
12/25/23,103 St-Corona Plaza (7),450,Queens,8183
12/23/23,103 St-Corona Plaza (7),450,Queens,12882
12/22/23,103 St-Corona Plaza (7),450,Queens,23558
12/21/23,103 St-Corona Plaza (7),450,Queens,22869
12/20/23,103 St-Corona Plaza (7),450,Queens,22930
12/19/23,103 St-Corona Plaza (7),450,Queens,22376
12/18/23,103 St-Corona Plaza (7),450,Queens,21052
12/17/23,103 St-Corona Plaza (7),450,Queens,6106
12/16/23,103 St-Corona Plaza (7),450,Queens,8406
12/15/23,103 St-Corona Plaza (7),450,Queens,18025
12/14/23,103 St-Corona Plaza (7),450,Queens,23861
12/13/23,103 St-Corona Plaza (7),450,Queens,23144
12/12/23,103 St-Corona Plaza (7),450,Queens,23623
12/11/23,103 St-Corona Plaza (7),450,Queens,23627
12/10/23,103 St-Corona Plaza (7),450,Queens,5919
12/9/23,103 St-Corona Plaza (7),450,Queens,8670
12/8/23,103 St-Corona Plaza (7),450,Queens,23416
12/6/23,103 St-Corona Plaza (7),450,Queens,23420
12/5/23,103 St-Corona Plaza (7),450,Queens,23405
12/4/23,103 St-Corona Plaza (7),450,Queens,23540
12/3/23,103 St-Corona Plaza (7),450,Queens,6314
12/2/23,103 St-Corona Plaza (7),450,Queens,9228
12/1/23,103 St-Corona Plaza (7),450,Queens,22639
11/24/23,103 St-Corona Plaza (7),450,Queens,10447
11/7/23,103 St-Corona Plaza (7),450,Queens,23731
12/30/23,104 St (A),193,Queens,545
12/29/23,104 St (A),193,Queens,993
12/28/23,104 St (A),193,Queens,978
12/27/23,104 St (A),193,Queens,971
12/26/23,104 St (A),193,Queens,862
12/25/23,104 St (A),193,Queens,370
12/23/23,104 St (A),193,Queens,531
12/22/23,104 St (A),193,Queens,1141
12/21/23,104 St (A),193,Queens,1277
12/20/23,104 St (A),193,Queens,1245
12/19/23,104 St (A),193,Queens,1328
12/18/23,104 St (A),193,Queens,1168
12/17/23,104 St (A),193,Queens,417
12/16/23,104 St (A),193,Queens,687
12/15/23,104 St (A),193,Queens,1257
12/14/23,104 St (A),193,Queens,1366
12/13/23,104 St (A),193,Queens,1275
12/12/23,104 St (A),193,Queens,1373
12/11/23,104 St (A),193,Queens,1296
12/10/23,104 St (A),193,Queens,458
12/9/23,104 St (A),193,Queens,756
12/8/23,104 St (A),193,Queens,1194
12/6/23,104 St (A),193,Queens,1333
12/5/23,104 St (A),193,Queens,1427
12/4/23,104 St (A),193,Queens,1277
12/3/23,104 St (A),193,Queens,276
12/2/23,104 St (A),193,Queens,527
12/1/23,104 St (A),193,Queens,1241
11/24/23,104 St (A),193,Queens,442
11/7/23,104 St (A),193,Queens,1331
12/31/23,"104 St (J,Z)",82,Queens,8
12/30/23,"104 St (J,Z)",82,Queens,1163
12/29/23,"104 St (J,Z)",82,Queens,1852
12/28/23,"104 St (J,Z)",82,Queens,1755
12/27/23,"104 St (J,Z)",82,Queens,1782
12/26/23,"104 St (J,Z)",82,Queens,1736
12/25/23,"104 St (J,Z)",82,Queens,743
12/23/23,"104 St (J,Z)",82,Queens,1108
12/22/23,"104 St (J,Z)",82,Queens,2065
12/21/23,"104 St (J,Z)",82,Queens,2380
12/20/23,"104 St (J,Z)",82,Queens,2358
12/19/23,"104 St (J,Z)",82,Queens,2364
12/18/23,"104 St (J,Z)",82,Queens,1666
12/16/23,"104 St (J,Z)",82,Queens,2
12/15/23,"104 St (J,Z)",82,Queens,2314
12/14/23,"104 St (J,Z)",82,Queens,2395
12/13/23,"104 St (J,Z)",82,Queens,2441
12/12/23,"104 St (J,Z)",82,Queens,2383
12/11/23,"104 St (J,Z)",82,Queens,2245
12/10/23,"104 St (J,Z)",82,Queens,2
12/9/23,"104 St (J,Z)",82,Queens,1
12/8/23,"104 St (J,Z)",82,Queens,2376
12/6/23,"104 St (J,Z)",82,Queens,2495
12/5/23,"104 St (J,Z)",82,Queens,2427
12/4/23,"104 St (J,Z)",82,Queens,2315
12/3/23,"104 St (J,Z)",82,Queens,4
12/2/23,"104 St (J,Z)",82,Queens,2
12/1/23,"104 St (J,Z)",82,Queens,2204
11/24/23,"104 St (J,Z)",82,Queens,900
11/7/23,"104 St (J,Z)",82,Queens,2475
12/31/23,110 St (6),394,Manhattan,33
12/30/23,110 St (6),394,Manhattan,3634
12/29/23,110 St (6),394,Manhattan,5167
12/28/23,110 St (6),394,Manhattan,4692
12/27/23,110 St (6),394,Manhattan,4456
12/26/23,110 St (6),394,Manhattan,4089
12/25/23,110 St (6),394,Manhattan,1933
12/23/23,110 St (6),394,Manhattan,3611
12/22/23,110 St (6),394,Manhattan,6059
12/21/23,110 St (6),394,Manhattan,6195
12/20/23,110 St (6),394,Manhattan,6204
12/19/23,110 St (6),394,Manhattan,6140
12/18/23,110 St (6),394,Manhattan,5811
12/17/23,110 St (6),394,Manhattan,2947
12/16/23,110 St (6),394,Manhattan,4278
12/15/23,110 St (6),394,Manhattan,6827
12/14/23,110 St (6),394,Manhattan,6950
12/13/23,110 St (6),394,Manhattan,6943
12/12/23,110 St (6),394,Manhattan,6742
12/11/23,110 St (6),394,Manhattan,6142
12/10/23,110 St (6),394,Manhattan,2902
12/9/23,110 St (6),394,Manhattan,4294
12/8/23,110 St (6),394,Manhattan,6818
12/6/23,110 St (6),394,Manhattan,6731
12/5/23,110 St (6),394,Manhattan,6643
12/4/23,110 St (6),394,Manhattan,6530
12/3/23,110 St (6),394,Manhattan,2973
12/2/23,110 St (6),394,Manhattan,4256
12/1/23,110 St (6),394,Manhattan,6791
11/24/23,110 St (6),394,Manhattan,2725
11/7/23,110 St (6),394,Manhattan,6812
12/31/23,111 St (7),449,Queens,21
12/30/23,111 St (7),449,Queens,3043
12/29/23,111 St (7),449,Queens,3826
12/28/23,111 St (7),449,Queens,3716
12/27/23,111 St (7),449,Queens,3690
12/26/23,111 St (7),449,Queens,3470
12/25/23,111 St (7),449,Queens,1811
12/23/23,111 St (7),449,Queens,3312
12/22/23,111 St (7),449,Queens,4045
12/21/23,111 St (7),449,Queens,4287
12/20/23,111 St (7),449,Queens,4363
12/19/23,111 St (7),449,Queens,4419
12/18/23,111 St (7),449,Queens,4084
12/17/23,111 St (7),449,Queens,3284
12/16/23,111 St (7),449,Queens,3704
12/15/23,111 St (7),449,Queens,3561
12/14/23,111 St (7),449,Queens,4361
12/13/23,111 St (7),449,Queens,4528
12/12/23,111 St (7),449,Queens,4529
12/11/23,111 St (7),449,Queens,4140
12/10/23,111 St (7),449,Queens,3045
12/9/23,111 St (7),449,Queens,3936
12/8/23,111 St (7),449,Queens,4862
12/6/23,111 St (7),449,Queens,4565
12/5/23,111 St (7),449,Queens,4664
12/4/23,111 St (7),449,Queens,4689
12/3/23,111 St (7),449,Queens,2942
12/2/23,111 St (7),449,Queens,3731
12/1/23,111 St (7),449,Queens,4383
11/24/23,111 St (7),449,Queens,2531
11/7/23,111 St (7),449,Queens,4849
12/31/23,111 St (A),194,Queens,2
12/30/23,111 St (A),194,Queens,745
12/29/23,111 St (A),194,Queens,1345
12/28/23,111 St (A),194,Queens,1266
12/27/23,111 St (A),194,Queens,1292
12/26/23,111 St (A),194,Queens,1271
12/25/23,111 St (A),194,Queens,416
12/23/23,111 St (A),194,Queens,800
12/22/23,111 St (A),194,Queens,1622
12/21/23,111 St (A),194,Queens,1858
12/20/23,111 St (A),194,Queens,1829
12/19/23,111 St (A),194,Queens,1936
12/18/23,111 St (A),194,Queens,1666
12/17/23,111 St (A),194,Queens,585
12/16/23,111 St (A),194,Queens,900
12/15/23,111 St (A),194,Queens,1784
12/14/23,111 St (A),194,Queens,1953
12/13/23,111 St (A),194,Queens,1951
12/12/23,111 St (A),194,Queens,1901
12/11/23,111 St (A),194,Queens,1763
12/10/23,111 St (A),194,Queens,537
12/9/23,111 St (A),194,Queens,929
12/8/23,111 St (A),194,Queens,1736
12/6/23,111 St (A),194,Queens,1959
12/5/23,111 St (A),194,Queens,1918
12/4/23,111 St (A),194,Queens,1859
12/3/23,111 St (A),194,Queens,366
12/2/23,111 St (A),194,Queens,653
12/1/23,111 St (A),194,Queens,1766
11/24/23,111 St (A),194,Queens,572
11/7/23,111 St (A),194,Queens,1979
12/31/23,111 St (J),81,Queens,2
12/30/23,111 St (J),81,Queens,844
12/29/23,111 St (J),81,Queens,1362
12/28/23,111 St (J),81,Queens,1311
12/27/23,111 St (J),81,Queens,1324
12/26/23,111 St (J),81,Queens,1216
12/25/23,111 St (J),81,Queens,477
12/23/23,111 St (J),81,Queens,805
12/22/23,111 St (J),81,Queens,1610
12/21/23,111 St (J),81,Queens,1716
12/20/23,111 St (J),81,Queens,1792
12/19/23,111 St (J),81,Queens,1683
12/18/23,111 St (J),81,Queens,1152
12/17/23,111 St (J),81,Queens,1
12/15/23,111 St (J),81,Queens,1804
12/14/23,111 St (J),81,Queens,1778
12/13/23,111 St (J),81,Queens,1746
12/12/23,111 St (J),81,Queens,1739
12/11/23,111 St (J),81,Queens,1636
12/10/23,111 St (J),81,Queens,3
12/9/23,111 St (J),81,Queens,1
12/8/23,111 St (J),81,Queens,1848
12/6/23,111 St (J),81,Queens,1798
12/5/23,111 St (J),81,Queens,1842
12/4/23,111 St (J),81,Queens,1833
12/3/23,111 St (J),81,Queens,2
12/2/23,111 St (J),81,Queens,3
12/1/23,111 St (J),81,Queens,1791
11/24/23,111 St (J),81,Queens,707
11/7/23,111 St (J),81,Queens,1798
12/31/23,"116 St (2,3)",440,Manhattan,24
12/30/23,"116 St (2,3)",440,Manhattan,4631
12/29/23,"116 St (2,3)",440,Manhattan,5150
12/28/23,"116 St (2,3)",440,Manhattan,5005
12/27/23,"116 St (2,3)",440,Manhattan,4652
12/26/23,"116 St (2,3)",440,Manhattan,4237
12/25/23,"116 St (2,3)",440,Manhattan,3010
12/23/23,"116 St (2,3)",440,Manhattan,4419
12/22/23,"116 St (2,3)",440,Manhattan,6022
12/21/23,"116 St (2,3)",440,Manhattan,6531
12/20/23,"116 St (2,3)",440,Manhattan,6684
12/19/23,"116 St (2,3)",440,Manhattan,6619
12/18/23,"116 St (2,3)",440,Manhattan,5738
12/17/23,"116 St (2,3)",440,Manhattan,4032
12/16/23,"116 St (2,3)",440,Manhattan,5118
12/15/23,"116 St (2,3)",440,Manhattan,7037
12/14/23,"116 St (2,3)",440,Manhattan,7161
12/13/23,"116 St (2,3)",440,Manhattan,6878
12/12/23,"116 St (2,3)",440,Manhattan,6899
12/11/23,"116 St (2,3)",440,Manhattan,6688
12/10/23,"116 St (2,3)",440,Manhattan,4544
12/9/23,"116 St (2,3)",440,Manhattan,6207
12/8/23,"116 St (2,3)",440,Manhattan,6762
12/6/23,"116 St (2,3)",440,Manhattan,7146
12/5/23,"116 St (2,3)",440,Manhattan,6881
12/4/23,"116 St (2,3)",440,Manhattan,6630
12/3/23,"116 St (2,3)",440,Manhattan,4430
12/2/23,"116 St (2,3)",440,Manhattan,5540
12/1/23,"116 St (2,3)",440,Manhattan,6968
11/24/23,"116 St (2,3)",440,Manhattan,3366
11/7/23,"116 St (2,3)",440,Manhattan,6952
12/31/23,116 St (6),393,Manhattan,30
12/30/23,116 St (6),393,Manhattan,5192
12/29/23,116 St (6),393,Manhattan,6873
12/28/23,116 St (6),393,Manhattan,6391
12/27/23,116 St (6),393,Manhattan,6191
12/26/23,116 St (6),393,Manhattan,5832
12/25/23,116 St (6),393,Manhattan,2686
12/23/23,116 St (6),393,Manhattan,5144
12/22/23,116 St (6),393,Manhattan,7827
12/21/23,116 St (6),393,Manhattan,8448
12/20/23,116 St (6),393,Manhattan,8849
12/19/23,116 St (6),393,Manhattan,8603
12/18/23,116 St (6),393,Manhattan,7698
12/17/23,116 St (6),393,Manhattan,4206
12/16/23,116 St (6),393,Manhattan,6134
12/15/23,116 St (6),393,Manhattan,8953
12/14/23,116 St (6),393,Manhattan,9112
12/13/23,116 St (6),393,Manhattan,9140
12/12/23,116 St (6),393,Manhattan,9166
12/11/23,116 St (6),393,Manhattan,8484
12/10/23,116 St (6),393,Manhattan,4325
12/9/23,116 St (6),393,Manhattan,6476
12/8/23,116 St (6),393,Manhattan,9007
12/6/23,116 St (6),393,Manhattan,9550
12/5/23,116 St (6),393,Manhattan,8820
12/4/23,116 St (6),393,Manhattan,8775
12/3/23,116 St (6),393,Manhattan,4152
12/2/23,116 St (6),393,Manhattan,5900
12/1/23,116 St (6),393,Manhattan,8486
11/24/23,116 St (6),393,Manhattan,4110
11/7/23,116 St (6),393,Manhattan,8932
12/31/23,"116 St (C,B)",154,Manhattan,44
12/30/23,"116 St (C,B)",154,Manhattan,2781
12/29/23,"116 St (C,B)",154,Manhattan,3787
12/28/23,"116 St (C,B)",154,Manhattan,3535
12/27/23,"116 St (C,B)",154,Manhattan,3263
12/26/23,"116 St (C,B)",154,Manhattan,2884
12/25/23,"116 St (C,B)",154,Manhattan,1380
12/23/23,"116 St (C,B)",154,Manhattan,2598
12/22/23,"116 St (C,B)",154,Manhattan,4349
12/21/23,"116 St (C,B)",154,Manhattan,4600
12/20/23,"116 St (C,B)",154,Manhattan,4645
12/19/23,"116 St (C,B)",154,Manhattan,4688
12/18/23,"116 St (C,B)",154,Manhattan,4197
12/17/23,"116 St (C,B)",154,Manhattan,2640
12/16/23,"116 St (C,B)",154,Manhattan,3343
12/15/23,"116 St (C,B)",154,Manhattan,5146
12/14/23,"116 St (C,B)",154,Manhattan,5075
12/13/23,"116 St (C,B)",154,Manhattan,4989
12/12/23,"116 St (C,B)",154,Manhattan,4893
12/11/23,"116 St (C,B)",154,Manhattan,4339
12/10/23,"116 St (C,B)",154,Manhattan,1004
12/9/23,"116 St (C,B)",154,Manhattan,1404
12/8/23,"116 St (C,B)",154,Manhattan,4847
12/6/23,"116 St (C,B)",154,Manhattan,4984
12/5/23,"116 St (C,B)",154,Manhattan,4843
12/4/23,"116 St (C,B)",154,Manhattan,4439
12/3/23,"116 St (C,B)",154,Manhattan,2266
12/2/23,"116 St (C,B)",154,Manhattan,2797
12/1/23,"116 St (C,B)",154,Manhattan,4857
11/24/23,"116 St (C,B)",154,Manhattan,2161
11/7/23,"116 St (C,B)",154,Manhattan,5009
12/31/23,116 St-Columbia University (1),307,Manhattan,33
12/30/23,116 St-Columbia University (1),307,Manhattan,3504
12/29/23,116 St-Columbia University (1),307,Manhattan,4484
12/28/23,116 St-Columbia University (1),307,Manhattan,4282
12/27/23,116 St-Columbia University (1),307,Manhattan,4466
12/26/23,116 St-Columbia University (1),307,Manhattan,3760
12/25/23,116 St-Columbia University (1),307,Manhattan,2391
12/23/23,116 St-Columbia University (1),307,Manhattan,4011
12/22/23,116 St-Columbia University (1),307,Manhattan,7236
12/21/23,116 St-Columbia University (1),307,Manhattan,9351
12/20/23,116 St-Columbia University (1),307,Manhattan,9931
12/19/23,116 St-Columbia University (1),307,Manhattan,10188
12/18/23,116 St-Columbia University (1),307,Manhattan,9054
12/17/23,116 St-Columbia University (1),307,Manhattan,4686
12/16/23,116 St-Columbia University (1),307,Manhattan,6680
12/15/23,116 St-Columbia University (1),307,Manhattan,10661
12/14/23,116 St-Columbia University (1),307,Manhattan,11239
12/13/23,116 St-Columbia University (1),307,Manhattan,11820
12/12/23,116 St-Columbia University (1),307,Manhattan,12023
12/11/23,116 St-Columbia University (1),307,Manhattan,12046
12/10/23,116 St-Columbia University (1),307,Manhattan,5070
12/9/23,116 St-Columbia University (1),307,Manhattan,8065
12/8/23,116 St-Columbia University (1),307,Manhattan,12970
12/6/23,116 St-Columbia University (1),307,Manhattan,13891
12/5/23,116 St-Columbia University (1),307,Manhattan,13729
12/4/23,116 St-Columbia University (1),307,Manhattan,12263
12/3/23,116 St-Columbia University (1),307,Manhattan,6004
12/2/23,116 St-Columbia University (1),307,Manhattan,8467
12/1/23,116 St-Columbia University (1),307,Manhattan,13377
11/24/23,116 St-Columbia University (1),307,Manhattan,3051
11/7/23,116 St-Columbia University (1),307,Manhattan,14053
12/31/23,"121 St (J,Z)",80,Queens,16
12/30/23,"121 St (J,Z)",80,Queens,1032
12/29/23,"121 St (J,Z)",80,Queens,1506
12/28/23,"121 St (J,Z)",80,Queens,1493
12/27/23,"121 St (J,Z)",80,Queens,1390
12/26/23,"121 St (J,Z)",80,Queens,1395
12/25/23,"121 St (J,Z)",80,Queens,540
12/23/23,"121 St (J,Z)",80,Queens,924
12/22/23,"121 St (J,Z)",80,Queens,1698
12/21/23,"121 St (J,Z)",80,Queens,1740
12/20/23,"121 St (J,Z)",80,Queens,1852
12/19/23,"121 St (J,Z)",80,Queens,1891
12/18/23,"121 St (J,Z)",80,Queens,1425
12/17/23,"121 St (J,Z)",80,Queens,6
12/16/23,"121 St (J,Z)",80,Queens,4
12/15/23,"121 St (J,Z)",80,Queens,1767
12/14/23,"121 St (J,Z)",80,Queens,1757
12/13/23,"121 St (J,Z)",80,Queens,1888
12/12/23,"121 St (J,Z)",80,Queens,1881
12/11/23,"121 St (J,Z)",80,Queens,1741
12/9/23,"121 St (J,Z)",80,Queens,13
12/8/23,"121 St (J,Z)",80,Queens,1834
12/6/23,"121 St (J,Z)",80,Queens,1864
12/5/23,"121 St (J,Z)",80,Queens,1981
12/4/23,"121 St (J,Z)",80,Queens,1876
12/3/23,"121 St (J,Z)",80,Queens,10
12/2/23,"121 St (J,Z)",80,Queens,7
12/1/23,"121 St (J,Z)",80,Queens,1930
11/24/23,"121 St (J,Z)",80,Queens,795
11/7/23,"121 St (J,Z)",80,Queens,1829
12/31/23,125 St (1),306,Manhattan,29
12/30/23,125 St (1),306,Manhattan,3326
12/29/23,125 St (1),306,Manhattan,4001
12/28/23,125 St (1),306,Manhattan,3839
12/27/23,125 St (1),306,Manhattan,3746
12/26/23,125 St (1),306,Manhattan,3381
12/25/23,125 St (1),306,Manhattan,1939
12/23/23,125 St (1),306,Manhattan,3180
12/22/23,125 St (1),306,Manhattan,4841
12/21/23,125 St (1),306,Manhattan,5257
12/20/23,125 St (1),306,Manhattan,5434
12/19/23,125 St (1),306,Manhattan,5771
12/18/23,125 St (1),306,Manhattan,4888
12/17/23,125 St (1),306,Manhattan,2747
12/16/23,125 St (1),306,Manhattan,4255
12/15/23,125 St (1),306,Manhattan,6674
12/14/23,125 St (1),306,Manhattan,6911
12/13/23,125 St (1),306,Manhattan,6769
12/12/23,125 St (1),306,Manhattan,6876
12/11/23,125 St (1),306,Manhattan,6272
12/10/23,125 St (1),306,Manhattan,2892
12/9/23,125 St (1),306,Manhattan,4451
12/8/23,125 St (1),306,Manhattan,7020
12/6/23,125 St (1),306,Manhattan,7581
12/5/23,125 St (1),306,Manhattan,7443
12/4/23,125 St (1),306,Manhattan,6977
12/3/23,125 St (1),306,Manhattan,3554
12/2/23,125 St (1),306,Manhattan,5385
12/1/23,125 St (1),306,Manhattan,6691
11/24/23,125 St (1),306,Manhattan,2472
11/7/23,125 St (1),306,Manhattan,7606
12/31/23,"125 St (2,3)",439,Manhattan,71
12/30/23,"125 St (2,3)",439,Manhattan,6053
12/29/23,"125 St (2,3)",439,Manhattan,7699
12/28/23,"125 St (2,3)",439,Manhattan,7019
12/27/23,"125 St (2,3)",439,Manhattan,6680
12/26/23,"125 St (2,3)",439,Manhattan,6130
12/25/23,"125 St (2,3)",439,Manhattan,2986
12/23/23,"125 St (2,3)",439,Manhattan,5696
12/22/23,"125 St (2,3)",439,Manhattan,7730
12/21/23,"125 St (2,3)",439,Manhattan,8428
12/20/23,"125 St (2,3)",439,Manhattan,8932
12/19/23,"125 St (2,3)",439,Manhattan,8696
12/18/23,"125 St (2,3)",439,Manhattan,7578
12/17/23,"125 St (2,3)",439,Manhattan,5526
12/16/23,"125 St (2,3)",439,Manhattan,6828
12/15/23,"125 St (2,3)",439,Manhattan,8999
12/14/23,"125 St (2,3)",439,Manhattan,9459
12/13/23,"125 St (2,3)",439,Manhattan,9207
12/12/23,"125 St (2,3)",439,Manhattan,8745
12/11/23,"125 St (2,3)",439,Manhattan,8048
12/10/23,"125 St (2,3)",439,Manhattan,5236
12/9/23,"125 St (2,3)",439,Manhattan,7190
12/8/23,"125 St (2,3)",439,Manhattan,9228
12/6/23,"125 St (2,3)",439,Manhattan,9187
12/5/23,"125 St (2,3)",439,Manhattan,8914
12/4/23,"125 St (2,3)",439,Manhattan,8977
12/3/23,"125 St (2,3)",439,Manhattan,5572
12/2/23,"125 St (2,3)",439,Manhattan,7054
12/1/23,"125 St (2,3)",439,Manhattan,9186
11/24/23,"125 St (2,3)",439,Manhattan,4682
11/7/23,"125 St (2,3)",439,Manhattan,8898
12/31/23,"125 St (4,5,6)",392,Manhattan,117
12/30/23,"125 St (4,5,6)",392,Manhattan,8564
12/29/23,"125 St (4,5,6)",392,Manhattan,11867
12/28/23,"125 St (4,5,6)",392,Manhattan,12129
12/27/23,"125 St (4,5,6)",392,Manhattan,11810
12/26/23,"125 St (4,5,6)",392,Manhattan,11020
12/25/23,"125 St (4,5,6)",392,Manhattan,5305
12/23/23,"125 St (4,5,6)",392,Manhattan,8147
12/22/23,"125 St (4,5,6)",392,Manhattan,13263
12/21/23,"125 St (4,5,6)",392,Manhattan,14867
12/20/23,"125 St (4,5,6)",392,Manhattan,15868
12/19/23,"125 St (4,5,6)",392,Manhattan,15951
12/18/23,"125 St (4,5,6)",392,Manhattan,14484
12/17/23,"125 St (4,5,6)",392,Manhattan,7482
12/16/23,"125 St (4,5,6)",392,Manhattan,9929
12/15/23,"125 St (4,5,6)",392,Manhattan,16262
12/14/23,"125 St (4,5,6)",392,Manhattan,16854
12/13/23,"125 St (4,5,6)",392,Manhattan,16967
12/12/23,"125 St (4,5,6)",392,Manhattan,17151
12/11/23,"125 St (4,5,6)",392,Manhattan,15937
12/10/23,"125 St (4,5,6)",392,Manhattan,7092
12/9/23,"125 St (4,5,6)",392,Manhattan,10313
12/8/23,"125 St (4,5,6)",392,Manhattan,16281
12/6/23,"125 St (4,5,6)",392,Manhattan,16957
12/5/23,"125 St (4,5,6)",392,Manhattan,17236
12/4/23,"125 St (4,5,6)",392,Manhattan,16614
12/3/23,"125 St (4,5,6)",392,Manhattan,7097
12/2/23,"125 St (4,5,6)",392,Manhattan,10322
12/1/23,"125 St (4,5,6)",392,Manhattan,16037
11/24/23,"125 St (4,5,6)",392,Manhattan,6199
11/7/23,"125 St (4,5,6)",392,Manhattan,17050
12/31/23,"125 St (A,C,B,D)",153,Manhattan,140
12/30/23,"125 St (A,C,B,D)",153,Manhattan,12317
12/29/23,"125 St (A,C,B,D)",153,Manhattan,15174
12/28/23,"125 St (A,C,B,D)",153,Manhattan,13892
12/27/23,"125 St (A,C,B,D)",153,Manhattan,13783
12/26/23,"125 St (A,C,B,D)",153,Manhattan,12449
12/25/23,"125 St (A,C,B,D)",153,Manhattan,5918
12/23/23,"125 St (A,C,B,D)",153,Manhattan,11518
12/22/23,"125 St (A,C,B,D)",153,Manhattan,17247
12/21/23,"125 St (A,C,B,D)",153,Manhattan,17564
12/20/23,"125 St (A,C,B,D)",153,Manhattan,18247
12/19/23,"125 St (A,C,B,D)",153,Manhattan,19576
12/18/23,"125 St (A,C,B,D)",153,Manhattan,16332
12/17/23,"125 St (A,C,B,D)",153,Manhattan,9989
12/16/23,"125 St (A,C,B,D)",153,Manhattan,13921
12/15/23,"125 St (A,C,B,D)",153,Manhattan,19788
12/14/23,"125 St (A,C,B,D)",153,Manhattan,20360
12/13/23,"125 St (A,C,B,D)",153,Manhattan,19781
12/12/23,"125 St (A,C,B,D)",153,Manhattan,19760
12/11/23,"125 St (A,C,B,D)",153,Manhattan,18683
12/10/23,"125 St (A,C,B,D)",153,Manhattan,10285
12/9/23,"125 St (A,C,B,D)",153,Manhattan,15299
12/8/23,"125 St (A,C,B,D)",153,Manhattan,19952
12/6/23,"125 St (A,C,B,D)",153,Manhattan,20049
12/5/23,"125 St (A,C,B,D)",153,Manhattan,20549
12/4/23,"125 St (A,C,B,D)",153,Manhattan,19633
12/3/23,"125 St (A,C,B,D)",153,Manhattan,9387
12/2/23,"125 St (A,C,B,D)",153,Manhattan,13109
12/1/23,"125 St (A,C,B,D)",153,Manhattan,19084
11/24/23,"125 St (A,C,B,D)",153,Manhattan,8667
11/7/23,"125 St (A,C,B,D)",153,Manhattan,20072
12/31/23,"135 St (2,3)",438,Manhattan,69
12/30/23,"135 St (2,3)",438,Manhattan,4116
12/29/23,"135 St (2,3)",438,Manhattan,6048
12/28/23,"135 St (2,3)",438,Manhattan,5657
12/27/23,"135 St (2,3)",438,Manhattan,5408
12/26/23,"135 St (2,3)",438,Manhattan,4933
12/25/23,"135 St (2,3)",438,Manhattan,2532
12/23/23,"135 St (2,3)",438,Manhattan,4249
12/22/23,"135 St (2,3)",438,Manhattan,6735
12/21/23,"135 St (2,3)",438,Manhattan,6826
12/20/23,"135 St (2,3)",438,Manhattan,7283
12/19/23,"135 St (2,3)",438,Manhattan,7553
12/18/23,"135 St (2,3)",438,Manhattan,6289
12/17/23,"135 St (2,3)",438,Manhattan,4043
12/16/23,"135 St (2,3)",438,Manhattan,5301
12/15/23,"135 St (2,3)",438,Manhattan,7976
12/14/23,"135 St (2,3)",438,Manhattan,8073
12/13/23,"135 St (2,3)",438,Manhattan,7677
12/12/23,"135 St (2,3)",438,Manhattan,7232
12/11/23,"135 St (2,3)",438,Manhattan,7043
12/10/23,"135 St (2,3)",438,Manhattan,3727
12/9/23,"135 St (2,3)",438,Manhattan,5747
12/8/23,"135 St (2,3)",438,Manhattan,7722
12/6/23,"135 St (2,3)",438,Manhattan,7835
12/5/23,"135 St (2,3)",438,Manhattan,7986
12/4/23,"135 St (2,3)",438,Manhattan,7370
12/3/23,"135 St (2,3)",438,Manhattan,3946
12/2/23,"135 St (2,3)",438,Manhattan,5749
12/1/23,"135 St (2,3)",438,Manhattan,7794
11/24/23,"135 St (2,3)",438,Manhattan,3595
11/7/23,"135 St (2,3)",438,Manhattan,7894
12/31/23,"135 St (C,B)",152,Manhattan,14
12/30/23,"135 St (C,B)",152,Manhattan,1651
12/29/23,"135 St (C,B)",152,Manhattan,2525
12/28/23,"135 St (C,B)",152,Manhattan,2398
12/27/23,"135 St (C,B)",152,Manhattan,2307
12/26/23,"135 St (C,B)",152,Manhattan,2010
12/25/23,"135 St (C,B)",152,Manhattan,809
12/23/23,"135 St (C,B)",152,Manhattan,1540
12/22/23,"135 St (C,B)",152,Manhattan,3038
12/21/23,"135 St (C,B)",152,Manhattan,3548
12/20/23,"135 St (C,B)",152,Manhattan,3584
12/19/23,"135 St (C,B)",152,Manhattan,3624
12/18/23,"135 St (C,B)",152,Manhattan,3261
12/17/23,"135 St (C,B)",152,Manhattan,1448
12/16/23,"135 St (C,B)",152,Manhattan,2048
12/15/23,"135 St (C,B)",152,Manhattan,3844
12/14/23,"135 St (C,B)",152,Manhattan,4040
12/13/23,"135 St (C,B)",152,Manhattan,3903
12/12/23,"135 St (C,B)",152,Manhattan,3824
12/11/23,"135 St (C,B)",152,Manhattan,3909
12/10/23,"135 St (C,B)",152,Manhattan,1266
12/9/23,"135 St (C,B)",152,Manhattan,2014
12/8/23,"135 St (C,B)",152,Manhattan,3759
12/6/23,"135 St (C,B)",152,Manhattan,4290
12/5/23,"135 St (C,B)",152,Manhattan,4197
12/4/23,"135 St (C,B)",152,Manhattan,4043
12/3/23,"135 St (C,B)",152,Manhattan,1294
12/2/23,"135 St (C,B)",152,Manhattan,1693
12/1/23,"135 St (C,B)",152,Manhattan,3921
11/24/23,"135 St (C,B)",152,Manhattan,1205
11/7/23,"135 St (C,B)",152,Manhattan,4251
12/31/23,137 St-City College (1),305,Manhattan,51
12/30/23,137 St-City College (1),305,Manhattan,5112
12/29/23,137 St-City College (1),305,Manhattan,6198
12/28/23,137 St-City College (1),305,Manhattan,5824
12/27/23,137 St-City College (1),305,Manhattan,5692
12/26/23,137 St-City College (1),305,Manhattan,5164
12/25/23,137 St-City College (1),305,Manhattan,2819
12/23/23,137 St-City College (1),305,Manhattan,5184
12/22/23,137 St-City College (1),305,Manhattan,7416
12/21/23,137 St-City College (1),305,Manhattan,7536
12/20/23,137 St-City College (1),305,Manhattan,8290
12/19/23,137 St-City College (1),305,Manhattan,8790
12/18/23,137 St-City College (1),305,Manhattan,7887
12/17/23,137 St-City College (1),305,Manhattan,8013
12/16/23,137 St-City College (1),305,Manhattan,11283
12/15/23,137 St-City College (1),305,Manhattan,9066
12/14/23,137 St-City College (1),305,Manhattan,9396
12/13/23,137 St-City College (1),305,Manhattan,8664
12/12/23,137 St-City College (1),305,Manhattan,8510
12/11/23,137 St-City College (1),305,Manhattan,8949
12/10/23,137 St-City College (1),305,Manhattan,3630
12/9/23,137 St-City College (1),305,Manhattan,5165
12/8/23,137 St-City College (1),305,Manhattan,8961
12/6/23,137 St-City College (1),305,Manhattan,10238
12/5/23,137 St-City College (1),305,Manhattan,9738
12/4/23,137 St-City College (1),305,Manhattan,9190
12/3/23,137 St-City College (1),305,Manhattan,4570
12/2/23,137 St-City College (1),305,Manhattan,6309
12/1/23,137 St-City College (1),305,Manhattan,8756
11/24/23,137 St-City College (1),305,Manhattan,3871
11/7/23,137 St-City College (1),305,Manhattan,9935
12/31/23,"138 St-Grand Concourse (4,5)",391,Bronx,18
12/30/23,"138 St-Grand Concourse (4,5)",391,Bronx,1478
12/29/23,"138 St-Grand Concourse (4,5)",391,Bronx,2083
12/28/23,"138 St-Grand Concourse (4,5)",391,Bronx,2004
12/27/23,"138 St-Grand Concourse (4,5)",391,Bronx,1976
12/26/23,"138 St-Grand Concourse (4,5)",391,Bronx,1679
12/25/23,"138 St-Grand Concourse (4,5)",391,Bronx,668
12/23/23,"138 St-Grand Concourse (4,5)",391,Bronx,1264
12/22/23,"138 St-Grand Concourse (4,5)",391,Bronx,2387
12/21/23,"138 St-Grand Concourse (4,5)",391,Bronx,2389
12/20/23,"138 St-Grand Concourse (4,5)",391,Bronx,2450
12/19/23,"138 St-Grand Concourse (4,5)",391,Bronx,2467
12/18/23,"138 St-Grand Concourse (4,5)",391,Bronx,2205
12/17/23,"138 St-Grand Concourse (4,5)",391,Bronx,1113
12/16/23,"138 St-Grand Concourse (4,5)",391,Bronx,1709
12/15/23,"138 St-Grand Concourse (4,5)",391,Bronx,2551
12/14/23,"138 St-Grand Concourse (4,5)",391,Bronx,2656
12/13/23,"138 St-Grand Concourse (4,5)",391,Bronx,2982
12/12/23,"138 St-Grand Concourse (4,5)",391,Bronx,2748
12/11/23,"138 St-Grand Concourse (4,5)",391,Bronx,2585
12/10/23,"138 St-Grand Concourse (4,5)",391,Bronx,1297
12/9/23,"138 St-Grand Concourse (4,5)",391,Bronx,1876
12/8/23,"138 St-Grand Concourse (4,5)",391,Bronx,2663
12/6/23,"138 St-Grand Concourse (4,5)",391,Bronx,2899
12/5/23,"138 St-Grand Concourse (4,5)",391,Bronx,2826
12/4/23,"138 St-Grand Concourse (4,5)",391,Bronx,2812
12/3/23,"138 St-Grand Concourse (4,5)",391,Bronx,1072
12/2/23,"138 St-Grand Concourse (4,5)",391,Bronx,1756
12/1/23,"138 St-Grand Concourse (4,5)",391,Bronx,2552
11/24/23,"138 St-Grand Concourse (4,5)",391,Bronx,993
11/7/23,"138 St-Grand Concourse (4,5)",391,Bronx,2841
12/31/23,"14 St (A,C,E)/8 Av (L)",618,Manhattan,637
12/30/23,"14 St (A,C,E)/8 Av (L)",618,Manhattan,27670
12/29/23,"14 St (A,C,E)/8 Av (L)",618,Manhattan,32550
12/28/23,"14 St (A,C,E)/8 Av (L)",618,Manhattan,29925
12/27/23,"14 St (A,C,E)/8 Av (L)",618,Manhattan,27504
12/26/23,"14 St (A,C,E)/8 Av (L)",618,Manhattan,24702
12/25/23,"14 St (A,C,E)/8 Av (L)",618,Manhattan,11384
12/23/23,"14 St (A,C,E)/8 Av (L)",618,Manhattan,21831
12/22/23,"14 St (A,C,E)/8 Av (L)",618,Manhattan,29279
12/21/23,"14 St (A,C,E)/8 Av (L)",618,Manhattan,32377
12/20/23,"14 St (A,C,E)/8 Av (L)",618,Manhattan,33745
12/19/23,"14 St (A,C,E)/8 Av (L)",618,Manhattan,34917
12/18/23,"14 St (A,C,E)/8 Av (L)",618,Manhattan,28848
12/17/23,"14 St (A,C,E)/8 Av (L)",618,Manhattan,23808
12/16/23,"14 St (A,C,E)/8 Av (L)",618,Manhattan,33956
12/15/23,"14 St (A,C,E)/8 Av (L)",618,Manhattan,37150
12/14/23,"14 St (A,C,E)/8 Av (L)",618,Manhattan,39713
12/13/23,"14 St (A,C,E)/8 Av (L)",618,Manhattan,38270
12/12/23,"14 St (A,C,E)/8 Av (L)",618,Manhattan,38824
12/11/23,"14 St (A,C,E)/8 Av (L)",618,Manhattan,32166
12/10/23,"14 St (A,C,E)/8 Av (L)",618,Manhattan,24182
12/9/23,"14 St (A,C,E)/8 Av (L)",618,Manhattan,35811
12/8/23,"14 St (A,C,E)/8 Av (L)",618,Manhattan,37157
12/6/23,"14 St (A,C,E)/8 Av (L)",618,Manhattan,38824
12/5/23,"14 St (A,C,E)/8 Av (L)",618,Manhattan,37338
12/4/23,"14 St (A,C,E)/8 Av (L)",618,Manhattan,32061
12/3/23,"14 St (A,C,E)/8 Av (L)",618,Manhattan,21906
12/2/23,"14 St (A,C,E)/8 Av (L)",618,Manhattan,31246
12/1/23,"14 St (A,C,E)/8 Av (L)",618,Manhattan,36279
11/24/23,"14 St (A,C,E)/8 Av (L)",618,Manhattan,15757
11/7/23,"14 St (A,C,E)/8 Av (L)",618,Manhattan,39270
12/31/23,"14 St (F,M,1,2,3)/6 Av (L)",601,Manhattan,534
12/30/23,"14 St (F,M,1,2,3)/6 Av (L)",601,Manhattan,27920
12/29/23,"14 St (F,M,1,2,3)/6 Av (L)",601,Manhattan,32164
12/28/23,"14 St (F,M,1,2,3)/6 Av (L)",601,Manhattan,29392
12/27/23,"14 St (F,M,1,2,3)/6 Av (L)",601,Manhattan,26959
12/26/23,"14 St (F,M,1,2,3)/6 Av (L)",601,Manhattan,23139
12/25/23,"14 St (F,M,1,2,3)/6 Av (L)",601,Manhattan,10187
12/23/23,"14 St (F,M,1,2,3)/6 Av (L)",601,Manhattan,25138
12/22/23,"14 St (F,M,1,2,3)/6 Av (L)",601,Manhattan,34339
12/21/23,"14 St (F,M,1,2,3)/6 Av (L)",601,Manhattan,37585
12/20/23,"14 St (F,M,1,2,3)/6 Av (L)",601,Manhattan,40072
12/19/23,"14 St (F,M,1,2,3)/6 Av (L)",601,Manhattan,40712
12/18/23,"14 St (F,M,1,2,3)/6 Av (L)",601,Manhattan,34198
12/17/23,"14 St (F,M,1,2,3)/6 Av (L)",601,Manhattan,26603
12/16/23,"14 St (F,M,1,2,3)/6 Av (L)",601,Manhattan,40336
12/15/23,"14 St (F,M,1,2,3)/6 Av (L)",601,Manhattan,43936
12/14/23,"14 St (F,M,1,2,3)/6 Av (L)",601,Manhattan,47650
12/13/23,"14 St (F,M,1,2,3)/6 Av (L)",601,Manhattan,46622
12/12/23,"14 St (F,M,1,2,3)/6 Av (L)",601,Manhattan,46511
12/11/23,"14 St (F,M,1,2,3)/6 Av (L)",601,Manhattan,42578
12/10/23,"14 St (F,M,1,2,3)/6 Av (L)",601,Manhattan,34283
12/9/23,"14 St (F,M,1,2,3)/6 Av (L)",601,Manhattan,56064
12/8/23,"14 St (F,M,1,2,3)/6 Av (L)",601,Manhattan,51598
12/6/23,"14 St (F,M,1,2,3)/6 Av (L)",601,Manhattan,51094
12/5/23,"14 St (F,M,1,2,3)/6 Av (L)",601,Manhattan,50611
12/4/23,"14 St (F,M,1,2,3)/6 Av (L)",601,Manhattan,44627
12/3/23,"14 St (F,M,1,2,3)/6 Av (L)",601,Manhattan,34184
12/2/23,"14 St (F,M,1,2,3)/6 Av (L)",601,Manhattan,54279
12/1/23,"14 St (F,M,1,2,3)/6 Av (L)",601,Manhattan,48393
11/24/23,"14 St (F,M,1,2,3)/6 Av (L)",601,Manhattan,16474
11/7/23,"14 St (F,M,1,2,3)/6 Av (L)",601,Manhattan,53753
12/31/23,"14 St-Union Sq (L,N,Q,R,W,4,5,6)",602,Manhattan,1027
12/30/23,"14 St-Union Sq (L,N,Q,R,W,4,5,6)",602,Manhattan,46124
12/29/23,"14 St-Union Sq (L,N,Q,R,W,4,5,6)",602,Manhattan,56490
12/28/23,"14 St-Union Sq (L,N,Q,R,W,4,5,6)",602,Manhattan,51972
12/27/23,"14 St-Union Sq (L,N,Q,R,W,4,5,6)",602,Manhattan,48770
12/26/23,"14 St-Union Sq (L,N,Q,R,W,4,5,6)",602,Manhattan,44299
12/25/23,"14 St-Union Sq (L,N,Q,R,W,4,5,6)",602,Manhattan,16463
12/23/23,"14 St-Union Sq (L,N,Q,R,W,4,5,6)",602,Manhattan,52488
12/22/23,"14 St-Union Sq (L,N,Q,R,W,4,5,6)",602,Manhattan,71432
12/21/23,"14 St-Union Sq (L,N,Q,R,W,4,5,6)",602,Manhattan,75188
12/20/23,"14 St-Union Sq (L,N,Q,R,W,4,5,6)",602,Manhattan,79206
12/19/23,"14 St-Union Sq (L,N,Q,R,W,4,5,6)",602,Manhattan,78835
12/18/23,"14 St-Union Sq (L,N,Q,R,W,4,5,6)",602,Manhattan,63576
12/17/23,"14 St-Union Sq (L,N,Q,R,W,4,5,6)",602,Manhattan,45943
12/16/23,"14 St-Union Sq (L,N,Q,R,W,4,5,6)",602,Manhattan,72411
12/15/23,"14 St-Union Sq (L,N,Q,R,W,4,5,6)",602,Manhattan,80779
12/14/23,"14 St-Union Sq (L,N,Q,R,W,4,5,6)",602,Manhattan,82315
12/13/23,"14 St-Union Sq (L,N,Q,R,W,4,5,6)",602,Manhattan,83500
12/12/23,"14 St-Union Sq (L,N,Q,R,W,4,5,6)",602,Manhattan,81487
12/11/23,"14 St-Union Sq (L,N,Q,R,W,4,5,6)",602,Manhattan,69349
12/10/23,"14 St-Union Sq (L,N,Q,R,W,4,5,6)",602,Manhattan,43856
12/9/23,"14 St-Union Sq (L,N,Q,R,W,4,5,6)",602,Manhattan,75400
12/8/23,"14 St-Union Sq (L,N,Q,R,W,4,5,6)",602,Manhattan,80115
12/6/23,"14 St-Union Sq (L,N,Q,R,W,4,5,6)",602,Manhattan,81539
12/5/23,"14 St-Union Sq (L,N,Q,R,W,4,5,6)",602,Manhattan,79561
12/4/23,"14 St-Union Sq (L,N,Q,R,W,4,5,6)",602,Manhattan,70490
12/3/23,"14 St-Union Sq (L,N,Q,R,W,4,5,6)",602,Manhattan,44606
12/2/23,"14 St-Union Sq (L,N,Q,R,W,4,5,6)",602,Manhattan,73737
12/1/23,"14 St-Union Sq (L,N,Q,R,W,4,5,6)",602,Manhattan,73039
11/24/23,"14 St-Union Sq (L,N,Q,R,W,4,5,6)",602,Manhattan,33766
11/7/23,"14 St-Union Sq (L,N,Q,R,W,4,5,6)",602,Manhattan,79877
12/31/23,145 St (1),304,Manhattan,50
12/30/23,145 St (1),304,Manhattan,4806
12/29/23,145 St (1),304,Manhattan,5766
12/28/23,145 St (1),304,Manhattan,5149
12/27/23,145 St (1),304,Manhattan,5039
12/26/23,145 St (1),304,Manhattan,4525
12/25/23,145 St (1),304,Manhattan,2243
12/23/23,145 St (1),304,Manhattan,4567
12/22/23,145 St (1),304,Manhattan,6341
12/21/23,145 St (1),304,Manhattan,6126
12/20/23,145 St (1),304,Manhattan,6639
12/19/23,145 St (1),304,Manhattan,6506
12/18/23,145 St (1),304,Manhattan,3764
12/17/23,145 St (1),304,Manhattan,4
12/16/23,145 St (1),304,Manhattan,8
12/15/23,145 St (1),304,Manhattan,7406
12/14/23,145 St (1),304,Manhattan,7101
12/13/23,145 St (1),304,Manhattan,7079
12/12/23,145 St (1),304,Manhattan,6860
12/11/23,145 St (1),304,Manhattan,6656
12/10/23,145 St (1),304,Manhattan,6110
12/9/23,145 St (1),304,Manhattan,8600
12/8/23,145 St (1),304,Manhattan,7551
12/6/23,145 St (1),304,Manhattan,6903
12/5/23,145 St (1),304,Manhattan,7083
12/4/23,145 St (1),304,Manhattan,6875
12/3/23,145 St (1),304,Manhattan,4297
12/2/23,145 St (1),304,Manhattan,6058
12/1/23,145 St (1),304,Manhattan,6863
11/24/23,145 St (1),304,Manhattan,3376
11/7/23,145 St (1),304,Manhattan,7058
12/31/23,145 St (3),437,Manhattan,3
12/30/23,145 St (3),437,Manhattan,1157
12/29/23,145 St (3),437,Manhattan,1634
12/28/23,145 St (3),437,Manhattan,1580
12/27/23,145 St (3),437,Manhattan,1566
12/26/23,145 St (3),437,Manhattan,1442
12/25/23,145 St (3),437,Manhattan,669
12/23/23,145 St (3),437,Manhattan,1161
12/22/23,145 St (3),437,Manhattan,1897
12/21/23,145 St (3),437,Manhattan,1992
12/20/23,145 St (3),437,Manhattan,2108
12/19/23,145 St (3),437,Manhattan,2061
12/18/23,145 St (3),437,Manhattan,1790
12/17/23,145 St (3),437,Manhattan,903
12/16/23,145 St (3),437,Manhattan,1308
12/15/23,145 St (3),437,Manhattan,2247
12/14/23,145 St (3),437,Manhattan,2147
12/13/23,145 St (3),437,Manhattan,2070
12/12/23,145 St (3),437,Manhattan,2114
12/11/23,145 St (3),437,Manhattan,1936
12/10/23,145 St (3),437,Manhattan,817
12/9/23,145 St (3),437,Manhattan,1287
12/8/23,145 St (3),437,Manhattan,2109
12/6/23,145 St (3),437,Manhattan,2162
12/5/23,145 St (3),437,Manhattan,2209
12/4/23,145 St (3),437,Manhattan,2026
12/3/23,145 St (3),437,Manhattan,891
12/2/23,145 St (3),437,Manhattan,1272
12/1/23,145 St (3),437,Manhattan,2086
11/24/23,145 St (3),437,Manhattan,919
11/7/23,145 St (3),437,Manhattan,2108
12/31/23,"145 St (A,C,B,D)",151,Manhattan,81
12/30/23,"145 St (A,C,B,D)",151,Manhattan,9803
12/29/23,"145 St (A,C,B,D)",151,Manhattan,12124
12/28/23,"145 St (A,C,B,D)",151,Manhattan,11243
12/27/23,"145 St (A,C,B,D)",151,Manhattan,10777
12/26/23,"145 St (A,C,B,D)",151,Manhattan,9564
12/25/23,"145 St (A,C,B,D)",151,Manhattan,4874
12/23/23,"145 St (A,C,B,D)",151,Manhattan,9414
12/22/23,"145 St (A,C,B,D)",151,Manhattan,13362
12/21/23,"145 St (A,C,B,D)",151,Manhattan,14445
12/20/23,"145 St (A,C,B,D)",151,Manhattan,15697
12/19/23,"145 St (A,C,B,D)",151,Manhattan,15456
12/18/23,"145 St (A,C,B,D)",151,Manhattan,14128
12/17/23,"145 St (A,C,B,D)",151,Manhattan,9211
12/16/23,"145 St (A,C,B,D)",151,Manhattan,13628
12/15/23,"145 St (A,C,B,D)",151,Manhattan,16047
12/14/23,"145 St (A,C,B,D)",151,Manhattan,16631
12/13/23,"145 St (A,C,B,D)",151,Manhattan,16152
12/12/23,"145 St (A,C,B,D)",151,Manhattan,15585
12/11/23,"145 St (A,C,B,D)",151,Manhattan,16189
12/10/23,"145 St (A,C,B,D)",151,Manhattan,8079
12/9/23,"145 St (A,C,B,D)",151,Manhattan,11659
12/8/23,"145 St (A,C,B,D)",151,Manhattan,15475
12/6/23,"145 St (A,C,B,D)",151,Manhattan,17866
12/5/23,"145 St (A,C,B,D)",151,Manhattan,17567
12/4/23,"145 St (A,C,B,D)",151,Manhattan,16488
12/3/23,"145 St (A,C,B,D)",151,Manhattan,7554
12/2/23,"145 St (A,C,B,D)",151,Manhattan,11210
12/1/23,"145 St (A,C,B,D)",151,Manhattan,15538
11/24/23,"145 St (A,C,B,D)",151,Manhattan,7112
11/7/23,"145 St (A,C,B,D)",151,Manhattan,17094
12/31/23,"149 St-Grand Concourse (2,4,5)",603,Bronx,81
12/30/23,"149 St-Grand Concourse (2,4,5)",603,Bronx,3474
12/29/23,"149 St-Grand Concourse (2,4,5)",603,Bronx,5321
12/28/23,"149 St-Grand Concourse (2,4,5)",603,Bronx,5164
12/27/23,"149 St-Grand Concourse (2,4,5)",603,Bronx,5007
12/26/23,"149 St-Grand Concourse (2,4,5)",603,Bronx,4444
12/25/23,"149 St-Grand Concourse (2,4,5)",603,Bronx,2186
12/23/23,"149 St-Grand Concourse (2,4,5)",603,Bronx,3711
12/22/23,"149 St-Grand Concourse (2,4,5)",603,Bronx,5656
12/21/23,"149 St-Grand Concourse (2,4,5)",603,Bronx,6227
12/20/23,"149 St-Grand Concourse (2,4,5)",603,Bronx,6842
12/19/23,"149 St-Grand Concourse (2,4,5)",603,Bronx,6910
12/18/23,"149 St-Grand Concourse (2,4,5)",603,Bronx,6651
12/17/23,"149 St-Grand Concourse (2,4,5)",603,Bronx,3294
12/16/23,"149 St-Grand Concourse (2,4,5)",603,Bronx,4132
12/15/23,"149 St-Grand Concourse (2,4,5)",603,Bronx,7048
12/14/23,"149 St-Grand Concourse (2,4,5)",603,Bronx,7237
12/13/23,"149 St-Grand Concourse (2,4,5)",603,Bronx,7229
12/12/23,"149 St-Grand Concourse (2,4,5)",603,Bronx,7289
12/11/23,"149 St-Grand Concourse (2,4,5)",603,Bronx,7077
12/10/23,"149 St-Grand Concourse (2,4,5)",603,Bronx,3391
12/9/23,"149 St-Grand Concourse (2,4,5)",603,Bronx,4429
12/8/23,"149 St-Grand Concourse (2,4,5)",603,Bronx,7359
12/6/23,"149 St-Grand Concourse (2,4,5)",603,Bronx,8175
12/5/23,"149 St-Grand Concourse (2,4,5)",603,Bronx,8123
12/4/23,"149 St-Grand Concourse (2,4,5)",603,Bronx,7689
12/3/23,"149 St-Grand Concourse (2,4,5)",603,Bronx,3240
12/2/23,"149 St-Grand Concourse (2,4,5)",603,Bronx,4362
12/1/23,"149 St-Grand Concourse (2,4,5)",603,Bronx,7031
11/24/23,"149 St-Grand Concourse (2,4,5)",603,Bronx,2674
11/7/23,"149 St-Grand Concourse (2,4,5)",603,Bronx,8080
12/31/23,"15 St-Prospect Park (F,G)",241,Brooklyn,15
12/30/23,"15 St-Prospect Park (F,G)",241,Brooklyn,2793
12/29/23,"15 St-Prospect Park (F,G)",241,Brooklyn,3343
12/28/23,"15 St-Prospect Park (F,G)",241,Brooklyn,3070
12/27/23,"15 St-Prospect Park (F,G)",241,Brooklyn,2921
12/26/23,"15 St-Prospect Park (F,G)",241,Brooklyn,2509
12/25/23,"15 St-Prospect Park (F,G)",241,Brooklyn,1272
12/23/23,"15 St-Prospect Park (F,G)",241,Brooklyn,2542
12/22/23,"15 St-Prospect Park (F,G)",241,Brooklyn,4351
12/21/23,"15 St-Prospect Park (F,G)",241,Brooklyn,4681
12/20/23,"15 St-Prospect Park (F,G)",241,Brooklyn,5131
12/19/23,"15 St-Prospect Park (F,G)",241,Brooklyn,5081
12/18/23,"15 St-Prospect Park (F,G)",241,Brooklyn,4410
12/17/23,"15 St-Prospect Park (F,G)",241,Brooklyn,2646
12/16/23,"15 St-Prospect Park (F,G)",241,Brooklyn,3813
12/15/23,"15 St-Prospect Park (F,G)",241,Brooklyn,4995
12/14/23,"15 St-Prospect Park (F,G)",241,Brooklyn,5308
12/13/23,"15 St-Prospect Park (F,G)",241,Brooklyn,5283
12/12/23,"15 St-Prospect Park (F,G)",241,Brooklyn,5040
12/11/23,"15 St-Prospect Park (F,G)",241,Brooklyn,4545
12/10/23,"15 St-Prospect Park (F,G)",241,Brooklyn,2444
12/9/23,"15 St-Prospect Park (F,G)",241,Brooklyn,4783
12/8/23,"15 St-Prospect Park (F,G)",241,Brooklyn,4909
12/6/23,"15 St-Prospect Park (F,G)",241,Brooklyn,5243
12/5/23,"15 St-Prospect Park (F,G)",241,Brooklyn,5007
12/4/23,"15 St-Prospect Park (F,G)",241,Brooklyn,4660
12/3/23,"15 St-Prospect Park (F,G)",241,Brooklyn,2551
12/2/23,"15 St-Prospect Park (F,G)",241,Brooklyn,3882
12/1/23,"15 St-Prospect Park (F,G)",241,Brooklyn,4798
11/24/23,"15 St-Prospect Park (F,G)",241,Brooklyn,1600
11/7/23,"15 St-Prospect Park (F,G)",241,Brooklyn,5157
12/31/23,"155 St (B,D)",220,Manhattan,6
12/30/23,"155 St (B,D)",220,Manhattan,1171
12/29/23,"155 St (B,D)",220,Manhattan,1571
12/28/23,"155 St (B,D)",220,Manhattan,1522
12/27/23,"155 St (B,D)",220,Manhattan,1583
12/26/23,"155 St (B,D)",220,Manhattan,1423
12/25/23,"155 St (B,D)",220,Manhattan,776
12/23/23,"155 St (B,D)",220,Manhattan,1103
12/22/23,"155 St (B,D)",220,Manhattan,1689
12/21/23,"155 St (B,D)",220,Manhattan,1899
12/20/23,"155 St (B,D)",220,Manhattan,1951
12/19/23,"155 St (B,D)",220,Manhattan,1934
12/18/23,"155 St (B,D)",220,Manhattan,1636
12/17/23,"155 St (B,D)",220,Manhattan,709
12/16/23,"155 St (B,D)",220,Manhattan,1063
12/15/23,"155 St (B,D)",220,Manhattan,1978
12/14/23,"155 St (B,D)",220,Manhattan,1981
12/13/23,"155 St (B,D)",220,Manhattan,1944
12/12/23,"155 St (B,D)",220,Manhattan,1901
12/11/23,"155 St (B,D)",220,Manhattan,1774
12/10/23,"155 St (B,D)",220,Manhattan,739
12/9/23,"155 St (B,D)",220,Manhattan,1070
12/8/23,"155 St (B,D)",220,Manhattan,1926
12/6/23,"155 St (B,D)",220,Manhattan,2071
12/5/23,"155 St (B,D)",220,Manhattan,2008
12/4/23,"155 St (B,D)",220,Manhattan,1948
12/3/23,"155 St (B,D)",220,Manhattan,624
12/2/23,"155 St (B,D)",220,Manhattan,935
12/1/23,"155 St (B,D)",220,Manhattan,1983
11/24/23,"155 St (B,D)",220,Manhattan,875
11/7/23,"155 St (B,D)",220,Manhattan,1908
12/31/23,155 St (C),150,Manhattan,14
12/30/23,155 St (C),150,Manhattan,1126
12/29/23,155 St (C),150,Manhattan,1423
12/28/23,155 St (C),150,Manhattan,1350
12/27/23,155 St (C),150,Manhattan,1242
12/26/23,155 St (C),150,Manhattan,1122
12/25/23,155 St (C),150,Manhattan,552
12/23/23,155 St (C),150,Manhattan,1085
12/22/23,155 St (C),150,Manhattan,1623
12/21/23,155 St (C),150,Manhattan,1852
12/20/23,155 St (C),150,Manhattan,1780
12/19/23,155 St (C),150,Manhattan,1800
12/18/23,155 St (C),150,Manhattan,1616
12/17/23,155 St (C),150,Manhattan,1652
12/16/23,155 St (C),150,Manhattan,2224
12/15/23,155 St (C),150,Manhattan,1835
12/14/23,155 St (C),150,Manhattan,1902
12/13/23,155 St (C),150,Manhattan,1865
12/12/23,155 St (C),150,Manhattan,1816
12/11/23,155 St (C),150,Manhattan,1657
12/10/23,155 St (C),150,Manhattan,847
12/9/23,155 St (C),150,Manhattan,1204
12/8/23,155 St (C),150,Manhattan,1850
12/6/23,155 St (C),150,Manhattan,1873
12/5/23,155 St (C),150,Manhattan,1799
12/4/23,155 St (C),150,Manhattan,1653
12/3/23,155 St (C),150,Manhattan,794
12/2/23,155 St (C),150,Manhattan,995
12/1/23,155 St (C),150,Manhattan,1890
11/24/23,155 St (C),150,Manhattan,891
11/7/23,155 St (C),150,Manhattan,1840
12/31/23,157 St (1),303,Manhattan,31
12/30/23,157 St (1),303,Manhattan,4938
12/29/23,157 St (1),303,Manhattan,6280
12/28/23,157 St (1),303,Manhattan,6010
12/27/23,157 St (1),303,Manhattan,5684
12/26/23,157 St (1),303,Manhattan,4968
12/25/23,157 St (1),303,Manhattan,2466
12/23/23,157 St (1),303,Manhattan,4873
12/22/23,157 St (1),303,Manhattan,7066
12/21/23,157 St (1),303,Manhattan,6955
12/20/23,157 St (1),303,Manhattan,7343
12/19/23,157 St (1),303,Manhattan,7407
12/18/23,157 St (1),303,Manhattan,6184
12/17/23,157 St (1),303,Manhattan,12
12/16/23,157 St (1),303,Manhattan,11
12/15/23,157 St (1),303,Manhattan,7934
12/14/23,157 St (1),303,Manhattan,7991
12/13/23,157 St (1),303,Manhattan,7681
12/12/23,157 St (1),303,Manhattan,7968
12/11/23,157 St (1),303,Manhattan,7521
12/10/23,157 St (1),303,Manhattan,4584
12/9/23,157 St (1),303,Manhattan,6244
12/8/23,157 St (1),303,Manhattan,8143
12/6/23,157 St (1),303,Manhattan,7873
12/5/23,157 St (1),303,Manhattan,7802
12/4/23,157 St (1),303,Manhattan,7458
12/3/23,157 St (1),303,Manhattan,4604
12/2/23,157 St (1),303,Manhattan,6256
12/1/23,157 St (1),303,Manhattan,7719
11/24/23,157 St (1),303,Manhattan,3801
11/7/23,157 St (1),303,Manhattan,8007
12/31/23,"161 St-Yankee Stadium (B,D,4)",604,Bronx,68
12/30/23,"161 St-Yankee Stadium (B,D,4)",604,Bronx,8588
12/29/23,"161 St-Yankee Stadium (B,D,4)",604,Bronx,12616
12/28/23,"161 St-Yankee Stadium (B,D,4)",604,Bronx,19835
12/27/23,"161 St-Yankee Stadium (B,D,4)",604,Bronx,11451
12/26/23,"161 St-Yankee Stadium (B,D,4)",604,Bronx,10863
12/25/23,"161 St-Yankee Stadium (B,D,4)",604,Bronx,4818
12/23/23,"161 St-Yankee Stadium (B,D,4)",604,Bronx,7926
12/22/23,"161 St-Yankee Stadium (B,D,4)",604,Bronx,13241
12/21/23,"161 St-Yankee Stadium (B,D,4)",604,Bronx,14264
12/20/23,"161 St-Yankee Stadium (B,D,4)",604,Bronx,14358
12/19/23,"161 St-Yankee Stadium (B,D,4)",604,Bronx,14677
12/18/23,"161 St-Yankee Stadium (B,D,4)",604,Bronx,13185
12/17/23,"161 St-Yankee Stadium (B,D,4)",604,Bronx,7883
12/16/23,"161 St-Yankee Stadium (B,D,4)",604,Bronx,10825
12/15/23,"161 St-Yankee Stadium (B,D,4)",604,Bronx,14964
12/14/23,"161 St-Yankee Stadium (B,D,4)",604,Bronx,14873
12/13/23,"161 St-Yankee Stadium (B,D,4)",604,Bronx,14784
12/12/23,"161 St-Yankee Stadium (B,D,4)",604,Bronx,14826
12/11/23,"161 St-Yankee Stadium (B,D,4)",604,Bronx,14469
12/10/23,"161 St-Yankee Stadium (B,D,4)",604,Bronx,6310
12/9/23,"161 St-Yankee Stadium (B,D,4)",604,Bronx,9135
12/8/23,"161 St-Yankee Stadium (B,D,4)",604,Bronx,14941
12/6/23,"161 St-Yankee Stadium (B,D,4)",604,Bronx,15159
12/5/23,"161 St-Yankee Stadium (B,D,4)",604,Bronx,15367
12/4/23,"161 St-Yankee Stadium (B,D,4)",604,Bronx,15292
12/3/23,"161 St-Yankee Stadium (B,D,4)",604,Bronx,7386
12/2/23,"161 St-Yankee Stadium (B,D,4)",604,Bronx,9890
12/1/23,"161 St-Yankee Stadium (B,D,4)",604,Bronx,14564
11/24/23,"161 St-Yankee Stadium (B,D,4)",604,Bronx,6174
11/7/23,"161 St-Yankee Stadium (B,D,4)",604,Bronx,14834
12/31/23,163 St-Amsterdam Av (C),149,Manhattan,13
12/30/23,163 St-Amsterdam Av (C),149,Manhattan,1839
12/29/23,163 St-Amsterdam Av (C),149,Manhattan,2369
12/28/23,163 St-Amsterdam Av (C),149,Manhattan,2312
12/27/23,163 St-Amsterdam Av (C),149,Manhattan,2190
12/26/23,163 St-Amsterdam Av (C),149,Manhattan,1946
12/25/23,163 St-Amsterdam Av (C),149,Manhattan,969
12/23/23,163 St-Amsterdam Av (C),149,Manhattan,1749
12/22/23,163 St-Amsterdam Av (C),149,Manhattan,2591
12/21/23,163 St-Amsterdam Av (C),149,Manhattan,2720
12/20/23,163 St-Amsterdam Av (C),149,Manhattan,2846
12/19/23,163 St-Amsterdam Av (C),149,Manhattan,2675
12/18/23,163 St-Amsterdam Av (C),149,Manhattan,2518
12/17/23,163 St-Amsterdam Av (C),149,Manhattan,2062
12/16/23,163 St-Amsterdam Av (C),149,Manhattan,2699
12/15/23,163 St-Amsterdam Av (C),149,Manhattan,2830
12/14/23,163 St-Amsterdam Av (C),149,Manhattan,2801
12/13/23,163 St-Amsterdam Av (C),149,Manhattan,2931
12/12/23,163 St-Amsterdam Av (C),149,Manhattan,2823
12/11/23,163 St-Amsterdam Av (C),149,Manhattan,2608
12/10/23,163 St-Amsterdam Av (C),149,Manhattan,1322
12/9/23,163 St-Amsterdam Av (C),149,Manhattan,1894
12/8/23,163 St-Amsterdam Av (C),149,Manhattan,2946
12/6/23,163 St-Amsterdam Av (C),149,Manhattan,2864
12/5/23,163 St-Amsterdam Av (C),149,Manhattan,2889
12/4/23,163 St-Amsterdam Av (C),149,Manhattan,2640
12/3/23,163 St-Amsterdam Av (C),149,Manhattan,1333
12/2/23,163 St-Amsterdam Av (C),149,Manhattan,1721
12/1/23,163 St-Amsterdam Av (C),149,Manhattan,2691
11/24/23,163 St-Amsterdam Av (C),149,Manhattan,1311
11/7/23,163 St-Amsterdam Av (C),149,Manhattan,2927
12/31/23,167 St (4),388,Bronx,13
12/30/23,167 St (4),388,Bronx,3422
12/29/23,167 St (4),388,Bronx,4777
12/28/23,167 St (4),388,Bronx,4906
12/27/23,167 St (4),388,Bronx,4699
12/26/23,167 St (4),388,Bronx,4245
12/25/23,167 St (4),388,Bronx,2113
12/23/23,167 St (4),388,Bronx,3216
12/22/23,167 St (4),388,Bronx,5162
12/21/23,167 St (4),388,Bronx,5360
12/20/23,167 St (4),388,Bronx,5694
12/19/23,167 St (4),388,Bronx,5760
12/18/23,167 St (4),388,Bronx,5168
12/17/23,167 St (4),388,Bronx,3856
12/16/23,167 St (4),388,Bronx,5487
12/15/23,167 St (4),388,Bronx,5606
12/14/23,167 St (4),388,Bronx,5838
12/13/23,167 St (4),388,Bronx,5717
12/12/23,167 St (4),388,Bronx,5889
12/11/23,167 St (4),388,Bronx,5542
12/10/23,167 St (4),388,Bronx,2504
12/9/23,167 St (4),388,Bronx,3833
12/8/23,167 St (4),388,Bronx,5956
12/6/23,167 St (4),388,Bronx,5962
12/5/23,167 St (4),388,Bronx,5886
12/4/23,167 St (4),388,Bronx,5768
12/3/23,167 St (4),388,Bronx,3711
12/2/23,167 St (4),388,Bronx,5322
12/1/23,167 St (4),388,Bronx,5594
11/24/23,167 St (4),388,Bronx,2397
11/7/23,167 St (4),388,Bronx,5845
12/31/23,"167 St (B,D)",218,Bronx,16
12/30/23,"167 St (B,D)",218,Bronx,3368
12/29/23,"167 St (B,D)",218,Bronx,4714
12/28/23,"167 St (B,D)",218,Bronx,4600
12/27/23,"167 St (B,D)",218,Bronx,4746
12/26/23,"167 St (B,D)",218,Bronx,4448
12/25/23,"167 St (B,D)",218,Bronx,1936
12/23/23,"167 St (B,D)",218,Bronx,3403
12/22/23,"167 St (B,D)",218,Bronx,5454
12/21/23,"167 St (B,D)",218,Bronx,5670
12/20/23,"167 St (B,D)",218,Bronx,5709
12/19/23,"167 St (B,D)",218,Bronx,5162
12/18/23,"167 St (B,D)",218,Bronx,4919
12/17/23,"167 St (B,D)",218,Bronx,14
12/16/23,"167 St (B,D)",218,Bronx,15
12/15/23,"167 St (B,D)",218,Bronx,5500
12/14/23,"167 St (B,D)",218,Bronx,5613
12/13/23,"167 St (B,D)",218,Bronx,5916
12/12/23,"167 St (B,D)",218,Bronx,5813
12/11/23,"167 St (B,D)",218,Bronx,5949
12/10/23,"167 St (B,D)",218,Bronx,2441
12/9/23,"167 St (B,D)",218,Bronx,3491
12/8/23,"167 St (B,D)",218,Bronx,5236
12/6/23,"167 St (B,D)",218,Bronx,5922
12/5/23,"167 St (B,D)",218,Bronx,5825
12/4/23,"167 St (B,D)",218,Bronx,5452
12/3/23,"167 St (B,D)",218,Bronx,14
12/2/23,"167 St (B,D)",218,Bronx,13
12/1/23,"167 St (B,D)",218,Bronx,5661
11/24/23,"167 St (B,D)",218,Bronx,2495
11/7/23,"167 St (B,D)",218,Bronx,5813
12/31/23,"168 St (A,C,1)",605,Manhattan,76
12/30/23,"168 St (A,C,1)",605,Manhattan,7931
12/29/23,"168 St (A,C,1)",605,Manhattan,11629
12/28/23,"168 St (A,C,1)",605,Manhattan,12328
12/27/23,"168 St (A,C,1)",605,Manhattan,12748
12/26/23,"168 St (A,C,1)",605,Manhattan,10060
12/25/23,"168 St (A,C,1)",605,Manhattan,4688
12/23/23,"168 St (A,C,1)",605,Manhattan,7970
12/22/23,"168 St (A,C,1)",605,Manhattan,14514
12/21/23,"168 St (A,C,1)",605,Manhattan,17391
12/20/23,"168 St (A,C,1)",605,Manhattan,17718
12/19/23,"168 St (A,C,1)",605,Manhattan,19142
12/18/23,"168 St (A,C,1)",605,Manhattan,15733
12/17/23,"168 St (A,C,1)",605,Manhattan,7492
12/16/23,"168 St (A,C,1)",605,Manhattan,11594
12/15/23,"168 St (A,C,1)",605,Manhattan,17712
12/14/23,"168 St (A,C,1)",605,Manhattan,19263
12/13/23,"168 St (A,C,1)",605,Manhattan,19624
12/12/23,"168 St (A,C,1)",605,Manhattan,19955
12/11/23,"168 St (A,C,1)",605,Manhattan,17553
12/10/23,"168 St (A,C,1)",605,Manhattan,7058
12/9/23,"168 St (A,C,1)",605,Manhattan,10547
12/8/23,"168 St (A,C,1)",605,Manhattan,19184
12/6/23,"168 St (A,C,1)",605,Manhattan,19454
12/5/23,"168 St (A,C,1)",605,Manhattan,19643
12/4/23,"168 St (A,C,1)",605,Manhattan,18006
12/3/23,"168 St (A,C,1)",605,Manhattan,7526
12/2/23,"168 St (A,C,1)",605,Manhattan,10133
12/1/23,"168 St (A,C,1)",605,Manhattan,18101
11/24/23,"168 St (A,C,1)",605,Manhattan,6184
11/7/23,"168 St (A,C,1)",605,Manhattan,19368
12/31/23,169 St (F),255,Queens,10
12/30/23,169 St (F),255,Queens,3433
12/29/23,169 St (F),255,Queens,5206
12/28/23,169 St (F),255,Queens,5106
12/27/23,169 St (F),255,Queens,4899
12/26/23,169 St (F),255,Queens,4886
12/25/23,169 St (F),255,Queens,2118
12/23/23,169 St (F),255,Queens,3130
12/22/23,169 St (F),255,Queens,5806
12/21/23,169 St (F),255,Queens,6301
12/20/23,169 St (F),255,Queens,6365
12/19/23,169 St (F),255,Queens,6387
12/18/23,169 St (F),255,Queens,5551
12/17/23,169 St (F),255,Queens,2303
12/16/23,169 St (F),255,Queens,3484
12/15/23,169 St (F),255,Queens,6326
12/14/23,169 St (F),255,Queens,6390
12/13/23,169 St (F),255,Queens,6331
12/12/23,169 St (F),255,Queens,6379
12/11/23,169 St (F),255,Queens,5909
12/10/23,169 St (F),255,Queens,1476
12/9/23,169 St (F),255,Queens,2867
12/8/23,169 St (F),255,Queens,6071
12/6/23,169 St (F),255,Queens,6521
12/5/23,169 St (F),255,Queens,6789
12/4/23,169 St (F),255,Queens,6623
12/3/23,169 St (F),255,Queens,2254
12/2/23,169 St (F),255,Queens,3721
12/1/23,169 St (F),255,Queens,6111
11/24/23,169 St (F),255,Queens,2577
11/7/23,169 St (F),255,Queens,6506
12/31/23,170 St (4),387,Bronx,3
12/30/23,170 St (4),387,Bronx,2328
12/29/23,170 St (4),387,Bronx,3396
12/28/23,170 St (4),387,Bronx,3336
12/27/23,170 St (4),387,Bronx,3174
12/26/23,170 St (4),387,Bronx,2992
12/25/23,170 St (4),387,Bronx,1499
12/23/23,170 St (4),387,Bronx,2208
12/22/23,170 St (4),387,Bronx,3601
12/21/23,170 St (4),387,Bronx,4252
12/20/23,170 St (4),387,Bronx,4075
12/19/23,170 St (4),387,Bronx,4597
12/18/23,170 St (4),387,Bronx,3712
12/17/23,170 St (4),387,Bronx,3155
12/16/23,170 St (4),387,Bronx,4282
12/15/23,170 St (4),387,Bronx,4297
12/14/23,170 St (4),387,Bronx,4166
12/13/23,170 St (4),387,Bronx,4332
12/12/23,170 St (4),387,Bronx,4481
12/11/23,170 St (4),387,Bronx,3954
12/10/23,170 St (4),387,Bronx,1733
12/9/23,170 St (4),387,Bronx,2636
12/8/23,170 St (4),387,Bronx,3983
12/6/23,170 St (4),387,Bronx,4108
12/5/23,170 St (4),387,Bronx,4523
12/4/23,170 St (4),387,Bronx,4135
12/3/23,170 St (4),387,Bronx,2369
12/2/23,170 St (4),387,Bronx,3422
12/1/23,170 St (4),387,Bronx,3857
11/24/23,170 St (4),387,Bronx,1556
11/7/23,170 St (4),387,Bronx,4118
12/31/23,"170 St (B,D)",217,Bronx,3
12/30/23,"170 St (B,D)",217,Bronx,1815
12/29/23,"170 St (B,D)",217,Bronx,2908
12/28/23,"170 St (B,D)",217,Bronx,2946
12/27/23,"170 St (B,D)",217,Bronx,2791
12/26/23,"170 St (B,D)",217,Bronx,2794
12/25/23,"170 St (B,D)",217,Bronx,1188
12/23/23,"170 St (B,D)",217,Bronx,2081
12/22/23,"170 St (B,D)",217,Bronx,3513
12/21/23,"170 St (B,D)",217,Bronx,3541
12/20/23,"170 St (B,D)",217,Bronx,3528
12/19/23,"170 St (B,D)",217,Bronx,3605
12/18/23,"170 St (B,D)",217,Bronx,3134
12/17/23,"170 St (B,D)",217,Bronx,16
12/16/23,"170 St (B,D)",217,Bronx,17
12/15/23,"170 St (B,D)",217,Bronx,3641
12/14/23,"170 St (B,D)",217,Bronx,3924
12/13/23,"170 St (B,D)",217,Bronx,3838
12/12/23,"170 St (B,D)",217,Bronx,3677
12/11/23,"170 St (B,D)",217,Bronx,3458
12/10/23,"170 St (B,D)",217,Bronx,1446
12/9/23,"170 St (B,D)",217,Bronx,1985
12/8/23,"170 St (B,D)",217,Bronx,3704
12/6/23,"170 St (B,D)",217,Bronx,3687
12/5/23,"170 St (B,D)",217,Bronx,3760
12/4/23,"170 St (B,D)",217,Bronx,3563
12/3/23,"170 St (B,D)",217,Bronx,12
12/2/23,"170 St (B,D)",217,Bronx,13
12/1/23,"170 St (B,D)",217,Bronx,3571
11/24/23,"170 St (B,D)",217,Bronx,1527
11/7/23,"170 St (B,D)",217,Bronx,3783
12/31/23,"174 St (2,5)",428,Bronx,17
12/30/23,"174 St (2,5)",428,Bronx,2110
12/29/23,"174 St (2,5)",428,Bronx,3085
12/28/23,"174 St (2,5)",428,Bronx,3029
12/27/23,"174 St (2,5)",428,Bronx,2786
12/26/23,"174 St (2,5)",428,Bronx,2795
12/25/23,"174 St (2,5)",428,Bronx,1197
12/23/23,"174 St (2,5)",428,Bronx,2030
12/22/23,"174 St (2,5)",428,Bronx,3519
12/21/23,"174 St (2,5)",428,Bronx,3735
12/20/23,"174 St (2,5)",428,Bronx,3680
12/19/23,"174 St (2,5)",428,Bronx,3859
12/18/23,"174 St (2,5)",428,Bronx,3325
12/17/23,"174 St (2,5)",428,Bronx,1560
12/16/23,"174 St (2,5)",428,Bronx,2305
12/15/23,"174 St (2,5)",428,Bronx,3863
12/14/23,"174 St (2,5)",428,Bronx,3873
12/13/23,"174 St (2,5)",428,Bronx,3617
12/12/23,"174 St (2,5)",428,Bronx,3866
12/11/23,"174 St (2,5)",428,Bronx,3542
12/10/23,"174 St (2,5)",428,Bronx,1343
12/9/23,"174 St (2,5)",428,Bronx,2200
12/8/23,"174 St (2,5)",428,Bronx,3870
12/6/23,"174 St (2,5)",428,Bronx,3658
12/5/23,"174 St (2,5)",428,Bronx,3961
12/4/23,"174 St (2,5)",428,Bronx,3805
12/3/23,"174 St (2,5)",428,Bronx,1420
12/2/23,"174 St (2,5)",428,Bronx,2245
12/1/23,"174 St (2,5)",428,Bronx,3855
11/24/23,"174 St (2,5)",428,Bronx,1463
11/7/23,"174 St (2,5)",428,Bronx,3938
12/31/23,"174-175 Sts (B,D)",216,Bronx,18
12/30/23,"174-175 Sts (B,D)",216,Bronx,1442
12/29/23,"174-175 Sts (B,D)",216,Bronx,2521
12/28/23,"174-175 Sts (B,D)",216,Bronx,2386
12/27/23,"174-175 Sts (B,D)",216,Bronx,2441
12/26/23,"174-175 Sts (B,D)",216,Bronx,2167
12/25/23,"174-175 Sts (B,D)",216,Bronx,965
12/23/23,"174-175 Sts (B,D)",216,Bronx,1548
12/22/23,"174-175 Sts (B,D)",216,Bronx,2721
12/21/23,"174-175 Sts (B,D)",216,Bronx,2892
12/20/23,"174-175 Sts (B,D)",216,Bronx,2884
12/19/23,"174-175 Sts (B,D)",216,Bronx,2936
12/18/23,"174-175 Sts (B,D)",216,Bronx,2505
12/17/23,"174-175 Sts (B,D)",216,Bronx,12
12/16/23,"174-175 Sts (B,D)",216,Bronx,19
12/15/23,"174-175 Sts (B,D)",216,Bronx,2909
12/14/23,"174-175 Sts (B,D)",216,Bronx,2935
12/13/23,"174-175 Sts (B,D)",216,Bronx,2964
12/12/23,"174-175 Sts (B,D)",216,Bronx,2907
12/11/23,"174-175 Sts (B,D)",216,Bronx,2610
12/10/23,"174-175 Sts (B,D)",216,Bronx,973
12/9/23,"174-175 Sts (B,D)",216,Bronx,1471
12/8/23,"174-175 Sts (B,D)",216,Bronx,2815
12/6/23,"174-175 Sts (B,D)",216,Bronx,2920
12/5/23,"174-175 Sts (B,D)",216,Bronx,2952
12/4/23,"174-175 Sts (B,D)",216,Bronx,2778
12/3/23,"174-175 Sts (B,D)",216,Bronx,5
12/2/23,"174-175 Sts (B,D)",216,Bronx,8
12/1/23,"174-175 Sts (B,D)",216,Bronx,2819
11/24/23,"174-175 Sts (B,D)",216,Bronx,1229
11/7/23,"174-175 Sts (B,D)",216,Bronx,2802
12/31/23,175 St (A),147,Manhattan,20
12/30/23,175 St (A),147,Manhattan,4886
12/29/23,175 St (A),147,Manhattan,6499
12/28/23,175 St (A),147,Manhattan,6199
12/27/23,175 St (A),147,Manhattan,5967
12/26/23,175 St (A),147,Manhattan,5672
12/25/23,175 St (A),147,Manhattan,2645
12/23/23,175 St (A),147,Manhattan,4887
12/22/23,175 St (A),147,Manhattan,6888
12/21/23,175 St (A),147,Manhattan,7358
12/20/23,175 St (A),147,Manhattan,7450
12/19/23,175 St (A),147,Manhattan,7205
12/18/23,175 St (A),147,Manhattan,6639
12/17/23,175 St (A),147,Manhattan,4376
12/16/23,175 St (A),147,Manhattan,6279
12/15/23,175 St (A),147,Manhattan,7505
12/14/23,175 St (A),147,Manhattan,7850
12/13/23,175 St (A),147,Manhattan,7825
12/12/23,175 St (A),147,Manhattan,7541
12/11/23,175 St (A),147,Manhattan,7099
12/10/23,175 St (A),147,Manhattan,3491
12/9/23,175 St (A),147,Manhattan,5692
12/8/23,175 St (A),147,Manhattan,7792
12/6/23,175 St (A),147,Manhattan,7764
12/5/23,175 St (A),147,Manhattan,7816
12/4/23,175 St (A),147,Manhattan,7202
12/3/23,175 St (A),147,Manhattan,3420
12/2/23,175 St (A),147,Manhattan,4937
12/1/23,175 St (A),147,Manhattan,7439
11/24/23,175 St (A),147,Manhattan,3430
11/7/23,175 St (A),147,Manhattan,7858
12/31/23,176 St (4),385,Bronx,7
12/30/23,176 St (4),385,Bronx,1817
12/29/23,176 St (4),385,Bronx,2554
12/28/23,176 St (4),385,Bronx,2503
12/27/23,176 St (4),385,Bronx,2484
12/26/23,176 St (4),385,Bronx,2308
12/25/23,176 St (4),385,Bronx,1162
12/23/23,176 St (4),385,Bronx,1653
12/22/23,176 St (4),385,Bronx,2729
12/21/23,176 St (4),385,Bronx,3232
12/20/23,176 St (4),385,Bronx,3087
12/19/23,176 St (4),385,Bronx,3124
12/18/23,176 St (4),385,Bronx,2913
12/17/23,176 St (4),385,Bronx,1903
12/16/23,176 St (4),385,Bronx,2773
12/15/23,176 St (4),385,Bronx,3298
12/14/23,176 St (4),385,Bronx,3307
12/13/23,176 St (4),385,Bronx,3209
12/12/23,176 St (4),385,Bronx,3182
12/11/23,176 St (4),385,Bronx,3179
12/10/23,176 St (4),385,Bronx,1248
12/9/23,176 St (4),385,Bronx,2023
12/8/23,176 St (4),385,Bronx,3353
12/6/23,176 St (4),385,Bronx,3163
12/5/23,176 St (4),385,Bronx,3194
12/4/23,176 St (4),385,Bronx,3362
12/3/23,176 St (4),385,Bronx,1807
12/2/23,176 St (4),385,Bronx,2730
12/1/23,176 St (4),385,Bronx,3218
11/24/23,176 St (4),385,Bronx,1281
11/7/23,176 St (4),385,Bronx,3480
12/31/23,18 Av (D),66,Brooklyn,14
12/30/23,18 Av (D),66,Brooklyn,3022
12/29/23,18 Av (D),66,Brooklyn,4528
12/28/23,18 Av (D),66,Brooklyn,4366
12/27/23,18 Av (D),66,Brooklyn,4240
12/26/23,18 Av (D),66,Brooklyn,3975
12/25/23,18 Av (D),66,Brooklyn,2125
12/23/23,18 Av (D),66,Brooklyn,3260
12/22/23,18 Av (D),66,Brooklyn,4795
12/21/23,18 Av (D),66,Brooklyn,5180
12/20/23,18 Av (D),66,Brooklyn,4979
12/19/23,18 Av (D),66,Brooklyn,5057
12/18/23,18 Av (D),66,Brooklyn,4420
12/17/23,18 Av (D),66,Brooklyn,2227
12/16/23,18 Av (D),66,Brooklyn,3095
12/15/23,18 Av (D),66,Brooklyn,4850
12/14/23,18 Av (D),66,Brooklyn,4988
12/13/23,18 Av (D),66,Brooklyn,4848
12/12/23,18 Av (D),66,Brooklyn,4874
12/11/23,18 Av (D),66,Brooklyn,4710
12/10/23,18 Av (D),66,Brooklyn,2062
12/9/23,18 Av (D),66,Brooklyn,3199
12/8/23,18 Av (D),66,Brooklyn,4578
12/6/23,18 Av (D),66,Brooklyn,4588
12/5/23,18 Av (D),66,Brooklyn,5179
12/4/23,18 Av (D),66,Brooklyn,5057
12/3/23,18 Av (D),66,Brooklyn,2002
12/2/23,18 Av (D),66,Brooklyn,2943
12/1/23,18 Av (D),66,Brooklyn,4086
11/24/23,18 Av (D),66,Brooklyn,2667
11/7/23,18 Av (D),66,Brooklyn,4392
12/31/23,18 Av (F),245,Brooklyn,14
12/30/23,18 Av (F),245,Brooklyn,1157
12/29/23,18 Av (F),245,Brooklyn,2152
12/28/23,18 Av (F),245,Brooklyn,2458
12/27/23,18 Av (F),245,Brooklyn,2265
12/26/23,18 Av (F),245,Brooklyn,2253
12/25/23,18 Av (F),245,Brooklyn,1124
12/23/23,18 Av (F),245,Brooklyn,1169
12/22/23,18 Av (F),245,Brooklyn,2610
12/21/23,18 Av (F),245,Brooklyn,2792
12/20/23,18 Av (F),245,Brooklyn,2838
12/19/23,18 Av (F),245,Brooklyn,2962
12/18/23,18 Av (F),245,Brooklyn,2735
12/17/23,18 Av (F),245,Brooklyn,1147
12/16/23,18 Av (F),245,Brooklyn,1258
12/15/23,18 Av (F),245,Brooklyn,2633
12/14/23,18 Av (F),245,Brooklyn,2918
12/13/23,18 Av (F),245,Brooklyn,2812
12/12/23,18 Av (F),245,Brooklyn,2858
12/11/23,18 Av (F),245,Brooklyn,2650
12/10/23,18 Av (F),245,Brooklyn,4
12/9/23,18 Av (F),245,Brooklyn,2
12/8/23,18 Av (F),245,Brooklyn,2705
12/6/23,18 Av (F),245,Brooklyn,3010
12/5/23,18 Av (F),245,Brooklyn,2985
12/4/23,18 Av (F),245,Brooklyn,2968
12/3/23,18 Av (F),245,Brooklyn,1088
12/2/23,18 Av (F),245,Brooklyn,1253
12/1/23,18 Av (F),245,Brooklyn,2754
11/24/23,18 Av (F),245,Brooklyn,1134
11/7/23,18 Av (F),245,Brooklyn,2824
12/31/23,18 Av (N),74,Brooklyn,2
12/30/23,18 Av (N),74,Brooklyn,2462
12/29/23,18 Av (N),74,Brooklyn,3534
12/28/23,18 Av (N),74,Brooklyn,3393
12/27/23,18 Av (N),74,Brooklyn,3262
12/26/23,18 Av (N),74,Brooklyn,3206
12/25/23,18 Av (N),74,Brooklyn,1581
12/23/23,18 Av (N),74,Brooklyn,2484
12/22/23,18 Av (N),74,Brooklyn,3719
12/21/23,18 Av (N),74,Brooklyn,3963
12/20/23,18 Av (N),74,Brooklyn,3856
12/19/23,18 Av (N),74,Brooklyn,3962
12/18/23,18 Av (N),74,Brooklyn,3327
12/17/23,18 Av (N),74,Brooklyn,2069
12/16/23,18 Av (N),74,Brooklyn,2649
12/15/23,18 Av (N),74,Brooklyn,3839
12/14/23,18 Av (N),74,Brooklyn,4003
12/13/23,18 Av (N),74,Brooklyn,3875
12/12/23,18 Av (N),74,Brooklyn,3794
12/11/23,18 Av (N),74,Brooklyn,3767
12/10/23,18 Av (N),74,Brooklyn,1931
12/9/23,18 Av (N),74,Brooklyn,2736
12/8/23,18 Av (N),74,Brooklyn,4106
12/6/23,18 Av (N),74,Brooklyn,4668
12/5/23,18 Av (N),74,Brooklyn,3940
12/4/23,18 Av (N),74,Brooklyn,3930
12/3/23,18 Av (N),74,Brooklyn,1998
12/2/23,18 Av (N),74,Brooklyn,2844
12/1/23,18 Av (N),74,Brooklyn,4526
11/24/23,18 Av (N),74,Brooklyn,1962
11/7/23,18 Av (N),74,Brooklyn,4814
12/31/23,18 St (1),321,Manhattan,83
12/30/23,18 St (1),321,Manhattan,3666
12/29/23,18 St (1),321,Manhattan,4076
12/28/23,18 St (1),321,Manhattan,3986
12/27/23,18 St (1),321,Manhattan,3837
12/26/23,18 St (1),321,Manhattan,3174
12/25/23,18 St (1),321,Manhattan,1018
12/23/23,18 St (1),321,Manhattan,3329
12/22/23,18 St (1),321,Manhattan,4891
12/21/23,18 St (1),321,Manhattan,5536
12/20/23,18 St (1),321,Manhattan,6143
12/19/23,18 St (1),321,Manhattan,6331
12/18/23,18 St (1),321,Manhattan,4999
12/17/23,18 St (1),321,Manhattan,3066
12/16/23,18 St (1),321,Manhattan,4770
12/15/23,18 St (1),321,Manhattan,6218
12/14/23,18 St (1),321,Manhattan,7249
12/13/23,18 St (1),321,Manhattan,7109
12/12/23,18 St (1),321,Manhattan,7055
12/11/23,18 St (1),321,Manhattan,5785
12/10/23,18 St (1),321,Manhattan,3219
12/9/23,18 St (1),321,Manhattan,5278
12/8/23,18 St (1),321,Manhattan,6089
12/6/23,18 St (1),321,Manhattan,7003
12/5/23,18 St (1),321,Manhattan,7341
12/4/23,18 St (1),321,Manhattan,5736
12/3/23,18 St (1),321,Manhattan,3276
12/2/23,18 St (1),321,Manhattan,5183
12/1/23,18 St (1),321,Manhattan,6197
11/24/23,18 St (1),321,Manhattan,1814
11/7/23,18 St (1),321,Manhattan,7399
12/31/23,181 St (1),301,Manhattan,35
12/30/23,181 St (1),301,Manhattan,4936
12/29/23,181 St (1),301,Manhattan,6434
12/28/23,181 St (1),301,Manhattan,6448
12/27/23,181 St (1),301,Manhattan,6261
12/26/23,181 St (1),301,Manhattan,5660
12/25/23,181 St (1),301,Manhattan,2653
12/23/23,181 St (1),301,Manhattan,4607
12/22/23,181 St (1),301,Manhattan,7305
12/21/23,181 St (1),301,Manhattan,6965
12/20/23,181 St (1),301,Manhattan,8047
12/19/23,181 St (1),301,Manhattan,8200
12/18/23,181 St (1),301,Manhattan,6704
12/17/23,181 St (1),301,Manhattan,18
12/16/23,181 St (1),301,Manhattan,15
12/15/23,181 St (1),301,Manhattan,8255
12/14/23,181 St (1),301,Manhattan,8137
12/13/23,181 St (1),301,Manhattan,8404
12/12/23,181 St (1),301,Manhattan,8352
12/11/23,181 St (1),301,Manhattan,7558
12/10/23,181 St (1),301,Manhattan,4164
12/9/23,181 St (1),301,Manhattan,5901
12/8/23,181 St (1),301,Manhattan,8241
12/6/23,181 St (1),301,Manhattan,8730
12/5/23,181 St (1),301,Manhattan,8577
12/4/23,181 St (1),301,Manhattan,8327
12/3/23,181 St (1),301,Manhattan,4364
12/2/23,181 St (1),301,Manhattan,5981
12/1/23,181 St (1),301,Manhattan,7842
11/24/23,181 St (1),301,Manhattan,3554
11/7/23,181 St (1),301,Manhattan,8465
12/31/23,181 St (A),146,Manhattan,15
12/30/23,181 St (A),146,Manhattan,3976
12/29/23,181 St (A),146,Manhattan,5157
12/28/23,181 St (A),146,Manhattan,5019
12/27/23,181 St (A),146,Manhattan,4782
12/26/23,181 St (A),146,Manhattan,4297
12/25/23,181 St (A),146,Manhattan,2071
12/23/23,181 St (A),146,Manhattan,3953
12/22/23,181 St (A),146,Manhattan,5992
12/21/23,181 St (A),146,Manhattan,6660
12/20/23,181 St (A),146,Manhattan,6712
12/19/23,181 St (A),146,Manhattan,6412
12/18/23,181 St (A),146,Manhattan,6055
12/17/23,181 St (A),146,Manhattan,5100
12/16/23,181 St (A),146,Manhattan,7196
12/15/23,181 St (A),146,Manhattan,7049
12/14/23,181 St (A),146,Manhattan,7205
12/13/23,181 St (A),146,Manhattan,6971
12/12/23,181 St (A),146,Manhattan,7094
12/11/23,181 St (A),146,Manhattan,6259
12/10/23,181 St (A),146,Manhattan,3339
12/9/23,181 St (A),146,Manhattan,4954
12/8/23,181 St (A),146,Manhattan,6480
12/6/23,181 St (A),146,Manhattan,7062
12/5/23,181 St (A),146,Manhattan,6932
12/4/23,181 St (A),146,Manhattan,6306
12/3/23,181 St (A),146,Manhattan,3159
12/2/23,181 St (A),146,Manhattan,4468
12/1/23,181 St (A),146,Manhattan,6228
11/24/23,181 St (A),146,Manhattan,3129
11/7/23,181 St (A),146,Manhattan,7072
12/31/23,"182-183 Sts (B,D)",214,Bronx,10
12/30/23,"182-183 Sts (B,D)",214,Bronx,1875
12/29/23,"182-183 Sts (B,D)",214,Bronx,2608
12/28/23,"182-183 Sts (B,D)",214,Bronx,2619
12/27/23,"182-183 Sts (B,D)",214,Bronx,2489
12/26/23,"182-183 Sts (B,D)",214,Bronx,2401
12/25/23,"182-183 Sts (B,D)",214,Bronx,1056
12/23/23,"182-183 Sts (B,D)",214,Bronx,1889
12/22/23,"182-183 Sts (B,D)",214,Bronx,3120
12/21/23,"182-183 Sts (B,D)",214,Bronx,3113
12/20/23,"182-183 Sts (B,D)",214,Bronx,3060
12/19/23,"182-183 Sts (B,D)",214,Bronx,3100
12/18/23,"182-183 Sts (B,D)",214,Bronx,2663
12/17/23,"182-183 Sts (B,D)",214,Bronx,6
12/16/23,"182-183 Sts (B,D)",214,Bronx,5
12/15/23,"182-183 Sts (B,D)",214,Bronx,3343
12/14/23,"182-183 Sts (B,D)",214,Bronx,3031
12/13/23,"182-183 Sts (B,D)",214,Bronx,3009
12/12/23,"182-183 Sts (B,D)",214,Bronx,2946
12/11/23,"182-183 Sts (B,D)",214,Bronx,3081
12/10/23,"182-183 Sts (B,D)",214,Bronx,1364
12/9/23,"182-183 Sts (B,D)",214,Bronx,1901
12/8/23,"182-183 Sts (B,D)",214,Bronx,3173
12/6/23,"182-183 Sts (B,D)",214,Bronx,3235
12/5/23,"182-183 Sts (B,D)",214,Bronx,3221
12/4/23,"182-183 Sts (B,D)",214,Bronx,3002
12/3/23,"182-183 Sts (B,D)",214,Bronx,11
12/2/23,"182-183 Sts (B,D)",214,Bronx,6
12/1/23,"182-183 Sts (B,D)",214,Bronx,3103
11/24/23,"182-183 Sts (B,D)",214,Bronx,1234
11/7/23,"182-183 Sts (B,D)",214,Bronx,3491
12/31/23,183 St (4),383,Bronx,14
12/30/23,183 St (4),383,Bronx,2118
12/29/23,183 St (4),383,Bronx,2938
12/28/23,183 St (4),383,Bronx,2814
12/27/23,183 St (4),383,Bronx,2823
12/26/23,183 St (4),383,Bronx,2609
12/25/23,183 St (4),383,Bronx,1266
12/23/23,183 St (4),383,Bronx,2189
12/22/23,183 St (4),383,Bronx,3182
12/21/23,183 St (4),383,Bronx,3395
12/20/23,183 St (4),383,Bronx,3409
12/19/23,183 St (4),383,Bronx,3421
12/18/23,183 St (4),383,Bronx,3170
12/17/23,183 St (4),383,Bronx,2647
12/16/23,183 St (4),383,Bronx,3883
12/15/23,183 St (4),383,Bronx,3503
12/14/23,183 St (4),383,Bronx,3423
12/13/23,183 St (4),383,Bronx,3728
12/12/23,183 St (4),383,Bronx,3566
12/11/23,183 St (4),383,Bronx,3263
12/10/23,183 St (4),383,Bronx,1642
12/9/23,183 St (4),383,Bronx,2343
12/8/23,183 St (4),383,Bronx,3453
12/6/23,183 St (4),383,Bronx,3362
12/5/23,183 St (4),383,Bronx,3453
12/4/23,183 St (4),383,Bronx,3597
12/3/23,183 St (4),383,Bronx,2284
12/2/23,183 St (4),383,Bronx,3286
12/1/23,183 St (4),383,Bronx,3523
11/24/23,183 St (4),383,Bronx,1566
11/7/23,183 St (4),383,Bronx,3573
12/31/23,190 St (A),145,Manhattan,10
12/30/23,190 St (A),145,Manhattan,1853
12/29/23,190 St (A),145,Manhattan,2401
12/28/23,190 St (A),145,Manhattan,2254
12/27/23,190 St (A),145,Manhattan,2107
12/26/23,190 St (A),145,Manhattan,1948
12/25/23,190 St (A),145,Manhattan,868
12/23/23,190 St (A),145,Manhattan,1797
12/22/23,190 St (A),145,Manhattan,2825
12/21/23,190 St (A),145,Manhattan,3146
12/20/23,190 St (A),145,Manhattan,3156
12/19/23,190 St (A),145,Manhattan,2927
12/18/23,190 St (A),145,Manhattan,2752
12/17/23,190 St (A),145,Manhattan,2218
12/16/23,190 St (A),145,Manhattan,3240
12/15/23,190 St (A),145,Manhattan,3329
12/14/23,190 St (A),145,Manhattan,3369
12/13/23,190 St (A),145,Manhattan,3313
12/12/23,190 St (A),145,Manhattan,3357
12/11/23,190 St (A),145,Manhattan,3102
12/10/23,190 St (A),145,Manhattan,1341
12/9/23,190 St (A),145,Manhattan,2155
12/8/23,190 St (A),145,Manhattan,3122
12/6/23,190 St (A),145,Manhattan,3432
12/5/23,190 St (A),145,Manhattan,3301
12/4/23,190 St (A),145,Manhattan,2982
12/3/23,190 St (A),145,Manhattan,1333
12/2/23,190 St (A),145,Manhattan,2084
12/1/23,190 St (A),145,Manhattan,3078
11/24/23,190 St (A),145,Manhattan,1240
11/7/23,190 St (A),145,Manhattan,3286
12/31/23,191 St (1),300,Manhattan,15
12/30/23,191 St (1),300,Manhattan,3129
12/29/23,191 St (1),300,Manhattan,4165
12/28/23,191 St (1),300,Manhattan,4094
12/27/23,191 St (1),300,Manhattan,3868
12/26/23,191 St (1),300,Manhattan,3700
12/25/23,191 St (1),300,Manhattan,1775
12/23/23,191 St (1),300,Manhattan,3152
12/22/23,191 St (1),300,Manhattan,4771
12/21/23,191 St (1),300,Manhattan,4927
12/20/23,191 St (1),300,Manhattan,5160
12/19/23,191 St (1),300,Manhattan,5182
12/18/23,191 St (1),300,Manhattan,4523
12/17/23,191 St (1),300,Manhattan,16
12/16/23,191 St (1),300,Manhattan,9
12/15/23,191 St (1),300,Manhattan,5285
12/14/23,191 St (1),300,Manhattan,5443
12/13/23,191 St (1),300,Manhattan,5527
12/12/23,191 St (1),300,Manhattan,5504
12/11/23,191 St (1),300,Manhattan,5078
12/10/23,191 St (1),300,Manhattan,2629
12/9/23,191 St (1),300,Manhattan,3685
12/8/23,191 St (1),300,Manhattan,5324
12/6/23,191 St (1),300,Manhattan,5535
12/5/23,191 St (1),300,Manhattan,5498
12/4/23,191 St (1),300,Manhattan,5248
12/3/23,191 St (1),300,Manhattan,2792
12/2/23,191 St (1),300,Manhattan,3743
12/1/23,191 St (1),300,Manhattan,5082
11/24/23,191 St (1),300,Manhattan,2253
11/7/23,191 St (1),300,Manhattan,5579
12/31/23,2 Av (F),232,Manhattan,312
12/30/23,2 Av (F),232,Manhattan,12287
12/29/23,2 Av (F),232,Manhattan,11669
12/28/23,2 Av (F),232,Manhattan,11460
12/27/23,2 Av (F),232,Manhattan,10124
12/26/23,2 Av (F),232,Manhattan,8139
12/25/23,2 Av (F),232,Manhattan,4311
12/23/23,2 Av (F),232,Manhattan,10537
12/22/23,2 Av (F),232,Manhattan,12234
12/21/23,2 Av (F),232,Manhattan,12770
12/20/23,2 Av (F),232,Manhattan,12776
12/19/23,2 Av (F),232,Manhattan,13483
12/18/23,2 Av (F),232,Manhattan,11428
12/17/23,2 Av (F),232,Manhattan,11129
12/16/23,2 Av (F),232,Manhattan,16264
12/15/23,2 Av (F),232,Manhattan,15067
12/14/23,2 Av (F),232,Manhattan,15080
12/13/23,2 Av (F),232,Manhattan,13968
12/12/23,2 Av (F),232,Manhattan,13714
12/11/23,2 Av (F),232,Manhattan,12306
12/10/23,2 Av (F),232,Manhattan,10789
12/9/23,2 Av (F),232,Manhattan,17566
12/8/23,2 Av (F),232,Manhattan,14191
12/6/23,2 Av (F),232,Manhattan,13633
12/5/23,2 Av (F),232,Manhattan,12949
12/4/23,2 Av (F),232,Manhattan,11842
12/3/23,2 Av (F),232,Manhattan,11243
12/2/23,2 Av (F),232,Manhattan,16912
12/1/23,2 Av (F),232,Manhattan,13699
11/24/23,2 Av (F),232,Manhattan,6298
11/7/23,2 Av (F),232,Manhattan,13733
12/31/23,20 Av (D),67,Brooklyn,21
12/30/23,20 Av (D),67,Brooklyn,2269
12/29/23,20 Av (D),67,Brooklyn,3378
12/28/23,20 Av (D),67,Brooklyn,3158
12/27/23,20 Av (D),67,Brooklyn,3052
12/26/23,20 Av (D),67,Brooklyn,3088
12/25/23,20 Av (D),67,Brooklyn,1601
12/23/23,20 Av (D),67,Brooklyn,2313
12/22/23,20 Av (D),67,Brooklyn,3564
12/21/23,20 Av (D),67,Brooklyn,3745
12/20/23,20 Av (D),67,Brooklyn,3678
12/19/23,20 Av (D),67,Brooklyn,3688
12/18/23,20 Av (D),67,Brooklyn,3201
12/17/23,20 Av (D),67,Brooklyn,1763
12/16/23,20 Av (D),67,Brooklyn,2442
12/15/23,20 Av (D),67,Brooklyn,3824
12/14/23,20 Av (D),67,Brooklyn,3882
12/13/23,20 Av (D),67,Brooklyn,3692
12/12/23,20 Av (D),67,Brooklyn,3704
12/11/23,20 Av (D),67,Brooklyn,3563
12/10/23,20 Av (D),67,Brooklyn,1678
12/9/23,20 Av (D),67,Brooklyn,2471
12/8/23,20 Av (D),67,Brooklyn,3540
12/6/23,20 Av (D),67,Brooklyn,3587
12/5/23,20 Av (D),67,Brooklyn,3900
12/4/23,20 Av (D),67,Brooklyn,3866
12/3/23,20 Av (D),67,Brooklyn,1617
12/2/23,20 Av (D),67,Brooklyn,2253
12/1/23,20 Av (D),67,Brooklyn,3340
11/24/23,20 Av (D),67,Brooklyn,1986
11/7/23,20 Av (D),67,Brooklyn,3450
12/31/23,20 Av (N),75,Brooklyn,2
12/30/23,20 Av (N),75,Brooklyn,1686
12/29/23,20 Av (N),75,Brooklyn,2419
12/28/23,20 Av (N),75,Brooklyn,2404
12/27/23,20 Av (N),75,Brooklyn,2443
12/26/23,20 Av (N),75,Brooklyn,2331
12/25/23,20 Av (N),75,Brooklyn,1225
12/23/23,20 Av (N),75,Brooklyn,1675
12/22/23,20 Av (N),75,Brooklyn,3027
12/21/23,20 Av (N),75,Brooklyn,3268
12/20/23,20 Av (N),75,Brooklyn,3273
12/19/23,20 Av (N),75,Brooklyn,3244
12/18/23,20 Av (N),75,Brooklyn,2758
12/17/23,20 Av (N),75,Brooklyn,1313
12/16/23,20 Av (N),75,Brooklyn,1800
12/15/23,20 Av (N),75,Brooklyn,3108
12/14/23,20 Av (N),75,Brooklyn,3391
12/13/23,20 Av (N),75,Brooklyn,3369
12/12/23,20 Av (N),75,Brooklyn,3348
12/11/23,20 Av (N),75,Brooklyn,3119
12/10/23,20 Av (N),75,Brooklyn,1257
12/9/23,20 Av (N),75,Brooklyn,1892
12/8/23,20 Av (N),75,Brooklyn,3138
12/6/23,20 Av (N),75,Brooklyn,3426
12/5/23,20 Av (N),75,Brooklyn,3364
12/4/23,20 Av (N),75,Brooklyn,3277
12/3/23,20 Av (N),75,Brooklyn,1281
12/2/23,20 Av (N),75,Brooklyn,1889
12/1/23,20 Av (N),75,Brooklyn,3181
11/24/23,20 Av (N),75,Brooklyn,1404
11/7/23,20 Av (N),75,Brooklyn,3325
12/31/23,207 St (1),298,Manhattan,22
12/30/23,207 St (1),298,Manhattan,2827
12/29/23,207 St (1),298,Manhattan,3876
12/28/23,207 St (1),298,Manhattan,3635
12/27/23,207 St (1),298,Manhattan,3591
12/26/23,207 St (1),298,Manhattan,3297
12/25/23,207 St (1),298,Manhattan,1474
12/23/23,207 St (1),298,Manhattan,2782
12/22/23,207 St (1),298,Manhattan,4372
12/21/23,207 St (1),298,Manhattan,4423
12/20/23,207 St (1),298,Manhattan,4815
12/19/23,207 St (1),298,Manhattan,4993
12/18/23,207 St (1),298,Manhattan,3987
12/17/23,207 St (1),298,Manhattan,564
12/16/23,207 St (1),298,Manhattan,879
12/15/23,207 St (1),298,Manhattan,4886
12/14/23,207 St (1),298,Manhattan,4943
12/13/23,207 St (1),298,Manhattan,5104
12/12/23,207 St (1),298,Manhattan,5020
12/11/23,207 St (1),298,Manhattan,4683
12/10/23,207 St (1),298,Manhattan,2230
12/9/23,207 St (1),298,Manhattan,3230
12/8/23,207 St (1),298,Manhattan,4985
12/6/23,207 St (1),298,Manhattan,4996
12/5/23,207 St (1),298,Manhattan,5098
12/4/23,207 St (1),298,Manhattan,4938
12/3/23,207 St (1),298,Manhattan,2319
12/2/23,207 St (1),298,Manhattan,3479
12/1/23,207 St (1),298,Manhattan,4828
11/24/23,207 St (1),298,Manhattan,2003
11/7/23,207 St (1),298,Manhattan,4942
12/31/23,21 St (G),282,Queens,14
12/30/23,21 St (G),282,Queens,807
12/29/23,21 St (G),282,Queens,1157
12/28/23,21 St (G),282,Queens,1029
12/27/23,21 St (G),282,Queens,906
12/26/23,21 St (G),282,Queens,813
12/25/23,21 St (G),282,Queens,250
12/23/23,21 St (G),282,Queens,655
12/22/23,21 St (G),282,Queens,1204
12/21/23,21 St (G),282,Queens,1268
12/20/23,21 St (G),282,Queens,1356
12/19/23,21 St (G),282,Queens,1040
12/18/23,21 St (G),282,Queens,1282
12/17/23,21 St (G),282,Queens,791
12/16/23,21 St (G),282,Queens,1161
12/15/23,21 St (G),282,Queens,1591
12/14/23,21 St (G),282,Queens,1546
12/13/23,21 St (G),282,Queens,1515
12/12/23,21 St (G),282,Queens,1467
12/11/23,21 St (G),282,Queens,1267
12/10/23,21 St (G),282,Queens,691
12/9/23,21 St (G),282,Queens,1271
12/8/23,21 St (G),282,Queens,1576
12/6/23,21 St (G),282,Queens,1503
12/5/23,21 St (G),282,Queens,1450
12/4/23,21 St (G),282,Queens,1357
12/3/23,21 St (G),282,Queens,745
12/2/23,21 St (G),282,Queens,1258
12/1/23,21 St (G),282,Queens,1514
11/24/23,21 St (G),282,Queens,401
11/7/23,21 St (G),282,Queens,1470
12/30/23,21 St-Queensbridge (F),221,Queens,1746
12/29/23,21 St-Queensbridge (F),221,Queens,2196
12/28/23,21 St-Queensbridge (F),221,Queens,2088
12/27/23,21 St-Queensbridge (F),221,Queens,1906
12/26/23,21 St-Queensbridge (F),221,Queens,1932
12/25/23,21 St-Queensbridge (F),221,Queens,1099
12/23/23,21 St-Queensbridge (F),221,Queens,1382
12/22/23,21 St-Queensbridge (F),221,Queens,1928
12/21/23,21 St-Queensbridge (F),221,Queens,1930
12/20/23,21 St-Queensbridge (F),221,Queens,1892
12/19/23,21 St-Queensbridge (F),221,Queens,1905
12/18/23,21 St-Queensbridge (F),221,Queens,1874
12/17/23,21 St-Queensbridge (F),221,Queens,1152
12/16/23,21 St-Queensbridge (F),221,Queens,1635
12/15/23,21 St-Queensbridge (F),221,Queens,2122
12/14/23,21 St-Queensbridge (F),221,Queens,2160
12/13/23,21 St-Queensbridge (F),221,Queens,2013
12/12/23,21 St-Queensbridge (F),221,Queens,1955
12/11/23,21 St-Queensbridge (F),221,Queens,2043
12/10/23,21 St-Queensbridge (F),221,Queens,1258
12/9/23,21 St-Queensbridge (F),221,Queens,1682
12/8/23,21 St-Queensbridge (F),221,Queens,2221
12/6/23,21 St-Queensbridge (F),221,Queens,1977
12/5/23,21 St-Queensbridge (F),221,Queens,2010
12/4/23,21 St-Queensbridge (F),221,Queens,2033
12/3/23,21 St-Queensbridge (F),221,Queens,1050
12/2/23,21 St-Queensbridge (F),221,Queens,1563
12/1/23,21 St-Queensbridge (F),221,Queens,2178
11/24/23,21 St-Queensbridge (F),221,Queens,1129
11/7/23,21 St-Queensbridge (F),221,Queens,2158
12/31/23,215 St (1),297,Manhattan,6
12/30/23,215 St (1),297,Manhattan,681
12/29/23,215 St (1),297,Manhattan,1109
12/28/23,215 St (1),297,Manhattan,1064
12/27/23,215 St (1),297,Manhattan,999
12/26/23,215 St (1),297,Manhattan,909
12/25/23,215 St (1),297,Manhattan,344
12/23/23,215 St (1),297,Manhattan,695
12/22/23,215 St (1),297,Manhattan,1367
12/21/23,215 St (1),297,Manhattan,1494
12/20/23,215 St (1),297,Manhattan,1485
12/19/23,215 St (1),297,Manhattan,1880
12/18/23,215 St (1),297,Manhattan,1501
12/17/23,215 St (1),297,Manhattan,404
12/16/23,215 St (1),297,Manhattan,717
12/15/23,215 St (1),297,Manhattan,1816
12/14/23,215 St (1),297,Manhattan,1906
12/13/23,215 St (1),297,Manhattan,1883
12/12/23,215 St (1),297,Manhattan,1934
12/11/23,215 St (1),297,Manhattan,1849
12/10/23,215 St (1),297,Manhattan,633
12/9/23,215 St (1),297,Manhattan,928
12/8/23,215 St (1),297,Manhattan,1893
12/6/23,215 St (1),297,Manhattan,1894
12/5/23,215 St (1),297,Manhattan,1857
12/4/23,215 St (1),297,Manhattan,1865
12/3/23,215 St (1),297,Manhattan,646
12/2/23,215 St (1),297,Manhattan,1020
12/1/23,215 St (1),297,Manhattan,1819
11/24/23,215 St (1),297,Manhattan,500
11/7/23,215 St (1),297,Manhattan,1926
12/31/23,"219 St (2,5)",420,Bronx,6
12/30/23,"219 St (2,5)",420,Bronx,1003
12/29/23,"219 St (2,5)",420,Bronx,1341
12/28/23,"219 St (2,5)",420,Bronx,1238
12/27/23,"219 St (2,5)",420,Bronx,1176
12/26/23,"219 St (2,5)",420,Bronx,1125
12/25/23,"219 St (2,5)",420,Bronx,512
12/23/23,"219 St (2,5)",420,Bronx,843
12/22/23,"219 St (2,5)",420,Bronx,1557
12/21/23,"219 St (2,5)",420,Bronx,1596
12/20/23,"219 St (2,5)",420,Bronx,1534
12/19/23,"219 St (2,5)",420,Bronx,1593
12/18/23,"219 St (2,5)",420,Bronx,1452
12/17/23,"219 St (2,5)",420,Bronx,707
12/16/23,"219 St (2,5)",420,Bronx,964
12/15/23,"219 St (2,5)",420,Bronx,1719
12/14/23,"219 St (2,5)",420,Bronx,1616
12/13/23,"219 St (2,5)",420,Bronx,1517
12/12/23,"219 St (2,5)",420,Bronx,1601
12/11/23,"219 St (2,5)",420,Bronx,1561
12/10/23,"219 St (2,5)",420,Bronx,652
12/9/23,"219 St (2,5)",420,Bronx,874
12/8/23,"219 St (2,5)",420,Bronx,1588
12/6/23,"219 St (2,5)",420,Bronx,1630
12/5/23,"219 St (2,5)",420,Bronx,1639
12/4/23,"219 St (2,5)",420,Bronx,1464
12/3/23,"219 St (2,5)",420,Bronx,629
12/2/23,"219 St (2,5)",420,Bronx,812
12/1/23,"219 St (2,5)",420,Bronx,1312
11/24/23,"219 St (2,5)",420,Bronx,780
11/7/23,"219 St (2,5)",420,Bronx,1569
12/30/23,"225 St (2,5)",419,Bronx,1070
12/29/23,"225 St (2,5)",419,Bronx,1494
12/28/23,"225 St (2,5)",419,Bronx,1459
12/27/23,"225 St (2,5)",419,Bronx,1542
12/26/23,"225 St (2,5)",419,Bronx,1376
12/25/23,"225 St (2,5)",419,Bronx,708
12/23/23,"225 St (2,5)",419,Bronx,1164
12/22/23,"225 St (2,5)",419,Bronx,1844
12/21/23,"225 St (2,5)",419,Bronx,2032
12/20/23,"225 St (2,5)",419,Bronx,2086
12/19/23,"225 St (2,5)",419,Bronx,1996
12/18/23,"225 St (2,5)",419,Bronx,1705
12/17/23,"225 St (2,5)",419,Bronx,885
12/16/23,"225 St (2,5)",419,Bronx,1171
12/15/23,"225 St (2,5)",419,Bronx,2088
12/14/23,"225 St (2,5)",419,Bronx,2073
12/13/23,"225 St (2,5)",419,Bronx,2128
12/12/23,"225 St (2,5)",419,Bronx,2034
12/11/23,"225 St (2,5)",419,Bronx,1970
12/10/23,"225 St (2,5)",419,Bronx,775
12/9/23,"225 St (2,5)",419,Bronx,1143
12/8/23,"225 St (2,5)",419,Bronx,2042
12/6/23,"225 St (2,5)",419,Bronx,2211
12/5/23,"225 St (2,5)",419,Bronx,1815
12/4/23,"225 St (2,5)",419,Bronx,2044
12/3/23,"225 St (2,5)",419,Bronx,721
12/2/23,"225 St (2,5)",419,Bronx,1051
12/1/23,"225 St (2,5)",419,Bronx,1860
11/24/23,"225 St (2,5)",419,Bronx,796
11/7/23,"225 St (2,5)",419,Bronx,2110
12/31/23,23 St (1),320,Manhattan,153
12/30/23,23 St (1),320,Manhattan,7278
12/29/23,23 St (1),320,Manhattan,8094
12/28/23,23 St (1),320,Manhattan,7825
12/27/23,23 St (1),320,Manhattan,7463
12/26/23,23 St (1),320,Manhattan,6328
12/25/23,23 St (1),320,Manhattan,2765
12/23/23,23 St (1),320,Manhattan,6680
12/22/23,23 St (1),320,Manhattan,8911
12/21/23,23 St (1),320,Manhattan,10002
12/20/23,23 St (1),320,Manhattan,10733
12/19/23,23 St (1),320,Manhattan,10579
12/18/23,23 St (1),320,Manhattan,8961
12/17/23,23 St (1),320,Manhattan,6220
12/16/23,23 St (1),320,Manhattan,9285
12/15/23,23 St (1),320,Manhattan,11195
12/14/23,23 St (1),320,Manhattan,11994
12/13/23,23 St (1),320,Manhattan,11495
12/12/23,23 St (1),320,Manhattan,11807
12/11/23,23 St (1),320,Manhattan,10089
12/10/23,23 St (1),320,Manhattan,7006
12/9/23,23 St (1),320,Manhattan,10645
12/8/23,23 St (1),320,Manhattan,10975
12/6/23,23 St (1),320,Manhattan,11885
12/5/23,23 St (1),320,Manhattan,11390
12/4/23,23 St (1),320,Manhattan,9907
12/3/23,23 St (1),320,Manhattan,7284
12/2/23,23 St (1),320,Manhattan,10466
12/1/23,23 St (1),320,Manhattan,11091
11/24/23,23 St (1),320,Manhattan,4503
11/7/23,23 St (1),320,Manhattan,11866
12/31/23,23 St (6),405,Manhattan,147
12/30/23,23 St (6),405,Manhattan,8178
12/29/23,23 St (6),405,Manhattan,11273
12/28/23,23 St (6),405,Manhattan,11629
12/27/23,23 St (6),405,Manhattan,10920
12/26/23,23 St (6),405,Manhattan,9021
12/25/23,23 St (6),405,Manhattan,2875
12/23/23,23 St (6),405,Manhattan,7327
12/22/23,23 St (6),405,Manhattan,12505
12/21/23,23 St (6),405,Manhattan,15310
12/20/23,23 St (6),405,Manhattan,18644
12/19/23,23 St (6),405,Manhattan,19652
12/18/23,23 St (6),405,Manhattan,17547
12/17/23,23 St (6),405,Manhattan,7596
12/16/23,23 St (6),405,Manhattan,11586
12/15/23,23 St (6),405,Manhattan,17295
12/14/23,23 St (6),405,Manhattan,23033
12/13/23,23 St (6),405,Manhattan,19734
12/12/23,23 St (6),405,Manhattan,20376
12/11/23,23 St (6),405,Manhattan,21340
12/10/23,23 St (6),405,Manhattan,8460
12/9/23,23 St (6),405,Manhattan,14937
12/8/23,23 St (6),405,Manhattan,18655
12/6/23,23 St (6),405,Manhattan,24835
12/5/23,23 St (6),405,Manhattan,23710
12/4/23,23 St (6),405,Manhattan,21645
12/3/23,23 St (6),405,Manhattan,9103
12/2/23,23 St (6),405,Manhattan,13989
12/1/23,23 St (6),405,Manhattan,18828
11/24/23,23 St (6),405,Manhattan,5224
11/7/23,23 St (6),405,Manhattan,24339
12/31/23,"23 St (C,E)",165,Manhattan,229
12/30/23,"23 St (C,E)",165,Manhattan,8458
12/29/23,"23 St (C,E)",165,Manhattan,10994
12/28/23,"23 St (C,E)",165,Manhattan,10627
12/27/23,"23 St (C,E)",165,Manhattan,9820
12/26/23,"23 St (C,E)",165,Manhattan,8218
12/25/23,"23 St (C,E)",165,Manhattan,3775
12/23/23,"23 St (C,E)",165,Manhattan,7099
12/22/23,"23 St (C,E)",165,Manhattan,12035
12/21/23,"23 St (C,E)",165,Manhattan,13508
12/20/23,"23 St (C,E)",165,Manhattan,14322
12/19/23,"23 St (C,E)",165,Manhattan,14900
12/18/23,"23 St (C,E)",165,Manhattan,13224
12/17/23,"23 St (C,E)",165,Manhattan,7916
12/16/23,"23 St (C,E)",165,Manhattan,12221
12/15/23,"23 St (C,E)",165,Manhattan,16716
12/14/23,"23 St (C,E)",165,Manhattan,18433
12/13/23,"23 St (C,E)",165,Manhattan,17835
12/12/23,"23 St (C,E)",165,Manhattan,17482
12/11/23,"23 St (C,E)",165,Manhattan,15350
12/10/23,"23 St (C,E)",165,Manhattan,8596
12/9/23,"23 St (C,E)",165,Manhattan,13068
12/8/23,"23 St (C,E)",165,Manhattan,16334
12/6/23,"23 St (C,E)",165,Manhattan,18018
12/5/23,"23 St (C,E)",165,Manhattan,17054
12/4/23,"23 St (C,E)",165,Manhattan,15152
12/3/23,"23 St (C,E)",165,Manhattan,7373
12/2/23,"23 St (C,E)",165,Manhattan,10691
12/1/23,"23 St (C,E)",165,Manhattan,16710
11/24/23,"23 St (C,E)",165,Manhattan,5095
11/7/23,"23 St (C,E)",165,Manhattan,17991
12/31/23,"23 St (F,M)",228,Manhattan,170
12/30/23,"23 St (F,M)",228,Manhattan,10082
12/29/23,"23 St (F,M)",228,Manhattan,14461
12/28/23,"23 St (F,M)",228,Manhattan,13842
12/27/23,"23 St (F,M)",228,Manhattan,13251
12/26/23,"23 St (F,M)",228,Manhattan,11879
12/25/23,"23 St (F,M)",228,Manhattan,4464
12/23/23,"23 St (F,M)",228,Manhattan,9482
12/22/23,"23 St (F,M)",228,Manhattan,15668
12/21/23,"23 St (F,M)",228,Manhattan,17948
12/20/23,"23 St (F,M)",228,Manhattan,19254
12/19/23,"23 St (F,M)",228,Manhattan,20411
12/18/23,"23 St (F,M)",228,Manhattan,16602
12/17/23,"23 St (F,M)",228,Manhattan,8362
12/16/23,"23 St (F,M)",228,Manhattan,12921
12/15/23,"23 St (F,M)",228,Manhattan,18769
12/14/23,"23 St (F,M)",228,Manhattan,22342
12/13/23,"23 St (F,M)",228,Manhattan,21741
12/12/23,"23 St (F,M)",228,Manhattan,21541
12/11/23,"23 St (F,M)",228,Manhattan,18010
12/10/23,"23 St (F,M)",228,Manhattan,9211
12/9/23,"23 St (F,M)",228,Manhattan,16621
12/8/23,"23 St (F,M)",228,Manhattan,18544
12/6/23,"23 St (F,M)",228,Manhattan,21727
12/5/23,"23 St (F,M)",228,Manhattan,21527
12/4/23,"23 St (F,M)",228,Manhattan,18255
12/3/23,"23 St (F,M)",228,Manhattan,9425
12/2/23,"23 St (F,M)",228,Manhattan,15000
12/1/23,"23 St (F,M)",228,Manhattan,17998
11/24/23,"23 St (F,M)",228,Manhattan,6689
11/7/23,"23 St (F,M)",228,Manhattan,22149
12/31/23,"23 St (R,W)",14,Manhattan,186
12/30/23,"23 St (R,W)",14,Manhattan,11981
12/29/23,"23 St (R,W)",14,Manhattan,12524
12/28/23,"23 St (R,W)",14,Manhattan,12021
12/27/23,"23 St (R,W)",14,Manhattan,11542
12/26/23,"23 St (R,W)",14,Manhattan,9977
12/25/23,"23 St (R,W)",14,Manhattan,3506
12/23/23,"23 St (R,W)",14,Manhattan,9833
12/22/23,"23 St (R,W)",14,Manhattan,12299
12/21/23,"23 St (R,W)",14,Manhattan,13361
12/20/23,"23 St (R,W)",14,Manhattan,14325
12/19/23,"23 St (R,W)",14,Manhattan,15204
12/18/23,"23 St (R,W)",14,Manhattan,12647
12/17/23,"23 St (R,W)",14,Manhattan,8816
12/16/23,"23 St (R,W)",14,Manhattan,13301
12/15/23,"23 St (R,W)",14,Manhattan,13999
12/14/23,"23 St (R,W)",14,Manhattan,16507
12/13/23,"23 St (R,W)",14,Manhattan,16061
12/12/23,"23 St (R,W)",14,Manhattan,15338
12/11/23,"23 St (R,W)",14,Manhattan,13682
12/10/23,"23 St (R,W)",14,Manhattan,2988
12/9/23,"23 St (R,W)",14,Manhattan,5528
12/8/23,"23 St (R,W)",14,Manhattan,14423
12/6/23,"23 St (R,W)",14,Manhattan,17264
12/5/23,"23 St (R,W)",14,Manhattan,16566
12/4/23,"23 St (R,W)",14,Manhattan,13760
12/3/23,"23 St (R,W)",14,Manhattan,2571
12/2/23,"23 St (R,W)",14,Manhattan,4003
12/1/23,"23 St (R,W)",14,Manhattan,13993
11/24/23,"23 St (R,W)",14,Manhattan,6698
11/7/23,"23 St (R,W)",14,Manhattan,16516
12/31/23,231 St (1),295,Bronx,20
12/30/23,231 St (1),295,Bronx,3956
12/29/23,231 St (1),295,Bronx,5920
12/28/23,231 St (1),295,Bronx,5559
12/27/23,231 St (1),295,Bronx,5529
12/26/23,231 St (1),295,Bronx,4853
12/25/23,231 St (1),295,Bronx,2037
12/23/23,231 St (1),295,Bronx,3957
12/22/23,231 St (1),295,Bronx,6569
12/21/23,231 St (1),295,Bronx,6920
12/20/23,231 St (1),295,Bronx,7529
12/19/23,231 St (1),295,Bronx,7570
12/18/23,231 St (1),295,Bronx,5964
12/17/23,231 St (1),295,Bronx,1354
12/16/23,231 St (1),295,Bronx,2847
12/15/23,231 St (1),295,Bronx,7260
12/14/23,231 St (1),295,Bronx,7756
12/13/23,231 St (1),295,Bronx,6265
12/12/23,231 St (1),295,Bronx,7701
12/11/23,231 St (1),295,Bronx,6852
12/10/23,231 St (1),295,Bronx,2813
12/9/23,231 St (1),295,Bronx,4518
12/8/23,231 St (1),295,Bronx,7558
12/6/23,231 St (1),295,Bronx,8065
12/5/23,231 St (1),295,Bronx,7781
12/4/23,231 St (1),295,Bronx,7451
12/3/23,231 St (1),295,Bronx,2925
12/2/23,231 St (1),295,Bronx,4394
12/1/23,231 St (1),295,Bronx,7379
11/24/23,231 St (1),295,Bronx,2753
11/7/23,231 St (1),295,Bronx,7749
12/31/23,"233 St (2,5)",418,Bronx,8
12/30/23,"233 St (2,5)",418,Bronx,1515
12/29/23,"233 St (2,5)",418,Bronx,2305
12/28/23,"233 St (2,5)",418,Bronx,2251
12/27/23,"233 St (2,5)",418,Bronx,2116
12/26/23,"233 St (2,5)",418,Bronx,2193
12/25/23,"233 St (2,5)",418,Bronx,940
12/23/23,"233 St (2,5)",418,Bronx,1473
12/22/23,"233 St (2,5)",418,Bronx,2750
12/21/23,"233 St (2,5)",418,Bronx,2828
12/20/23,"233 St (2,5)",418,Bronx,2782
12/19/23,"233 St (2,5)",418,Bronx,2721
12/18/23,"233 St (2,5)",418,Bronx,2446
12/17/23,"233 St (2,5)",418,Bronx,1090
12/16/23,"233 St (2,5)",418,Bronx,1660
12/15/23,"233 St (2,5)",418,Bronx,2843
12/14/23,"233 St (2,5)",418,Bronx,2899
12/13/23,"233 St (2,5)",418,Bronx,2957
12/12/23,"233 St (2,5)",418,Bronx,2881
12/11/23,"233 St (2,5)",418,Bronx,2767
12/10/23,"233 St (2,5)",418,Bronx,1069
12/9/23,"233 St (2,5)",418,Bronx,1618
12/8/23,"233 St (2,5)",418,Bronx,2828
12/6/23,"233 St (2,5)",418,Bronx,2988
12/5/23,"233 St (2,5)",418,Bronx,2850
12/4/23,"233 St (2,5)",418,Bronx,2883
12/3/23,"233 St (2,5)",418,Bronx,935
12/2/23,"233 St (2,5)",418,Bronx,1559
12/1/23,"233 St (2,5)",418,Bronx,2661
11/24/23,"233 St (2,5)",418,Bronx,1142
11/7/23,"233 St (2,5)",418,Bronx,2800
12/31/23,238 St (1),294,Bronx,6
12/30/23,238 St (1),294,Bronx,1861
12/29/23,238 St (1),294,Bronx,2647
12/28/23,238 St (1),294,Bronx,2532
12/27/23,238 St (1),294,Bronx,2340
12/26/23,238 St (1),294,Bronx,2304
12/25/23,238 St (1),294,Bronx,843
12/23/23,238 St (1),294,Bronx,1746
12/22/23,238 St (1),294,Bronx,2959
12/21/23,238 St (1),294,Bronx,2959
12/20/23,238 St (1),294,Bronx,3277
12/19/23,238 St (1),294,Bronx,3406
12/18/23,238 St (1),294,Bronx,2795
12/17/23,238 St (1),294,Bronx,808
12/16/23,238 St (1),294,Bronx,1492
12/15/23,238 St (1),294,Bronx,3178
12/14/23,238 St (1),294,Bronx,4268
12/13/23,238 St (1),294,Bronx,3458
12/12/23,238 St (1),294,Bronx,3416
12/11/23,238 St (1),294,Bronx,3201
12/10/23,238 St (1),294,Bronx,1305
12/9/23,238 St (1),294,Bronx,2170
12/8/23,238 St (1),294,Bronx,3423
12/6/23,238 St (1),294,Bronx,3485
12/5/23,238 St (1),294,Bronx,3492
12/4/23,238 St (1),294,Bronx,3297
12/3/23,238 St (1),294,Bronx,1354
12/2/23,238 St (1),294,Bronx,2122
12/1/23,238 St (1),294,Bronx,3256
11/24/23,238 St (1),294,Bronx,1240
11/7/23,238 St (1),294,Bronx,3342
12/31/23,25 Av (D),69,Brooklyn,7
12/30/23,25 Av (D),69,Brooklyn,1877
12/29/23,25 Av (D),69,Brooklyn,2613
12/28/23,25 Av (D),69,Brooklyn,2598
12/27/23,25 Av (D),69,Brooklyn,2582
12/26/23,25 Av (D),69,Brooklyn,2344
12/25/23,25 Av (D),69,Brooklyn,1135
12/23/23,25 Av (D),69,Brooklyn,1827
12/22/23,25 Av (D),69,Brooklyn,3266
12/21/23,25 Av (D),69,Brooklyn,3342
12/20/23,25 Av (D),69,Brooklyn,3245
12/19/23,25 Av (D),69,Brooklyn,3192
12/18/23,25 Av (D),69,Brooklyn,2988
12/17/23,25 Av (D),69,Brooklyn,1376
12/16/23,25 Av (D),69,Brooklyn,2003
12/15/23,25 Av (D),69,Brooklyn,3159
12/14/23,25 Av (D),69,Brooklyn,3366
12/13/23,25 Av (D),69,Brooklyn,3474
12/12/23,25 Av (D),69,Brooklyn,3428
12/11/23,25 Av (D),69,Brooklyn,3137
12/10/23,25 Av (D),69,Brooklyn,1394
12/9/23,25 Av (D),69,Brooklyn,2071
12/8/23,25 Av (D),69,Brooklyn,3183
12/6/23,25 Av (D),69,Brooklyn,3010
12/5/23,25 Av (D),69,Brooklyn,3641
12/4/23,25 Av (D),69,Brooklyn,3266
12/3/23,25 Av (D),69,Brooklyn,1255
12/2/23,25 Av (D),69,Brooklyn,1788
12/1/23,25 Av (D),69,Brooklyn,2697
11/24/23,25 Av (D),69,Brooklyn,1556
11/7/23,25 Av (D),69,Brooklyn,3083
12/31/23,25 St (R),31,Brooklyn,13
12/30/23,25 St (R),31,Brooklyn,1345
12/29/23,25 St (R),31,Brooklyn,2077
12/28/23,25 St (R),31,Brooklyn,1993
12/27/23,25 St (R),31,Brooklyn,1856
12/26/23,25 St (R),31,Brooklyn,1678
12/25/23,25 St (R),31,Brooklyn,624
12/23/23,25 St (R),31,Brooklyn,927
12/22/23,25 St (R),31,Brooklyn,2303
12/21/23,25 St (R),31,Brooklyn,2629
12/20/23,25 St (R),31,Brooklyn,2770
12/19/23,25 St (R),31,Brooklyn,2766
12/18/23,25 St (R),31,Brooklyn,2456
12/17/23,25 St (R),31,Brooklyn,1497
12/16/23,25 St (R),31,Brooklyn,2293
12/15/23,25 St (R),31,Brooklyn,2855
12/14/23,25 St (R),31,Brooklyn,2874
12/13/23,25 St (R),31,Brooklyn,2896
12/12/23,25 St (R),31,Brooklyn,2869
12/11/23,25 St (R),31,Brooklyn,2701
12/10/23,25 St (R),31,Brooklyn,1324
12/9/23,25 St (R),31,Brooklyn,1930
12/8/23,25 St (R),31,Brooklyn,2874
12/6/23,25 St (R),31,Brooklyn,2831
12/5/23,25 St (R),31,Brooklyn,2860
12/4/23,25 St (R),31,Brooklyn,2683
12/3/23,25 St (R),31,Brooklyn,973
12/2/23,25 St (R),31,Brooklyn,1540
12/1/23,25 St (R),31,Brooklyn,2798
11/24/23,25 St (R),31,Brooklyn,640
11/7/23,25 St (R),31,Brooklyn,2894
12/31/23,28 St (1),319,Manhattan,132
12/30/23,28 St (1),319,Manhattan,6099
12/29/23,28 St (1),319,Manhattan,7891
12/28/23,28 St (1),319,Manhattan,7604
12/27/23,28 St (1),319,Manhattan,7184
12/26/23,28 St (1),319,Manhattan,6362
12/25/23,28 St (1),319,Manhattan,3216
12/23/23,28 St (1),319,Manhattan,5281
12/22/23,28 St (1),319,Manhattan,8070
12/21/23,28 St (1),319,Manhattan,9111
12/20/23,28 St (1),319,Manhattan,9840
12/19/23,28 St (1),319,Manhattan,9785
12/18/23,28 St (1),319,Manhattan,9607
12/17/23,28 St (1),319,Manhattan,5255
12/16/23,28 St (1),319,Manhattan,7472
12/15/23,28 St (1),319,Manhattan,9959
12/14/23,28 St (1),319,Manhattan,11573
12/13/23,28 St (1),319,Manhattan,10759
12/12/23,28 St (1),319,Manhattan,11084
12/11/23,28 St (1),319,Manhattan,10406
12/10/23,28 St (1),319,Manhattan,5994
12/9/23,28 St (1),319,Manhattan,8756
12/8/23,28 St (1),319,Manhattan,10426
12/6/23,28 St (1),319,Manhattan,11354
12/5/23,28 St (1),319,Manhattan,11426
12/4/23,28 St (1),319,Manhattan,9883
12/3/23,28 St (1),319,Manhattan,6031
12/2/23,28 St (1),319,Manhattan,8446
12/1/23,28 St (1),319,Manhattan,10379
11/24/23,28 St (1),319,Manhattan,3781
11/7/23,28 St (1),319,Manhattan,11774
12/31/23,28 St (6),404,Manhattan,183
12/30/23,28 St (6),404,Manhattan,8128
12/29/23,28 St (6),404,Manhattan,10699
12/28/23,28 St (6),404,Manhattan,11176
12/27/23,28 St (6),404,Manhattan,10244
12/26/23,28 St (6),404,Manhattan,8658
12/25/23,28 St (6),404,Manhattan,3792
12/23/23,28 St (6),404,Manhattan,7059
12/22/23,28 St (6),404,Manhattan,11590
12/21/23,28 St (6),404,Manhattan,14018
12/20/23,28 St (6),404,Manhattan,14794
12/19/23,28 St (6),404,Manhattan,15173
12/18/23,28 St (6),404,Manhattan,12999
12/17/23,28 St (6),404,Manhattan,7351
12/16/23,28 St (6),404,Manhattan,10850
12/15/23,28 St (6),404,Manhattan,14548
12/14/23,28 St (6),404,Manhattan,17113
12/13/23,28 St (6),404,Manhattan,16120
12/12/23,28 St (6),404,Manhattan,16423
12/11/23,28 St (6),404,Manhattan,13981
12/10/23,28 St (6),404,Manhattan,7452
12/9/23,28 St (6),404,Manhattan,11442
12/8/23,28 St (6),404,Manhattan,14686
12/6/23,28 St (6),404,Manhattan,16801
12/5/23,28 St (6),404,Manhattan,16312
12/4/23,28 St (6),404,Manhattan,13873
12/3/23,28 St (6),404,Manhattan,8255
12/2/23,28 St (6),404,Manhattan,11030
12/1/23,28 St (6),404,Manhattan,14335
11/24/23,28 St (6),404,Manhattan,5258
11/7/23,28 St (6),404,Manhattan,16755
12/31/23,"28 St (R,W)",13,Manhattan,312
12/30/23,"28 St (R,W)",13,Manhattan,7780
12/29/23,"28 St (R,W)",13,Manhattan,7962
12/28/23,"28 St (R,W)",13,Manhattan,7696
12/27/23,"28 St (R,W)",13,Manhattan,7394
12/26/23,"28 St (R,W)",13,Manhattan,5865
12/25/23,"28 St (R,W)",13,Manhattan,3577
12/23/23,"28 St (R,W)",13,Manhattan,6113
12/22/23,"28 St (R,W)",13,Manhattan,7564
12/21/23,"28 St (R,W)",13,Manhattan,8600
12/20/23,"28 St (R,W)",13,Manhattan,8911
12/19/23,"28 St (R,W)",13,Manhattan,9531
12/18/23,"28 St (R,W)",13,Manhattan,7867
12/17/23,"28 St (R,W)",13,Manhattan,6372
12/16/23,"28 St (R,W)",13,Manhattan,8767
12/15/23,"28 St (R,W)",13,Manhattan,9323
12/14/23,"28 St (R,W)",13,Manhattan,10227
12/13/23,"28 St (R,W)",13,Manhattan,10247
12/12/23,"28 St (R,W)",13,Manhattan,9689
12/11/23,"28 St (R,W)",13,Manhattan,8139
12/10/23,"28 St (R,W)",13,Manhattan,2572
12/9/23,"28 St (R,W)",13,Manhattan,4354
12/8/23,"28 St (R,W)",13,Manhattan,9448
12/6/23,"28 St (R,W)",13,Manhattan,9897
12/5/23,"28 St (R,W)",13,Manhattan,9832
12/4/23,"28 St (R,W)",13,Manhattan,7938
12/3/23,"28 St (R,W)",13,Manhattan,2290
12/2/23,"28 St (R,W)",13,Manhattan,3555
12/1/23,"28 St (R,W)",13,Manhattan,9198
11/24/23,"28 St (R,W)",13,Manhattan,4867
11/7/23,"28 St (R,W)",13,Manhattan,9726
12/31/23,3 Av (L),118,Manhattan,202
12/30/23,3 Av (L),118,Manhattan,4100
12/29/23,3 Av (L),118,Manhattan,4440
12/28/23,3 Av (L),118,Manhattan,3887
12/27/23,3 Av (L),118,Manhattan,3437
12/26/23,3 Av (L),118,Manhattan,3035
12/25/23,3 Av (L),118,Manhattan,1516
12/23/23,3 Av (L),118,Manhattan,3126
12/22/23,3 Av (L),118,Manhattan,4464
12/21/23,3 Av (L),118,Manhattan,4738
12/20/23,3 Av (L),118,Manhattan,4989
12/19/23,3 Av (L),118,Manhattan,4997
12/18/23,3 Av (L),118,Manhattan,4208
12/17/23,3 Av (L),118,Manhattan,4081
12/16/23,3 Av (L),118,Manhattan,5990
12/15/23,3 Av (L),118,Manhattan,5567
12/14/23,3 Av (L),118,Manhattan,5603
12/13/23,3 Av (L),118,Manhattan,5511
12/12/23,3 Av (L),118,Manhattan,5313
12/11/23,3 Av (L),118,Manhattan,4683
12/10/23,3 Av (L),118,Manhattan,4279
12/9/23,3 Av (L),118,Manhattan,6767
12/8/23,3 Av (L),118,Manhattan,5945
12/6/23,3 Av (L),118,Manhattan,5649
12/5/23,3 Av (L),118,Manhattan,5345
12/4/23,3 Av (L),118,Manhattan,4713
12/3/23,3 Av (L),118,Manhattan,4579
12/2/23,3 Av (L),118,Manhattan,6407
12/1/23,3 Av (L),118,Manhattan,5784
11/24/23,3 Av (L),118,Manhattan,1950
11/7/23,3 Av (L),118,Manhattan,5953
12/31/23,3 Av-138 St (6),377,Bronx,30
12/30/23,3 Av-138 St (6),377,Bronx,2637
12/29/23,3 Av-138 St (6),377,Bronx,3987
12/28/23,3 Av-138 St (6),377,Bronx,4159
12/27/23,3 Av-138 St (6),377,Bronx,3932
12/26/23,3 Av-138 St (6),377,Bronx,3811
12/25/23,3 Av-138 St (6),377,Bronx,1609
12/23/23,3 Av-138 St (6),377,Bronx,2925
12/22/23,3 Av-138 St (6),377,Bronx,5010
12/21/23,3 Av-138 St (6),377,Bronx,5155
12/20/23,3 Av-138 St (6),377,Bronx,5524
12/19/23,3 Av-138 St (6),377,Bronx,5429
12/18/23,3 Av-138 St (6),377,Bronx,4822
12/17/23,3 Av-138 St (6),377,Bronx,2422
12/16/23,3 Av-138 St (6),377,Bronx,3322
12/15/23,3 Av-138 St (6),377,Bronx,5999
12/14/23,3 Av-138 St (6),377,Bronx,6063
12/13/23,3 Av-138 St (6),377,Bronx,6238
12/12/23,3 Av-138 St (6),377,Bronx,6299
12/11/23,3 Av-138 St (6),377,Bronx,5973
12/10/23,3 Av-138 St (6),377,Bronx,2058
12/9/23,3 Av-138 St (6),377,Bronx,3203
12/8/23,3 Av-138 St (6),377,Bronx,6053
12/6/23,3 Av-138 St (6),377,Bronx,6254
12/5/23,3 Av-138 St (6),377,Bronx,5937
12/4/23,3 Av-138 St (6),377,Bronx,5726
12/3/23,3 Av-138 St (6),377,Bronx,2357
12/2/23,3 Av-138 St (6),377,Bronx,3256
12/1/23,3 Av-138 St (6),377,Bronx,5661
11/24/23,3 Av-138 St (6),377,Bronx,2273
11/7/23,3 Av-138 St (6),377,Bronx,6303
12/31/23,"3 Av-149 St (2,5)",434,Bronx,54
12/30/23,"3 Av-149 St (2,5)",434,Bronx,6660
12/29/23,"3 Av-149 St (2,5)",434,Bronx,10313
12/28/23,"3 Av-149 St (2,5)",434,Bronx,9859
12/27/23,"3 Av-149 St (2,5)",434,Bronx,11097
12/26/23,"3 Av-149 St (2,5)",434,Bronx,8938
12/25/23,"3 Av-149 St (2,5)",434,Bronx,4131
12/23/23,"3 Av-149 St (2,5)",434,Bronx,7238
12/22/23,"3 Av-149 St (2,5)",434,Bronx,11585
12/21/23,"3 Av-149 St (2,5)",434,Bronx,14125
12/20/23,"3 Av-149 St (2,5)",434,Bronx,12600
12/19/23,"3 Av-149 St (2,5)",434,Bronx,12347
12/18/23,"3 Av-149 St (2,5)",434,Bronx,11030
12/17/23,"3 Av-149 St (2,5)",434,Bronx,5404
12/16/23,"3 Av-149 St (2,5)",434,Bronx,7337
12/15/23,"3 Av-149 St (2,5)",434,Bronx,13365
12/14/23,"3 Av-149 St (2,5)",434,Bronx,13233
12/13/23,"3 Av-149 St (2,5)",434,Bronx,13295
12/12/23,"3 Av-149 St (2,5)",434,Bronx,13192
12/11/23,"3 Av-149 St (2,5)",434,Bronx,12321
12/10/23,"3 Av-149 St (2,5)",434,Bronx,4867
12/9/23,"3 Av-149 St (2,5)",434,Bronx,7563
12/8/23,"3 Av-149 St (2,5)",434,Bronx,13386
12/6/23,"3 Av-149 St (2,5)",434,Bronx,12683
12/5/23,"3 Av-149 St (2,5)",434,Bronx,12927
12/4/23,"3 Av-149 St (2,5)",434,Bronx,12180
12/3/23,"3 Av-149 St (2,5)",434,Bronx,4777
12/2/23,"3 Av-149 St (2,5)",434,Bronx,7906
12/1/23,"3 Av-149 St (2,5)",434,Bronx,13190
11/24/23,"3 Av-149 St (2,5)",434,Bronx,5105
11/7/23,"3 Av-149 St (2,5)",434,Bronx,12950
12/31/23,"30 Av (N,W)",3,Queens,46
12/30/23,"30 Av (N,W)",3,Queens,6252
12/29/23,"30 Av (N,W)",3,Queens,8442
12/28/23,"30 Av (N,W)",3,Queens,8144
12/27/23,"30 Av (N,W)",3,Queens,7612
12/26/23,"30 Av (N,W)",3,Queens,6787
12/25/23,"30 Av (N,W)",3,Queens,2866
12/23/23,"30 Av (N,W)",3,Queens,5933
12/22/23,"30 Av (N,W)",3,Queens,9406
12/21/23,"30 Av (N,W)",3,Queens,10332
12/20/23,"30 Av (N,W)",3,Queens,10732
12/19/23,"30 Av (N,W)",3,Queens,10955
12/18/23,"30 Av (N,W)",3,Queens,8959
12/17/23,"30 Av (N,W)",3,Queens,5135
12/16/23,"30 Av (N,W)",3,Queens,7930
12/15/23,"30 Av (N,W)",3,Queens,10698
12/14/23,"30 Av (N,W)",3,Queens,11242
12/13/23,"30 Av (N,W)",3,Queens,11406
12/12/23,"30 Av (N,W)",3,Queens,11013
12/11/23,"30 Av (N,W)",3,Queens,9939
12/10/23,"30 Av (N,W)",3,Queens,4669
12/9/23,"30 Av (N,W)",3,Queens,8049
12/8/23,"30 Av (N,W)",3,Queens,10840
12/6/23,"30 Av (N,W)",3,Queens,11632
12/5/23,"30 Av (N,W)",3,Queens,11499
12/4/23,"30 Av (N,W)",3,Queens,10374
12/3/23,"30 Av (N,W)",3,Queens,4787
12/2/23,"30 Av (N,W)",3,Queens,7625
12/1/23,"30 Av (N,W)",3,Queens,10460
11/24/23,"30 Av (N,W)",3,Queens,4265
11/7/23,"30 Av (N,W)",3,Queens,11513
12/31/23,33 St (6),403,Manhattan,192
12/30/23,33 St (6),403,Manhattan,10357
12/29/23,33 St (6),403,Manhattan,15223
12/28/23,33 St (6),403,Manhattan,15886
12/27/23,33 St (6),403,Manhattan,14499
12/26/23,33 St (6),403,Manhattan,12230
12/25/23,33 St (6),403,Manhattan,4663
12/23/23,33 St (6),403,Manhattan,8490
12/22/23,33 St (6),403,Manhattan,16231
12/21/23,33 St (6),403,Manhattan,19628
12/20/23,33 St (6),403,Manhattan,20186
12/19/23,33 St (6),403,Manhattan,21557
12/18/23,33 St (6),403,Manhattan,17951
12/17/23,33 St (6),403,Manhattan,8510
12/16/23,33 St (6),403,Manhattan,13782
12/15/23,33 St (6),403,Manhattan,18956
12/14/23,33 St (6),403,Manhattan,22095
12/13/23,33 St (6),403,Manhattan,21467
12/12/23,33 St (6),403,Manhattan,21907
12/11/23,33 St (6),403,Manhattan,19051
12/10/23,33 St (6),403,Manhattan,8534
12/9/23,33 St (6),403,Manhattan,12741
12/8/23,33 St (6),403,Manhattan,18057
12/6/23,33 St (6),403,Manhattan,21426
12/5/23,33 St (6),403,Manhattan,21439
12/4/23,33 St (6),403,Manhattan,18914
12/3/23,33 St (6),403,Manhattan,8848
12/2/23,33 St (6),403,Manhattan,13874
12/1/23,33 St (6),403,Manhattan,19595
11/24/23,33 St (6),403,Manhattan,5379
11/7/23,33 St (6),403,Manhattan,19856
12/31/23,33 St-Rawson St (7),460,Queens,17
12/30/23,33 St-Rawson St (7),460,Queens,1414
12/29/23,33 St-Rawson St (7),460,Queens,2955
12/28/23,33 St-Rawson St (7),460,Queens,3411
12/27/23,33 St-Rawson St (7),460,Queens,3407
12/26/23,33 St-Rawson St (7),460,Queens,2720
12/25/23,33 St-Rawson St (7),460,Queens,500
12/23/23,33 St-Rawson St (7),460,Queens,1309
12/22/23,33 St-Rawson St (7),460,Queens,4376
12/21/23,33 St-Rawson St (7),460,Queens,5686
12/20/23,33 St-Rawson St (7),460,Queens,6127
12/19/23,33 St-Rawson St (7),460,Queens,5738
12/18/23,33 St-Rawson St (7),460,Queens,5889
12/17/23,33 St-Rawson St (7),460,Queens,1387
12/16/23,33 St-Rawson St (7),460,Queens,2344
12/15/23,33 St-Rawson St (7),460,Queens,5985
12/14/23,33 St-Rawson St (7),460,Queens,6874
12/13/23,33 St-Rawson St (7),460,Queens,7538
12/12/23,33 St-Rawson St (7),460,Queens,7619
12/11/23,33 St-Rawson St (7),460,Queens,6483
12/10/23,33 St-Rawson St (7),460,Queens,1208
12/9/23,33 St-Rawson St (7),460,Queens,2124
12/8/23,33 St-Rawson St (7),460,Queens,5960
12/6/23,33 St-Rawson St (7),460,Queens,8362
12/5/23,33 St-Rawson St (7),460,Queens,8414
12/4/23,33 St-Rawson St (7),460,Queens,7819
12/3/23,33 St-Rawson St (7),460,Queens,1288
12/2/23,33 St-Rawson St (7),460,Queens,2051
12/1/23,33 St-Rawson St (7),460,Queens,6362
11/24/23,33 St-Rawson St (7),460,Queens,727
11/7/23,33 St-Rawson St (7),460,Queens,8064
12/31/23,"34 St-Herald Sq (B,D,F,M,N,Q,R,W)",607,Manhattan,1901
12/30/23,"34 St-Herald Sq (B,D,F,M,N,Q,R,W)",607,Manhattan,61283
12/29/23,"34 St-Herald Sq (B,D,F,M,N,Q,R,W)",607,Manhattan,79828
12/28/23,"34 St-Herald Sq (B,D,F,M,N,Q,R,W)",607,Manhattan,77886
12/27/23,"34 St-Herald Sq (B,D,F,M,N,Q,R,W)",607,Manhattan,73755
12/26/23,"34 St-Herald Sq (B,D,F,M,N,Q,R,W)",607,Manhattan,71907
12/25/23,"34 St-Herald Sq (B,D,F,M,N,Q,R,W)",607,Manhattan,31772
12/23/23,"34 St-Herald Sq (B,D,F,M,N,Q,R,W)",607,Manhattan,60926
12/22/23,"34 St-Herald Sq (B,D,F,M,N,Q,R,W)",607,Manhattan,82027
12/21/23,"34 St-Herald Sq (B,D,F,M,N,Q,R,W)",607,Manhattan,85246
12/20/23,"34 St-Herald Sq (B,D,F,M,N,Q,R,W)",607,Manhattan,86978
12/19/23,"34 St-Herald Sq (B,D,F,M,N,Q,R,W)",607,Manhattan,89045
12/18/23,"34 St-Herald Sq (B,D,F,M,N,Q,R,W)",607,Manhattan,72295
12/17/23,"34 St-Herald Sq (B,D,F,M,N,Q,R,W)",607,Manhattan,46913
12/16/23,"34 St-Herald Sq (B,D,F,M,N,Q,R,W)",607,Manhattan,68520
12/15/23,"34 St-Herald Sq (B,D,F,M,N,Q,R,W)",607,Manhattan,83161
12/14/23,"34 St-Herald Sq (B,D,F,M,N,Q,R,W)",607,Manhattan,87717
12/13/23,"34 St-Herald Sq (B,D,F,M,N,Q,R,W)",607,Manhattan,86225
12/12/23,"34 St-Herald Sq (B,D,F,M,N,Q,R,W)",607,Manhattan,86168
12/11/23,"34 St-Herald Sq (B,D,F,M,N,Q,R,W)",607,Manhattan,74079
12/10/23,"34 St-Herald Sq (B,D,F,M,N,Q,R,W)",607,Manhattan,45153
12/9/23,"34 St-Herald Sq (B,D,F,M,N,Q,R,W)",607,Manhattan,73321
12/8/23,"34 St-Herald Sq (B,D,F,M,N,Q,R,W)",607,Manhattan,81794
12/6/23,"34 St-Herald Sq (B,D,F,M,N,Q,R,W)",607,Manhattan,86579
12/5/23,"34 St-Herald Sq (B,D,F,M,N,Q,R,W)",607,Manhattan,84918
12/4/23,"34 St-Herald Sq (B,D,F,M,N,Q,R,W)",607,Manhattan,74682
12/3/23,"34 St-Herald Sq (B,D,F,M,N,Q,R,W)",607,Manhattan,44537
12/2/23,"34 St-Herald Sq (B,D,F,M,N,Q,R,W)",607,Manhattan,65036
12/1/23,"34 St-Herald Sq (B,D,F,M,N,Q,R,W)",607,Manhattan,77447
11/24/23,"34 St-Herald Sq (B,D,F,M,N,Q,R,W)",607,Manhattan,42069
11/7/23,"34 St-Herald Sq (B,D,F,M,N,Q,R,W)",607,Manhattan,85964
12/31/23,34 St-Hudson Yards (7),471,Manhattan,286
12/30/23,34 St-Hudson Yards (7),471,Manhattan,20992
12/29/23,34 St-Hudson Yards (7),471,Manhattan,23032
12/28/23,34 St-Hudson Yards (7),471,Manhattan,19310
12/27/23,34 St-Hudson Yards (7),471,Manhattan,17730
12/26/23,34 St-Hudson Yards (7),471,Manhattan,18985
12/25/23,34 St-Hudson Yards (7),471,Manhattan,13380
12/23/23,34 St-Hudson Yards (7),471,Manhattan,15956
12/22/23,34 St-Hudson Yards (7),471,Manhattan,16956
12/21/23,34 St-Hudson Yards (7),471,Manhattan,19744
12/20/23,34 St-Hudson Yards (7),471,Manhattan,20512
12/19/23,34 St-Hudson Yards (7),471,Manhattan,21631
12/18/23,34 St-Hudson Yards (7),471,Manhattan,16684
12/17/23,34 St-Hudson Yards (7),471,Manhattan,11305
12/16/23,34 St-Hudson Yards (7),471,Manhattan,19914
12/15/23,34 St-Hudson Yards (7),471,Manhattan,18984
12/14/23,34 St-Hudson Yards (7),471,Manhattan,23572
12/13/23,34 St-Hudson Yards (7),471,Manhattan,22613
12/12/23,34 St-Hudson Yards (7),471,Manhattan,22911
12/11/23,34 St-Hudson Yards (7),471,Manhattan,18913
12/10/23,34 St-Hudson Yards (7),471,Manhattan,10907
12/9/23,34 St-Hudson Yards (7),471,Manhattan,19021
12/8/23,34 St-Hudson Yards (7),471,Manhattan,19644
12/6/23,34 St-Hudson Yards (7),471,Manhattan,24501
12/5/23,34 St-Hudson Yards (7),471,Manhattan,22682
12/4/23,34 St-Hudson Yards (7),471,Manhattan,19321
12/3/23,34 St-Hudson Yards (7),471,Manhattan,11005
12/2/23,34 St-Hudson Yards (7),471,Manhattan,17962
12/1/23,34 St-Hudson Yards (7),471,Manhattan,18341
11/24/23,34 St-Hudson Yards (7),471,Manhattan,13665
11/7/23,34 St-Hudson Yards (7),471,Manhattan,23592
12/31/23,"34 St-Penn Station (1,2,3)",318,Manhattan,942
12/30/23,"34 St-Penn Station (1,2,3)",318,Manhattan,36121
12/29/23,"34 St-Penn Station (1,2,3)",318,Manhattan,43907
12/28/23,"34 St-Penn Station (1,2,3)",318,Manhattan,44402
12/27/23,"34 St-Penn Station (1,2,3)",318,Manhattan,44970
12/26/23,"34 St-Penn Station (1,2,3)",318,Manhattan,42443
12/25/23,"34 St-Penn Station (1,2,3)",318,Manhattan,19468
12/23/23,"34 St-Penn Station (1,2,3)",318,Manhattan,35046
12/22/23,"34 St-Penn Station (1,2,3)",318,Manhattan,47063
12/21/23,"34 St-Penn Station (1,2,3)",318,Manhattan,50982
12/20/23,"34 St-Penn Station (1,2,3)",318,Manhattan,55297
12/19/23,"34 St-Penn Station (1,2,3)",318,Manhattan,56579
12/18/23,"34 St-Penn Station (1,2,3)",318,Manhattan,45299
12/17/23,"34 St-Penn Station (1,2,3)",318,Manhattan,29504
12/16/23,"34 St-Penn Station (1,2,3)",318,Manhattan,39959
12/15/23,"34 St-Penn Station (1,2,3)",318,Manhattan,51836
12/14/23,"34 St-Penn Station (1,2,3)",318,Manhattan,58742
12/13/23,"34 St-Penn Station (1,2,3)",318,Manhattan,58768
12/12/23,"34 St-Penn Station (1,2,3)",318,Manhattan,60653
12/11/23,"34 St-Penn Station (1,2,3)",318,Manhattan,51579
12/10/23,"34 St-Penn Station (1,2,3)",318,Manhattan,30740
12/9/23,"34 St-Penn Station (1,2,3)",318,Manhattan,41954
12/8/23,"34 St-Penn Station (1,2,3)",318,Manhattan,49770
12/6/23,"34 St-Penn Station (1,2,3)",318,Manhattan,57480
12/5/23,"34 St-Penn Station (1,2,3)",318,Manhattan,57926
12/4/23,"34 St-Penn Station (1,2,3)",318,Manhattan,47550
12/3/23,"34 St-Penn Station (1,2,3)",318,Manhattan,31242
12/2/23,"34 St-Penn Station (1,2,3)",318,Manhattan,38910
12/1/23,"34 St-Penn Station (1,2,3)",318,Manhattan,48970
11/24/23,"34 St-Penn Station (1,2,3)",318,Manhattan,22657
11/7/23,"34 St-Penn Station (1,2,3)",318,Manhattan,57321
12/31/23,"34 St-Penn Station (A,C,E)",164,Manhattan,1325
12/30/23,"34 St-Penn Station (A,C,E)",164,Manhattan,42856
12/29/23,"34 St-Penn Station (A,C,E)",164,Manhattan,52774
12/28/23,"34 St-Penn Station (A,C,E)",164,Manhattan,54292
12/27/23,"34 St-Penn Station (A,C,E)",164,Manhattan,51727
12/26/23,"34 St-Penn Station (A,C,E)",164,Manhattan,49855
12/25/23,"34 St-Penn Station (A,C,E)",164,Manhattan,23822
12/23/23,"34 St-Penn Station (A,C,E)",164,Manhattan,35889
12/22/23,"34 St-Penn Station (A,C,E)",164,Manhattan,49117
12/21/23,"34 St-Penn Station (A,C,E)",164,Manhattan,53291
12/20/23,"34 St-Penn Station (A,C,E)",164,Manhattan,56493
12/19/23,"34 St-Penn Station (A,C,E)",164,Manhattan,59527
12/18/23,"34 St-Penn Station (A,C,E)",164,Manhattan,50392
12/17/23,"34 St-Penn Station (A,C,E)",164,Manhattan,34622
12/16/23,"34 St-Penn Station (A,C,E)",164,Manhattan,45783
12/15/23,"34 St-Penn Station (A,C,E)",164,Manhattan,56885
12/14/23,"34 St-Penn Station (A,C,E)",164,Manhattan,65700
12/13/23,"34 St-Penn Station (A,C,E)",164,Manhattan,62796
12/12/23,"34 St-Penn Station (A,C,E)",164,Manhattan,64953
12/11/23,"34 St-Penn Station (A,C,E)",164,Manhattan,56147
12/10/23,"34 St-Penn Station (A,C,E)",164,Manhattan,32672
12/9/23,"34 St-Penn Station (A,C,E)",164,Manhattan,44801
12/8/23,"34 St-Penn Station (A,C,E)",164,Manhattan,54462
12/6/23,"34 St-Penn Station (A,C,E)",164,Manhattan,62254
12/5/23,"34 St-Penn Station (A,C,E)",164,Manhattan,62785
12/4/23,"34 St-Penn Station (A,C,E)",164,Manhattan,51147
12/3/23,"34 St-Penn Station (A,C,E)",164,Manhattan,29702
12/2/23,"34 St-Penn Station (A,C,E)",164,Manhattan,35535
12/1/23,"34 St-Penn Station (A,C,E)",164,Manhattan,54711
11/24/23,"34 St-Penn Station (A,C,E)",164,Manhattan,24972
11/7/23,"34 St-Penn Station (A,C,E)",164,Manhattan,62746
12/31/23,"36 Av (N,W)",5,Queens,19
12/30/23,"36 Av (N,W)",5,Queens,2911
12/29/23,"36 Av (N,W)",5,Queens,4216
12/28/23,"36 Av (N,W)",5,Queens,3793
12/27/23,"36 Av (N,W)",5,Queens,3629
12/26/23,"36 Av (N,W)",5,Queens,3333
12/25/23,"36 Av (N,W)",5,Queens,1401
12/23/23,"36 Av (N,W)",5,Queens,2850
12/22/23,"36 Av (N,W)",5,Queens,4806
12/21/23,"36 Av (N,W)",5,Queens,5052
12/20/23,"36 Av (N,W)",5,Queens,4959
12/19/23,"36 Av (N,W)",5,Queens,5294
12/18/23,"36 Av (N,W)",5,Queens,4494
12/17/23,"36 Av (N,W)",5,Queens,2497
12/16/23,"36 Av (N,W)",5,Queens,3676
12/15/23,"36 Av (N,W)",5,Queens,5233
12/14/23,"36 Av (N,W)",5,Queens,5300
12/13/23,"36 Av (N,W)",5,Queens,5322
12/12/23,"36 Av (N,W)",5,Queens,5186
12/11/23,"36 Av (N,W)",5,Queens,4899
12/10/23,"36 Av (N,W)",5,Queens,2335
12/9/23,"36 Av (N,W)",5,Queens,3666
12/8/23,"36 Av (N,W)",5,Queens,5534
12/6/23,"36 Av (N,W)",5,Queens,5637
12/5/23,"36 Av (N,W)",5,Queens,5583
12/4/23,"36 Av (N,W)",5,Queens,5183
12/3/23,"36 Av (N,W)",5,Queens,2264
12/2/23,"36 Av (N,W)",5,Queens,3719
12/1/23,"36 Av (N,W)",5,Queens,5270
11/24/23,"36 Av (N,W)",5,Queens,2045
11/7/23,"36 Av (N,W)",5,Queens,5356
12/31/23,"36 St (D,N,R)",32,Brooklyn,63
12/30/23,"36 St (D,N,R)",32,Brooklyn,7557
12/29/23,"36 St (D,N,R)",32,Brooklyn,9954
12/28/23,"36 St (D,N,R)",32,Brooklyn,9059
12/27/23,"36 St (D,N,R)",32,Brooklyn,9129
12/26/23,"36 St (D,N,R)",32,Brooklyn,8211
12/25/23,"36 St (D,N,R)",32,Brooklyn,3115
12/23/23,"36 St (D,N,R)",32,Brooklyn,7947
12/22/23,"36 St (D,N,R)",32,Brooklyn,10885
12/21/23,"36 St (D,N,R)",32,Brooklyn,11830
12/20/23,"36 St (D,N,R)",32,Brooklyn,11672
12/19/23,"36 St (D,N,R)",32,Brooklyn,11944
12/18/23,"36 St (D,N,R)",32,Brooklyn,10583
12/17/23,"36 St (D,N,R)",32,Brooklyn,5583
12/16/23,"36 St (D,N,R)",32,Brooklyn,8184
12/15/23,"36 St (D,N,R)",32,Brooklyn,11739
12/14/23,"36 St (D,N,R)",32,Brooklyn,12322
12/13/23,"36 St (D,N,R)",32,Brooklyn,12291
12/12/23,"36 St (D,N,R)",32,Brooklyn,12494
12/11/23,"36 St (D,N,R)",32,Brooklyn,11373
12/10/23,"36 St (D,N,R)",32,Brooklyn,5477
12/9/23,"36 St (D,N,R)",32,Brooklyn,8550
12/8/23,"36 St (D,N,R)",32,Brooklyn,12589
12/6/23,"36 St (D,N,R)",32,Brooklyn,13293
12/5/23,"36 St (D,N,R)",32,Brooklyn,12685
12/4/23,"36 St (D,N,R)",32,Brooklyn,11935
12/3/23,"36 St (D,N,R)",32,Brooklyn,5865
12/2/23,"36 St (D,N,R)",32,Brooklyn,9034
12/1/23,"36 St (D,N,R)",32,Brooklyn,12545
11/24/23,"36 St (D,N,R)",32,Brooklyn,5515
11/7/23,"36 St (D,N,R)",32,Brooklyn,13576
12/31/23,"36 St (M,R)",272,Queens,21
12/30/23,"36 St (M,R)",272,Queens,995
12/29/23,"36 St (M,R)",272,Queens,1921
12/28/23,"36 St (M,R)",272,Queens,2030
12/27/23,"36 St (M,R)",272,Queens,2029
12/26/23,"36 St (M,R)",272,Queens,1788
12/25/23,"36 St (M,R)",272,Queens,494
12/23/23,"36 St (M,R)",272,Queens,1014
12/22/23,"36 St (M,R)",272,Queens,2306
12/21/23,"36 St (M,R)",272,Queens,2626
12/20/23,"36 St (M,R)",272,Queens,2625
12/19/23,"36 St (M,R)",272,Queens,2658
12/18/23,"36 St (M,R)",272,Queens,2425
12/17/23,"36 St (M,R)",272,Queens,745
12/16/23,"36 St (M,R)",272,Queens,1307
12/15/23,"36 St (M,R)",272,Queens,2619
12/14/23,"36 St (M,R)",272,Queens,2674
12/13/23,"36 St (M,R)",272,Queens,2859
12/12/23,"36 St (M,R)",272,Queens,2768
12/11/23,"36 St (M,R)",272,Queens,2524
12/10/23,"36 St (M,R)",272,Queens,800
12/9/23,"36 St (M,R)",272,Queens,1332
12/8/23,"36 St (M,R)",272,Queens,2608
12/6/23,"36 St (M,R)",272,Queens,2703
12/5/23,"36 St (M,R)",272,Queens,2670
12/4/23,"36 St (M,R)",272,Queens,2601
12/3/23,"36 St (M,R)",272,Queens,730
12/2/23,"36 St (M,R)",272,Queens,1262
12/1/23,"36 St (M,R)",272,Queens,2393
11/24/23,"36 St (M,R)",272,Queens,668
11/7/23,"36 St (M,R)",272,Queens,2681
12/31/23,"39 Av-Dutch Kills (N,W)",6,Queens,22
12/30/23,"39 Av-Dutch Kills (N,W)",6,Queens,1734
12/29/23,"39 Av-Dutch Kills (N,W)",6,Queens,2614
12/28/23,"39 Av-Dutch Kills (N,W)",6,Queens,2547
12/27/23,"39 Av-Dutch Kills (N,W)",6,Queens,2380
12/26/23,"39 Av-Dutch Kills (N,W)",6,Queens,2182
12/25/23,"39 Av-Dutch Kills (N,W)",6,Queens,1042
12/23/23,"39 Av-Dutch Kills (N,W)",6,Queens,1572
12/22/23,"39 Av-Dutch Kills (N,W)",6,Queens,2619
12/21/23,"39 Av-Dutch Kills (N,W)",6,Queens,2744
12/20/23,"39 Av-Dutch Kills (N,W)",6,Queens,2705
12/19/23,"39 Av-Dutch Kills (N,W)",6,Queens,2919
12/18/23,"39 Av-Dutch Kills (N,W)",6,Queens,2469
12/17/23,"39 Av-Dutch Kills (N,W)",6,Queens,1242
12/16/23,"39 Av-Dutch Kills (N,W)",6,Queens,1920
12/15/23,"39 Av-Dutch Kills (N,W)",6,Queens,2798
12/14/23,"39 Av-Dutch Kills (N,W)",6,Queens,2837
12/13/23,"39 Av-Dutch Kills (N,W)",6,Queens,2880
12/12/23,"39 Av-Dutch Kills (N,W)",6,Queens,2850
12/11/23,"39 Av-Dutch Kills (N,W)",6,Queens,2604
12/10/23,"39 Av-Dutch Kills (N,W)",6,Queens,1235
12/9/23,"39 Av-Dutch Kills (N,W)",6,Queens,2014
12/8/23,"39 Av-Dutch Kills (N,W)",6,Queens,3116
12/6/23,"39 Av-Dutch Kills (N,W)",6,Queens,3234
12/5/23,"39 Av-Dutch Kills (N,W)",6,Queens,3114
12/4/23,"39 Av-Dutch Kills (N,W)",6,Queens,3002
12/3/23,"39 Av-Dutch Kills (N,W)",6,Queens,1292
12/2/23,"39 Av-Dutch Kills (N,W)",6,Queens,2004
12/1/23,"39 Av-Dutch Kills (N,W)",6,Queens,2978
11/24/23,"39 Av-Dutch Kills (N,W)",6,Queens,1306
11/7/23,"39 Av-Dutch Kills (N,W)",6,Queens,3096
12/31/23,"4 Av (F,G)/9 St (R)",608,Brooklyn,87
12/30/23,"4 Av (F,G)/9 St (R)",608,Brooklyn,5744
12/29/23,"4 Av (F,G)/9 St (R)",608,Brooklyn,7307
12/28/23,"4 Av (F,G)/9 St (R)",608,Brooklyn,6749
12/27/23,"4 Av (F,G)/9 St (R)",608,Brooklyn,6192
12/26/23,"4 Av (F,G)/9 St (R)",608,Brooklyn,5357
12/25/23,"4 Av (F,G)/9 St (R)",608,Brooklyn,2007
12/23/23,"4 Av (F,G)/9 St (R)",608,Brooklyn,5049
12/22/23,"4 Av (F,G)/9 St (R)",608,Brooklyn,8968
12/21/23,"4 Av (F,G)/9 St (R)",608,Brooklyn,9512
12/20/23,"4 Av (F,G)/9 St (R)",608,Brooklyn,9570
12/19/23,"4 Av (F,G)/9 St (R)",608,Brooklyn,10005
12/18/23,"4 Av (F,G)/9 St (R)",608,Brooklyn,8519
12/17/23,"4 Av (F,G)/9 St (R)",608,Brooklyn,5460
12/16/23,"4 Av (F,G)/9 St (R)",608,Brooklyn,7952
12/15/23,"4 Av (F,G)/9 St (R)",608,Brooklyn,9982
12/14/23,"4 Av (F,G)/9 St (R)",608,Brooklyn,10372
12/13/23,"4 Av (F,G)/9 St (R)",608,Brooklyn,10356
12/12/23,"4 Av (F,G)/9 St (R)",608,Brooklyn,10481
12/11/23,"4 Av (F,G)/9 St (R)",608,Brooklyn,9261
12/10/23,"4 Av (F,G)/9 St (R)",608,Brooklyn,5149
12/9/23,"4 Av (F,G)/9 St (R)",608,Brooklyn,8049
12/8/23,"4 Av (F,G)/9 St (R)",608,Brooklyn,10106
12/6/23,"4 Av (F,G)/9 St (R)",608,Brooklyn,10360
12/5/23,"4 Av (F,G)/9 St (R)",608,Brooklyn,10142
12/4/23,"4 Av (F,G)/9 St (R)",608,Brooklyn,9385
12/3/23,"4 Av (F,G)/9 St (R)",608,Brooklyn,5030
12/2/23,"4 Av (F,G)/9 St (R)",608,Brooklyn,7415
12/1/23,"4 Av (F,G)/9 St (R)",608,Brooklyn,9631
11/24/23,"4 Av (F,G)/9 St (R)",608,Brooklyn,3206
11/7/23,"4 Av (F,G)/9 St (R)",608,Brooklyn,10427
12/31/23,40 St-Lowery St (7),459,Queens,37
12/30/23,40 St-Lowery St (7),459,Queens,4211
12/29/23,40 St-Lowery St (7),459,Queens,5771
12/28/23,40 St-Lowery St (7),459,Queens,5657
12/27/23,40 St-Lowery St (7),459,Queens,5255
12/26/23,40 St-Lowery St (7),459,Queens,4634
12/25/23,40 St-Lowery St (7),459,Queens,2164
12/23/23,40 St-Lowery St (7),459,Queens,4263
12/22/23,40 St-Lowery St (7),459,Queens,6758
12/21/23,40 St-Lowery St (7),459,Queens,7236
12/20/23,40 St-Lowery St (7),459,Queens,7636
12/19/23,40 St-Lowery St (7),459,Queens,7528
12/18/23,40 St-Lowery St (7),459,Queens,6304
12/17/23,40 St-Lowery St (7),459,Queens,3491
12/16/23,40 St-Lowery St (7),459,Queens,5151
12/15/23,40 St-Lowery St (7),459,Queens,7289
12/14/23,40 St-Lowery St (7),459,Queens,7798
12/13/23,40 St-Lowery St (7),459,Queens,7671
12/12/23,40 St-Lowery St (7),459,Queens,7855
12/11/23,40 St-Lowery St (7),459,Queens,6991
12/10/23,40 St-Lowery St (7),459,Queens,3128
12/9/23,40 St-Lowery St (7),459,Queens,5131
12/8/23,40 St-Lowery St (7),459,Queens,7961
12/6/23,40 St-Lowery St (7),459,Queens,7726
12/5/23,40 St-Lowery St (7),459,Queens,7914
12/4/23,40 St-Lowery St (7),459,Queens,7245
12/3/23,40 St-Lowery St (7),459,Queens,3198
12/2/23,40 St-Lowery St (7),459,Queens,4897
12/1/23,40 St-Lowery St (7),459,Queens,7429
11/24/23,40 St-Lowery St (7),459,Queens,3088
11/7/23,40 St-Lowery St (7),459,Queens,7850
12/31/23,45 St (R),33,Brooklyn,21
12/30/23,45 St (R),33,Brooklyn,3555
12/29/23,45 St (R),33,Brooklyn,4686
12/28/23,45 St (R),33,Brooklyn,4402
12/27/23,45 St (R),33,Brooklyn,4269
12/26/23,45 St (R),33,Brooklyn,4275
12/25/23,45 St (R),33,Brooklyn,1898
12/23/23,45 St (R),33,Brooklyn,3067
12/22/23,45 St (R),33,Brooklyn,5731
12/21/23,45 St (R),33,Brooklyn,6044
12/20/23,45 St (R),33,Brooklyn,6182
12/19/23,45 St (R),33,Brooklyn,6271
12/18/23,45 St (R),33,Brooklyn,5438
12/17/23,45 St (R),33,Brooklyn,3184
12/16/23,45 St (R),33,Brooklyn,4073
12/15/23,45 St (R),33,Brooklyn,5830
12/14/23,45 St (R),33,Brooklyn,5765
12/13/23,45 St (R),33,Brooklyn,6083
12/12/23,45 St (R),33,Brooklyn,6214
12/11/23,45 St (R),33,Brooklyn,6056
12/10/23,45 St (R),33,Brooklyn,2912
12/9/23,45 St (R),33,Brooklyn,4526
12/8/23,45 St (R),33,Brooklyn,6466
12/6/23,45 St (R),33,Brooklyn,6103
12/5/23,45 St (R),33,Brooklyn,6242
12/4/23,45 St (R),33,Brooklyn,5990
12/3/23,45 St (R),33,Brooklyn,2409
12/2/23,45 St (R),33,Brooklyn,3520
12/1/23,45 St (R),33,Brooklyn,5973
11/24/23,45 St (R),33,Brooklyn,2183
11/7/23,45 St (R),33,Brooklyn,5986
12/31/23,"46 St (M,R)",270,Queens,25
12/30/23,"46 St (M,R)",270,Queens,3355
12/29/23,"46 St (M,R)",270,Queens,4433
12/28/23,"46 St (M,R)",270,Queens,4349
12/27/23,"46 St (M,R)",270,Queens,4234
12/26/23,"46 St (M,R)",270,Queens,4002
12/25/23,"46 St (M,R)",270,Queens,1520
12/23/23,"46 St (M,R)",270,Queens,3353
12/22/23,"46 St (M,R)",270,Queens,5070
12/21/23,"46 St (M,R)",270,Queens,5413
12/20/23,"46 St (M,R)",270,Queens,5629
12/19/23,"46 St (M,R)",270,Queens,5617
12/18/23,"46 St (M,R)",270,Queens,4791
12/17/23,"46 St (M,R)",270,Queens,2652
12/16/23,"46 St (M,R)",270,Queens,3941
12/15/23,"46 St (M,R)",270,Queens,5832
12/14/23,"46 St (M,R)",270,Queens,6149
12/13/23,"46 St (M,R)",270,Queens,5902
12/12/23,"46 St (M,R)",270,Queens,5961
12/11/23,"46 St (M,R)",270,Queens,5190
12/10/23,"46 St (M,R)",270,Queens,2461
12/9/23,"46 St (M,R)",270,Queens,4008
12/8/23,"46 St (M,R)",270,Queens,5743
12/6/23,"46 St (M,R)",270,Queens,5900
12/5/23,"46 St (M,R)",270,Queens,6001
12/4/23,"46 St (M,R)",270,Queens,5350
12/3/23,"46 St (M,R)",270,Queens,2445
12/2/23,"46 St (M,R)",270,Queens,3988
12/1/23,"46 St (M,R)",270,Queens,5718
11/24/23,"46 St (M,R)",270,Queens,2361
11/7/23,"46 St (M,R)",270,Queens,5853
12/31/23,46 St-Bliss St (7),458,Queens,35
12/30/23,46 St-Bliss St (7),458,Queens,6272
12/29/23,46 St-Bliss St (7),458,Queens,8439
12/28/23,46 St-Bliss St (7),458,Queens,8212
12/27/23,46 St-Bliss St (7),458,Queens,7729
12/26/23,46 St-Bliss St (7),458,Queens,6865
12/25/23,46 St-Bliss St (7),458,Queens,3189
12/23/23,46 St-Bliss St (7),458,Queens,6372
12/22/23,46 St-Bliss St (7),458,Queens,9419
12/21/23,46 St-Bliss St (7),458,Queens,9582
12/20/23,46 St-Bliss St (7),458,Queens,9845
12/19/23,46 St-Bliss St (7),458,Queens,9891
12/18/23,46 St-Bliss St (7),458,Queens,8505
12/17/23,46 St-Bliss St (7),458,Queens,5103
12/16/23,46 St-Bliss St (7),458,Queens,7331
12/15/23,46 St-Bliss St (7),458,Queens,9389
12/14/23,46 St-Bliss St (7),458,Queens,10263
12/13/23,46 St-Bliss St (7),458,Queens,10227
12/12/23,46 St-Bliss St (7),458,Queens,9967
12/11/23,46 St-Bliss St (7),458,Queens,9354
12/10/23,46 St-Bliss St (7),458,Queens,4475
12/9/23,46 St-Bliss St (7),458,Queens,7056
12/8/23,46 St-Bliss St (7),458,Queens,10223
12/6/23,46 St-Bliss St (7),458,Queens,10220
12/5/23,46 St-Bliss St (7),458,Queens,10367
12/4/23,46 St-Bliss St (7),458,Queens,9516
12/3/23,46 St-Bliss St (7),458,Queens,4572
12/2/23,46 St-Bliss St (7),458,Queens,7099
12/1/23,46 St-Bliss St (7),458,Queens,9877
11/24/23,46 St-Bliss St (7),458,Queens,4678
11/7/23,46 St-Bliss St (7),458,Queens,10129
12/31/23,"47-50 Sts-Rockefeller Ctr (B,D,F,M)",225,Manhattan,697
12/30/23,"47-50 Sts-Rockefeller Ctr (B,D,F,M)",225,Manhattan,34836
12/29/23,"47-50 Sts-Rockefeller Ctr (B,D,F,M)",225,Manhattan,46335
12/28/23,"47-50 Sts-Rockefeller Ctr (B,D,F,M)",225,Manhattan,43732
12/27/23,"47-50 Sts-Rockefeller Ctr (B,D,F,M)",225,Manhattan,40507
12/26/23,"47-50 Sts-Rockefeller Ctr (B,D,F,M)",225,Manhattan,43368
12/25/23,"47-50 Sts-Rockefeller Ctr (B,D,F,M)",225,Manhattan,28066
12/23/23,"47-50 Sts-Rockefeller Ctr (B,D,F,M)",225,Manhattan,34560
12/22/23,"47-50 Sts-Rockefeller Ctr (B,D,F,M)",225,Manhattan,43786
12/21/23,"47-50 Sts-Rockefeller Ctr (B,D,F,M)",225,Manhattan,48655
12/20/23,"47-50 Sts-Rockefeller Ctr (B,D,F,M)",225,Manhattan,50998
12/19/23,"47-50 Sts-Rockefeller Ctr (B,D,F,M)",225,Manhattan,52641
12/18/23,"47-50 Sts-Rockefeller Ctr (B,D,F,M)",225,Manhattan,41364
12/17/23,"47-50 Sts-Rockefeller Ctr (B,D,F,M)",225,Manhattan,22659
12/16/23,"47-50 Sts-Rockefeller Ctr (B,D,F,M)",225,Manhattan,40131
12/15/23,"47-50 Sts-Rockefeller Ctr (B,D,F,M)",225,Manhattan,45284
12/14/23,"47-50 Sts-Rockefeller Ctr (B,D,F,M)",225,Manhattan,51143
12/13/23,"47-50 Sts-Rockefeller Ctr (B,D,F,M)",225,Manhattan,51082
12/12/23,"47-50 Sts-Rockefeller Ctr (B,D,F,M)",225,Manhattan,51458
12/11/23,"47-50 Sts-Rockefeller Ctr (B,D,F,M)",225,Manhattan,42909
12/10/23,"47-50 Sts-Rockefeller Ctr (B,D,F,M)",225,Manhattan,20154
12/9/23,"47-50 Sts-Rockefeller Ctr (B,D,F,M)",225,Manhattan,42522
12/8/23,"47-50 Sts-Rockefeller Ctr (B,D,F,M)",225,Manhattan,45528
12/6/23,"47-50 Sts-Rockefeller Ctr (B,D,F,M)",225,Manhattan,50677
12/5/23,"47-50 Sts-Rockefeller Ctr (B,D,F,M)",225,Manhattan,50660
12/4/23,"47-50 Sts-Rockefeller Ctr (B,D,F,M)",225,Manhattan,43645
12/3/23,"47-50 Sts-Rockefeller Ctr (B,D,F,M)",225,Manhattan,19797
12/2/23,"47-50 Sts-Rockefeller Ctr (B,D,F,M)",225,Manhattan,37529
12/1/23,"47-50 Sts-Rockefeller Ctr (B,D,F,M)",225,Manhattan,43084
11/24/23,"47-50 Sts-Rockefeller Ctr (B,D,F,M)",225,Manhattan,28987
11/7/23,"47-50 Sts-Rockefeller Ctr (B,D,F,M)",225,Manhattan,50069
12/31/23,"49 St (N,R,W)",10,Manhattan,632
12/30/23,"49 St (N,R,W)",10,Manhattan,20154
12/29/23,"49 St (N,R,W)",10,Manhattan,21937
12/28/23,"49 St (N,R,W)",10,Manhattan,19947
12/27/23,"49 St (N,R,W)",10,Manhattan,19415
12/26/23,"49 St (N,R,W)",10,Manhattan,18360
12/25/23,"49 St (N,R,W)",10,Manhattan,13648
12/23/23,"49 St (N,R,W)",10,Manhattan,17547
12/22/23,"49 St (N,R,W)",10,Manhattan,18772
12/21/23,"49 St (N,R,W)",10,Manhattan,19964
12/20/23,"49 St (N,R,W)",10,Manhattan,21367
12/19/23,"49 St (N,R,W)",10,Manhattan,21424
12/18/23,"49 St (N,R,W)",10,Manhattan,17093
12/17/23,"49 St (N,R,W)",10,Manhattan,14265
12/16/23,"49 St (N,R,W)",10,Manhattan,20469
12/15/23,"49 St (N,R,W)",10,Manhattan,19360
12/14/23,"49 St (N,R,W)",10,Manhattan,21688
12/13/23,"49 St (N,R,W)",10,Manhattan,21033
12/12/23,"49 St (N,R,W)",10,Manhattan,20292
12/11/23,"49 St (N,R,W)",10,Manhattan,16982
12/10/23,"49 St (N,R,W)",10,Manhattan,12257
12/9/23,"49 St (N,R,W)",10,Manhattan,20084
12/8/23,"49 St (N,R,W)",10,Manhattan,20456
12/6/23,"49 St (N,R,W)",10,Manhattan,20731
12/5/23,"49 St (N,R,W)",10,Manhattan,20155
12/4/23,"49 St (N,R,W)",10,Manhattan,17217
12/3/23,"49 St (N,R,W)",10,Manhattan,11690
12/2/23,"49 St (N,R,W)",10,Manhattan,18981
12/1/23,"49 St (N,R,W)",10,Manhattan,18928
11/24/23,"49 St (N,R,W)",10,Manhattan,14000
11/7/23,"49 St (N,R,W)",10,Manhattan,20685
12/31/23,"5 Av/53 St (E,M)",276,Manhattan,193
12/30/23,"5 Av/53 St (E,M)",276,Manhattan,13521
12/29/23,"5 Av/53 St (E,M)",276,Manhattan,18724
12/28/23,"5 Av/53 St (E,M)",276,Manhattan,18900
12/27/23,"5 Av/53 St (E,M)",276,Manhattan,18483
12/26/23,"5 Av/53 St (E,M)",276,Manhattan,17542
12/25/23,"5 Av/53 St (E,M)",276,Manhattan,8635
12/23/23,"5 Av/53 St (E,M)",276,Manhattan,13189
12/22/23,"5 Av/53 St (E,M)",276,Manhattan,17391
12/21/23,"5 Av/53 St (E,M)",276,Manhattan,21155
12/20/23,"5 Av/53 St (E,M)",276,Manhattan,21876
12/19/23,"5 Av/53 St (E,M)",276,Manhattan,22947
12/18/23,"5 Av/53 St (E,M)",276,Manhattan,18700
12/17/23,"5 Av/53 St (E,M)",276,Manhattan,9544
12/16/23,"5 Av/53 St (E,M)",276,Manhattan,14566
12/15/23,"5 Av/53 St (E,M)",276,Manhattan,18608
12/14/23,"5 Av/53 St (E,M)",276,Manhattan,23456
12/13/23,"5 Av/53 St (E,M)",276,Manhattan,22686
12/12/23,"5 Av/53 St (E,M)",276,Manhattan,23573
12/11/23,"5 Av/53 St (E,M)",276,Manhattan,20021
12/10/23,"5 Av/53 St (E,M)",276,Manhattan,9157
12/9/23,"5 Av/53 St (E,M)",276,Manhattan,14730
12/8/23,"5 Av/53 St (E,M)",276,Manhattan,19116
12/6/23,"5 Av/53 St (E,M)",276,Manhattan,23151
12/5/23,"5 Av/53 St (E,M)",276,Manhattan,23005
12/4/23,"5 Av/53 St (E,M)",276,Manhattan,20101
12/3/23,"5 Av/53 St (E,M)",276,Manhattan,10041
12/2/23,"5 Av/53 St (E,M)",276,Manhattan,14492
12/1/23,"5 Av/53 St (E,M)",276,Manhattan,19473
11/24/23,"5 Av/53 St (E,M)",276,Manhattan,10665
11/7/23,"5 Av/53 St (E,M)",276,Manhattan,23191
12/31/23,"5 Av/59 St (N,R,W)",8,Manhattan,127
12/30/23,"5 Av/59 St (N,R,W)",8,Manhattan,11275
12/29/23,"5 Av/59 St (N,R,W)",8,Manhattan,14014
12/28/23,"5 Av/59 St (N,R,W)",8,Manhattan,12586
12/27/23,"5 Av/59 St (N,R,W)",8,Manhattan,11121
12/26/23,"5 Av/59 St (N,R,W)",8,Manhattan,11424
12/25/23,"5 Av/59 St (N,R,W)",8,Manhattan,9572
12/23/23,"5 Av/59 St (N,R,W)",8,Manhattan,8872
12/22/23,"5 Av/59 St (N,R,W)",8,Manhattan,10611
12/21/23,"5 Av/59 St (N,R,W)",8,Manhattan,12005
12/20/23,"5 Av/59 St (N,R,W)",8,Manhattan,12396
12/19/23,"5 Av/59 St (N,R,W)",8,Manhattan,13188
12/18/23,"5 Av/59 St (N,R,W)",8,Manhattan,10794
12/17/23,"5 Av/59 St (N,R,W)",8,Manhattan,7494
12/16/23,"5 Av/59 St (N,R,W)",8,Manhattan,13583
12/15/23,"5 Av/59 St (N,R,W)",8,Manhattan,12934
12/14/23,"5 Av/59 St (N,R,W)",8,Manhattan,13432
12/13/23,"5 Av/59 St (N,R,W)",8,Manhattan,13300
12/12/23,"5 Av/59 St (N,R,W)",8,Manhattan,13210
12/11/23,"5 Av/59 St (N,R,W)",8,Manhattan,11885
12/10/23,"5 Av/59 St (N,R,W)",8,Manhattan,6408
12/9/23,"5 Av/59 St (N,R,W)",8,Manhattan,13707
12/8/23,"5 Av/59 St (N,R,W)",8,Manhattan,12610
12/6/23,"5 Av/59 St (N,R,W)",8,Manhattan,13068
12/5/23,"5 Av/59 St (N,R,W)",8,Manhattan,13201
12/4/23,"5 Av/59 St (N,R,W)",8,Manhattan,12230
12/3/23,"5 Av/59 St (N,R,W)",8,Manhattan,6178
12/2/23,"5 Av/59 St (N,R,W)",8,Manhattan,13351
12/1/23,"5 Av/59 St (N,R,W)",8,Manhattan,11681
11/24/23,"5 Av/59 St (N,R,W)",8,Manhattan,7735
11/7/23,"5 Av/59 St (N,R,W)",8,Manhattan,12415
12/31/23,50 St (1),316,Manhattan,400
12/30/23,50 St (1),316,Manhattan,18049
12/29/23,50 St (1),316,Manhattan,19267
12/28/23,50 St (1),316,Manhattan,18490
12/27/23,50 St (1),316,Manhattan,17263
12/26/23,50 St (1),316,Manhattan,16952
12/25/23,50 St (1),316,Manhattan,11103
12/23/23,50 St (1),316,Manhattan,16500
12/22/23,50 St (1),316,Manhattan,17655
12/21/23,50 St (1),316,Manhattan,20082
12/20/23,50 St (1),316,Manhattan,22406
12/19/23,50 St (1),316,Manhattan,21899
12/18/23,50 St (1),316,Manhattan,17164
12/17/23,50 St (1),316,Manhattan,13722
12/16/23,50 St (1),316,Manhattan,18791
12/15/23,50 St (1),316,Manhattan,20043
12/14/23,50 St (1),316,Manhattan,23828
12/13/23,50 St (1),316,Manhattan,22963
12/12/23,50 St (1),316,Manhattan,24022
12/11/23,50 St (1),316,Manhattan,19403
12/10/23,50 St (1),316,Manhattan,12072
12/9/23,50 St (1),316,Manhattan,19247
12/8/23,50 St (1),316,Manhattan,19984
12/6/23,50 St (1),316,Manhattan,22521
12/5/23,50 St (1),316,Manhattan,22488
12/4/23,50 St (1),316,Manhattan,18937
12/3/23,50 St (1),316,Manhattan,13932
12/2/23,50 St (1),316,Manhattan,20226
12/1/23,50 St (1),316,Manhattan,19237
11/24/23,50 St (1),316,Manhattan,12912
11/7/23,50 St (1),316,Manhattan,22488
12/31/23,"50 St (C,E)",162,Manhattan,431
12/30/23,"50 St (C,E)",162,Manhattan,16390
12/29/23,"50 St (C,E)",162,Manhattan,17016
12/28/23,"50 St (C,E)",162,Manhattan,15560
12/27/23,"50 St (C,E)",162,Manhattan,15062
12/26/23,"50 St (C,E)",162,Manhattan,12881
12/25/23,"50 St (C,E)",162,Manhattan,8331
12/23/23,"50 St (C,E)",162,Manhattan,12815
12/22/23,"50 St (C,E)",162,Manhattan,14512
12/21/23,"50 St (C,E)",162,Manhattan,14671
12/20/23,"50 St (C,E)",162,Manhattan,14843
12/19/23,"50 St (C,E)",162,Manhattan,15445
12/18/23,"50 St (C,E)",162,Manhattan,13654
12/17/23,"50 St (C,E)",162,Manhattan,13096
12/16/23,"50 St (C,E)",162,Manhattan,18273
12/15/23,"50 St (C,E)",162,Manhattan,17693
12/14/23,"50 St (C,E)",162,Manhattan,18419
12/13/23,"50 St (C,E)",162,Manhattan,18129
12/12/23,"50 St (C,E)",162,Manhattan,17812
12/11/23,"50 St (C,E)",162,Manhattan,15929
12/10/23,"50 St (C,E)",162,Manhattan,13413
12/9/23,"50 St (C,E)",162,Manhattan,18607
12/8/23,"50 St (C,E)",162,Manhattan,17599
12/6/23,"50 St (C,E)",162,Manhattan,17631
12/5/23,"50 St (C,E)",162,Manhattan,16929
12/4/23,"50 St (C,E)",162,Manhattan,14713
12/3/23,"50 St (C,E)",162,Manhattan,11734
12/2/23,"50 St (C,E)",162,Manhattan,15307
12/1/23,"50 St (C,E)",162,Manhattan,17425
11/24/23,"50 St (C,E)",162,Manhattan,10269
11/7/23,"50 St (C,E)",162,Manhattan,18192
12/31/23,50 St (D),61,Brooklyn,19
12/30/23,50 St (D),61,Brooklyn,1132
12/29/23,50 St (D),61,Brooklyn,2269
12/28/23,50 St (D),61,Brooklyn,2508
12/27/23,50 St (D),61,Brooklyn,2419
12/26/23,50 St (D),61,Brooklyn,2370
12/25/23,50 St (D),61,Brooklyn,1122
12/23/23,50 St (D),61,Brooklyn,1042
12/22/23,50 St (D),61,Brooklyn,2414
12/21/23,50 St (D),61,Brooklyn,2849
12/20/23,50 St (D),61,Brooklyn,2797
12/19/23,50 St (D),61,Brooklyn,2856
12/18/23,50 St (D),61,Brooklyn,2303
12/17/23,50 St (D),61,Brooklyn,1091
12/16/23,50 St (D),61,Brooklyn,1010
12/15/23,50 St (D),61,Brooklyn,2417
12/14/23,50 St (D),61,Brooklyn,2798
12/13/23,50 St (D),61,Brooklyn,2760
12/12/23,50 St (D),61,Brooklyn,2766
12/11/23,50 St (D),61,Brooklyn,2645
12/10/23,50 St (D),61,Brooklyn,1184
12/9/23,50 St (D),61,Brooklyn,1158
12/8/23,50 St (D),61,Brooklyn,2504
12/6/23,50 St (D),61,Brooklyn,2737
12/5/23,50 St (D),61,Brooklyn,2709
12/4/23,50 St (D),61,Brooklyn,2743
12/3/23,50 St (D),61,Brooklyn,1184
12/2/23,50 St (D),61,Brooklyn,1066
12/1/23,50 St (D),61,Brooklyn,2445
11/24/23,50 St (D),61,Brooklyn,1195
11/7/23,50 St (D),61,Brooklyn,2819
12/31/23,52 St (7),457,Queens,16
12/30/23,52 St (7),457,Queens,2943
12/29/23,52 St (7),457,Queens,4067
12/28/23,52 St (7),457,Queens,3772
12/27/23,52 St (7),457,Queens,3585
12/26/23,52 St (7),457,Queens,3395
12/25/23,52 St (7),457,Queens,1685
12/23/23,52 St (7),457,Queens,2955
12/22/23,52 St (7),457,Queens,4384
12/21/23,52 St (7),457,Queens,4567
12/20/23,52 St (7),457,Queens,4491
12/19/23,52 St (7),457,Queens,4574
12/18/23,52 St (7),457,Queens,3815
12/17/23,52 St (7),457,Queens,2129
12/16/23,52 St (7),457,Queens,3272
12/15/23,52 St (7),457,Queens,4105
12/14/23,52 St (7),457,Queens,4689
12/13/23,52 St (7),457,Queens,4648
12/12/23,52 St (7),457,Queens,4677
12/11/23,52 St (7),457,Queens,4269
12/10/23,52 St (7),457,Queens,2072
12/9/23,52 St (7),457,Queens,3235
12/8/23,52 St (7),457,Queens,4793
12/6/23,52 St (7),457,Queens,4760
12/5/23,52 St (7),457,Queens,4920
12/4/23,52 St (7),457,Queens,4451
12/3/23,52 St (7),457,Queens,2086
12/2/23,52 St (7),457,Queens,3062
12/1/23,52 St (7),457,Queens,4525
11/24/23,52 St (7),457,Queens,2234
11/7/23,52 St (7),457,Queens,4682
12/31/23,53 St (R),34,Brooklyn,21
12/30/23,53 St (R),34,Brooklyn,3608
12/29/23,53 St (R),34,Brooklyn,5305
12/28/23,53 St (R),34,Brooklyn,5097
12/27/23,53 St (R),34,Brooklyn,4693
12/26/23,53 St (R),34,Brooklyn,4550
12/25/23,53 St (R),34,Brooklyn,2042
12/23/23,53 St (R),34,Brooklyn,3242
12/22/23,53 St (R),34,Brooklyn,6000
12/21/23,53 St (R),34,Brooklyn,6216
12/20/23,53 St (R),34,Brooklyn,6511
12/19/23,53 St (R),34,Brooklyn,6736
12/18/23,53 St (R),34,Brooklyn,6021
12/17/23,53 St (R),34,Brooklyn,3253
12/16/23,53 St (R),34,Brooklyn,4370
12/15/23,53 St (R),34,Brooklyn,6747
12/14/23,53 St (R),34,Brooklyn,6643
12/13/23,53 St (R),34,Brooklyn,6579
12/12/23,53 St (R),34,Brooklyn,6781
12/11/23,53 St (R),34,Brooklyn,6605
12/10/23,53 St (R),34,Brooklyn,3004
12/9/23,53 St (R),34,Brooklyn,4371
12/8/23,53 St (R),34,Brooklyn,6469
12/6/23,53 St (R),34,Brooklyn,6766
12/5/23,53 St (R),34,Brooklyn,6720
12/4/23,53 St (R),34,Brooklyn,6682
12/3/23,53 St (R),34,Brooklyn,2479
12/2/23,53 St (R),34,Brooklyn,3308
12/1/23,53 St (R),34,Brooklyn,6651
11/24/23,53 St (R),34,Brooklyn,2317
11/7/23,53 St (R),34,Brooklyn,6633
12/31/23,55 St (D),62,Brooklyn,8
12/30/23,55 St (D),62,Brooklyn,552
12/29/23,55 St (D),62,Brooklyn,1316
12/28/23,55 St (D),62,Brooklyn,1386
12/27/23,55 St (D),62,Brooklyn,1319
12/26/23,55 St (D),62,Brooklyn,1252
12/25/23,55 St (D),62,Brooklyn,697
12/23/23,55 St (D),62,Brooklyn,515
12/22/23,55 St (D),62,Brooklyn,1324
12/21/23,55 St (D),62,Brooklyn,1634
12/20/23,55 St (D),62,Brooklyn,1566
12/19/23,55 St (D),62,Brooklyn,1564
12/18/23,55 St (D),62,Brooklyn,1400
12/17/23,55 St (D),62,Brooklyn,642
12/16/23,55 St (D),62,Brooklyn,535
12/15/23,55 St (D),62,Brooklyn,1417
12/14/23,55 St (D),62,Brooklyn,1552
12/13/23,55 St (D),62,Brooklyn,1465
12/12/23,55 St (D),62,Brooklyn,1452
12/11/23,55 St (D),62,Brooklyn,1500
12/10/23,55 St (D),62,Brooklyn,595
12/9/23,55 St (D),62,Brooklyn,542
12/8/23,55 St (D),62,Brooklyn,1412
12/6/23,55 St (D),62,Brooklyn,1509
12/5/23,55 St (D),62,Brooklyn,1513
12/4/23,55 St (D),62,Brooklyn,1565
12/3/23,55 St (D),62,Brooklyn,657
12/2/23,55 St (D),62,Brooklyn,532
12/1/23,55 St (D),62,Brooklyn,1374
11/24/23,55 St (D),62,Brooklyn,789
11/7/23,55 St (D),62,Brooklyn,1549
12/30/23,57 St (F),224,Manhattan,15
12/29/23,57 St (F),224,Manhattan,5590
12/28/23,57 St (F),224,Manhattan,5109
12/27/23,57 St (F),224,Manhattan,4649
12/26/23,57 St (F),224,Manhattan,3973
12/25/23,57 St (F),224,Manhattan,20
12/23/23,57 St (F),224,Manhattan,18
12/22/23,57 St (F),224,Manhattan,4268
12/21/23,57 St (F),224,Manhattan,5182
12/20/23,57 St (F),224,Manhattan,5394
12/19/23,57 St (F),224,Manhattan,5396
12/18/23,57 St (F),224,Manhattan,4281
12/17/23,57 St (F),224,Manhattan,12
12/16/23,57 St (F),224,Manhattan,9
12/15/23,57 St (F),224,Manhattan,4844
12/14/23,57 St (F),224,Manhattan,5583
12/13/23,57 St (F),224,Manhattan,5571
12/12/23,57 St (F),224,Manhattan,5624
12/11/23,57 St (F),224,Manhattan,4573
12/8/23,57 St (F),224,Manhattan,4778
12/6/23,57 St (F),224,Manhattan,5500
12/5/23,57 St (F),224,Manhattan,5349
12/4/23,57 St (F),224,Manhattan,4458
12/3/23,57 St (F),224,Manhattan,5
12/1/23,57 St (F),224,Manhattan,4895
11/24/23,57 St (F),224,Manhattan,22
11/7/23,57 St (F),224,Manhattan,5400
12/31/23,"57 St-7 Av (N,Q,R,W)",9,Manhattan,443
12/30/23,"57 St-7 Av (N,Q,R,W)",9,Manhattan,20902
12/29/23,"57 St-7 Av (N,Q,R,W)",9,Manhattan,21960
12/28/23,"57 St-7 Av (N,Q,R,W)",9,Manhattan,21976
12/27/23,"57 St-7 Av (N,Q,R,W)",9,Manhattan,20714
12/26/23,"57 St-7 Av (N,Q,R,W)",9,Manhattan,17571
12/25/23,"57 St-7 Av (N,Q,R,W)",9,Manhattan,11593
12/23/23,"57 St-7 Av (N,Q,R,W)",9,Manhattan,18915
12/22/23,"57 St-7 Av (N,Q,R,W)",9,Manhattan,22288
12/21/23,"57 St-7 Av (N,Q,R,W)",9,Manhattan,25139
12/20/23,"57 St-7 Av (N,Q,R,W)",9,Manhattan,26788
12/19/23,"57 St-7 Av (N,Q,R,W)",9,Manhattan,27424
12/18/23,"57 St-7 Av (N,Q,R,W)",9,Manhattan,23450
12/17/23,"57 St-7 Av (N,Q,R,W)",9,Manhattan,18054
12/16/23,"57 St-7 Av (N,Q,R,W)",9,Manhattan,27324
12/15/23,"57 St-7 Av (N,Q,R,W)",9,Manhattan,26795
12/14/23,"57 St-7 Av (N,Q,R,W)",9,Manhattan,30657
12/13/23,"57 St-7 Av (N,Q,R,W)",9,Manhattan,30277
12/12/23,"57 St-7 Av (N,Q,R,W)",9,Manhattan,29669
12/11/23,"57 St-7 Av (N,Q,R,W)",9,Manhattan,25379
12/10/23,"57 St-7 Av (N,Q,R,W)",9,Manhattan,17263
12/9/23,"57 St-7 Av (N,Q,R,W)",9,Manhattan,26153
12/8/23,"57 St-7 Av (N,Q,R,W)",9,Manhattan,27571
12/6/23,"57 St-7 Av (N,Q,R,W)",9,Manhattan,30751
12/5/23,"57 St-7 Av (N,Q,R,W)",9,Manhattan,29195
12/4/23,"57 St-7 Av (N,Q,R,W)",9,Manhattan,25442
12/3/23,"57 St-7 Av (N,Q,R,W)",9,Manhattan,16582
12/2/23,"57 St-7 Av (N,Q,R,W)",9,Manhattan,26316
12/1/23,"57 St-7 Av (N,Q,R,W)",9,Manhattan,26213
11/24/23,"57 St-7 Av (N,Q,R,W)",9,Manhattan,14615
11/7/23,"57 St-7 Av (N,Q,R,W)",9,Manhattan,30203
12/31/23,"59 St (N,R)",35,Brooklyn,32
12/30/23,"59 St (N,R)",35,Brooklyn,5538
12/29/23,"59 St (N,R)",35,Brooklyn,7977
12/28/23,"59 St (N,R)",35,Brooklyn,7579
12/27/23,"59 St (N,R)",35,Brooklyn,7540
12/26/23,"59 St (N,R)",35,Brooklyn,7053
12/25/23,"59 St (N,R)",35,Brooklyn,3168
12/23/23,"59 St (N,R)",35,Brooklyn,6512
12/22/23,"59 St (N,R)",35,Brooklyn,9288
12/21/23,"59 St (N,R)",35,Brooklyn,9543
12/20/23,"59 St (N,R)",35,Brooklyn,9834
12/19/23,"59 St (N,R)",35,Brooklyn,9504
12/18/23,"59 St (N,R)",35,Brooklyn,8649
12/17/23,"59 St (N,R)",35,Brooklyn,4124
12/16/23,"59 St (N,R)",35,Brooklyn,5940
12/15/23,"59 St (N,R)",35,Brooklyn,9699
12/14/23,"59 St (N,R)",35,Brooklyn,9735
12/13/23,"59 St (N,R)",35,Brooklyn,9833
12/12/23,"59 St (N,R)",35,Brooklyn,9844
12/11/23,"59 St (N,R)",35,Brooklyn,9221
12/10/23,"59 St (N,R)",35,Brooklyn,3953
12/9/23,"59 St (N,R)",35,Brooklyn,5841
12/8/23,"59 St (N,R)",35,Brooklyn,9782
12/6/23,"59 St (N,R)",35,Brooklyn,10014
12/5/23,"59 St (N,R)",35,Brooklyn,10060
12/4/23,"59 St (N,R)",35,Brooklyn,9738
12/3/23,"59 St (N,R)",35,Brooklyn,4432
12/2/23,"59 St (N,R)",35,Brooklyn,6527
12/1/23,"59 St (N,R)",35,Brooklyn,9638
11/24/23,"59 St (N,R)",35,Brooklyn,4921
11/7/23,"59 St (N,R)",35,Brooklyn,10048
12/31/23,"59 St-Columbus Circle (A,B,C,D,1)",614,Manhattan,668
12/30/23,"59 St-Columbus Circle (A,B,C,D,1)",614,Manhattan,36570
12/29/23,"59 St-Columbus Circle (A,B,C,D,1)",614,Manhattan,44367
12/28/23,"59 St-Columbus Circle (A,B,C,D,1)",614,Manhattan,41602
12/27/23,"59 St-Columbus Circle (A,B,C,D,1)",614,Manhattan,39523
12/26/23,"59 St-Columbus Circle (A,B,C,D,1)",614,Manhattan,36213
12/25/23,"59 St-Columbus Circle (A,B,C,D,1)",614,Manhattan,19294
12/23/23,"59 St-Columbus Circle (A,B,C,D,1)",614,Manhattan,34917
12/22/23,"59 St-Columbus Circle (A,B,C,D,1)",614,Manhattan,45572
12/21/23,"59 St-Columbus Circle (A,B,C,D,1)",614,Manhattan,49202
12/20/23,"59 St-Columbus Circle (A,B,C,D,1)",614,Manhattan,52452
12/19/23,"59 St-Columbus Circle (A,B,C,D,1)",614,Manhattan,53626
12/18/23,"59 St-Columbus Circle (A,B,C,D,1)",614,Manhattan,44408
12/17/23,"59 St-Columbus Circle (A,B,C,D,1)",614,Manhattan,30008
12/16/23,"59 St-Columbus Circle (A,B,C,D,1)",614,Manhattan,46299
12/15/23,"59 St-Columbus Circle (A,B,C,D,1)",614,Manhattan,51356
12/14/23,"59 St-Columbus Circle (A,B,C,D,1)",614,Manhattan,55767
12/13/23,"59 St-Columbus Circle (A,B,C,D,1)",614,Manhattan,56584
12/12/23,"59 St-Columbus Circle (A,B,C,D,1)",614,Manhattan,55863
12/11/23,"59 St-Columbus Circle (A,B,C,D,1)",614,Manhattan,50665
12/10/23,"59 St-Columbus Circle (A,B,C,D,1)",614,Manhattan,29905
12/9/23,"59 St-Columbus Circle (A,B,C,D,1)",614,Manhattan,48412
12/8/23,"59 St-Columbus Circle (A,B,C,D,1)",614,Manhattan,53171
12/6/23,"59 St-Columbus Circle (A,B,C,D,1)",614,Manhattan,59364
12/5/23,"59 St-Columbus Circle (A,B,C,D,1)",614,Manhattan,58801
12/4/23,"59 St-Columbus Circle (A,B,C,D,1)",614,Manhattan,52996
12/3/23,"59 St-Columbus Circle (A,B,C,D,1)",614,Manhattan,26897
12/2/23,"59 St-Columbus Circle (A,B,C,D,1)",614,Manhattan,42555
12/1/23,"59 St-Columbus Circle (A,B,C,D,1)",614,Manhattan,50428
11/24/23,"59 St-Columbus Circle (A,B,C,D,1)",614,Manhattan,25989
11/7/23,"59 St-Columbus Circle (A,B,C,D,1)",614,Manhattan,59890
12/31/23,61 St-Woodside (7),456,Queens,74
12/30/23,61 St-Woodside (7),456,Queens,8293
12/29/23,61 St-Woodside (7),456,Queens,11635
12/28/23,61 St-Woodside (7),456,Queens,11454
12/27/23,61 St-Woodside (7),456,Queens,10869
12/26/23,61 St-Woodside (7),456,Queens,10410
12/25/23,61 St-Woodside (7),456,Queens,5190
12/23/23,61 St-Woodside (7),456,Queens,8435
12/22/23,61 St-Woodside (7),456,Queens,13118
12/21/23,61 St-Woodside (7),456,Queens,13432
12/20/23,61 St-Woodside (7),456,Queens,13576
12/19/23,61 St-Woodside (7),456,Queens,13974
12/18/23,61 St-Woodside (7),456,Queens,11791
12/17/23,61 St-Woodside (7),456,Queens,6792
12/16/23,61 St-Woodside (7),456,Queens,9578
12/15/23,61 St-Woodside (7),456,Queens,12157
12/14/23,61 St-Woodside (7),456,Queens,14273
12/13/23,61 St-Woodside (7),456,Queens,14063
12/12/23,61 St-Woodside (7),456,Queens,13935
12/11/23,61 St-Woodside (7),456,Queens,13448
12/10/23,61 St-Woodside (7),456,Queens,6209
12/9/23,61 St-Woodside (7),456,Queens,9536
12/8/23,61 St-Woodside (7),456,Queens,14249
12/6/23,61 St-Woodside (7),456,Queens,14567
12/5/23,61 St-Woodside (7),456,Queens,14253
12/4/23,61 St-Woodside (7),456,Queens,13821
12/3/23,61 St-Woodside (7),456,Queens,6490
12/2/23,61 St-Woodside (7),456,Queens,9489
12/1/23,61 St-Woodside (7),456,Queens,13954
11/24/23,61 St-Woodside (7),456,Queens,6636
11/7/23,61 St-Woodside (7),456,Queens,14311
12/31/23,"63 Dr-Rego Park (M,R)",263,Queens,31
12/30/23,"63 Dr-Rego Park (M,R)",263,Queens,5435
12/29/23,"63 Dr-Rego Park (M,R)",263,Queens,8585
12/28/23,"63 Dr-Rego Park (M,R)",263,Queens,8519
12/27/23,"63 Dr-Rego Park (M,R)",263,Queens,8523
12/26/23,"63 Dr-Rego Park (M,R)",263,Queens,8038
12/25/23,"63 Dr-Rego Park (M,R)",263,Queens,2751
12/23/23,"63 Dr-Rego Park (M,R)",263,Queens,6090
12/22/23,"63 Dr-Rego Park (M,R)",263,Queens,9732
12/21/23,"63 Dr-Rego Park (M,R)",263,Queens,10602
12/20/23,"63 Dr-Rego Park (M,R)",263,Queens,10652
12/19/23,"63 Dr-Rego Park (M,R)",263,Queens,10839
12/18/23,"63 Dr-Rego Park (M,R)",263,Queens,9398
12/17/23,"63 Dr-Rego Park (M,R)",263,Queens,4616
12/16/23,"63 Dr-Rego Park (M,R)",263,Queens,6393
12/15/23,"63 Dr-Rego Park (M,R)",263,Queens,10263
12/14/23,"63 Dr-Rego Park (M,R)",263,Queens,10590
12/13/23,"63 Dr-Rego Park (M,R)",263,Queens,10612
12/12/23,"63 Dr-Rego Park (M,R)",263,Queens,10660
12/11/23,"63 Dr-Rego Park (M,R)",263,Queens,10020
12/10/23,"63 Dr-Rego Park (M,R)",263,Queens,3989
12/9/23,"63 Dr-Rego Park (M,R)",263,Queens,6278
12/8/23,"63 Dr-Rego Park (M,R)",263,Queens,10020
12/6/23,"63 Dr-Rego Park (M,R)",263,Queens,10767
12/5/23,"63 Dr-Rego Park (M,R)",263,Queens,10786
12/4/23,"63 Dr-Rego Park (M,R)",263,Queens,10561
12/3/23,"63 Dr-Rego Park (M,R)",263,Queens,4066
12/2/23,"63 Dr-Rego Park (M,R)",263,Queens,6068
12/1/23,"63 Dr-Rego Park (M,R)",263,Queens,9687
11/24/23,"63 Dr-Rego Park (M,R)",263,Queens,4517
11/7/23,"63 Dr-Rego Park (M,R)",263,Queens,10597
12/31/23,"65 St (M,R)",268,Queens,11
12/30/23,"65 St (M,R)",268,Queens,1462
12/29/23,"65 St (M,R)",268,Queens,2075
12/28/23,"65 St (M,R)",268,Queens,2033
12/27/23,"65 St (M,R)",268,Queens,1986
12/26/23,"65 St (M,R)",268,Queens,1984
12/25/23,"65 St (M,R)",268,Queens,864
12/23/23,"65 St (M,R)",268,Queens,1547
12/22/23,"65 St (M,R)",268,Queens,2341
12/21/23,"65 St (M,R)",268,Queens,2379
12/20/23,"65 St (M,R)",268,Queens,2406
12/19/23,"65 St (M,R)",268,Queens,2385
12/18/23,"65 St (M,R)",268,Queens,2433
12/17/23,"65 St (M,R)",268,Queens,1240
12/16/23,"65 St (M,R)",268,Queens,1609
12/15/23,"65 St (M,R)",268,Queens,2802
12/14/23,"65 St (M,R)",268,Queens,2555
12/13/23,"65 St (M,R)",268,Queens,2421
12/12/23,"65 St (M,R)",268,Queens,2414
12/11/23,"65 St (M,R)",268,Queens,2284
12/10/23,"65 St (M,R)",268,Queens,1127
12/9/23,"65 St (M,R)",268,Queens,1499
12/8/23,"65 St (M,R)",268,Queens,2423
12/6/23,"65 St (M,R)",268,Queens,2495
12/5/23,"65 St (M,R)",268,Queens,2547
12/4/23,"65 St (M,R)",268,Queens,2422
12/3/23,"65 St (M,R)",268,Queens,1132
12/2/23,"65 St (M,R)",268,Queens,1495
12/1/23,"65 St (M,R)",268,Queens,2466
11/24/23,"65 St (M,R)",268,Queens,1186
11/7/23,"65 St (M,R)",268,Queens,2428
12/31/23,66 St-Lincoln Center (1),314,Manhattan,74
12/30/23,66 St-Lincoln Center (1),314,Manhattan,10305
12/29/23,66 St-Lincoln Center (1),314,Manhattan,12036
12/28/23,66 St-Lincoln Center (1),314,Manhattan,11457
12/27/23,66 St-Lincoln Center (1),314,Manhattan,11335
12/26/23,66 St-Lincoln Center (1),314,Manhattan,10346
12/25/23,66 St-Lincoln Center (1),314,Manhattan,3912
12/23/23,66 St-Lincoln Center (1),314,Manhattan,9512
12/22/23,66 St-Lincoln Center (1),314,Manhattan,14477
12/21/23,66 St-Lincoln Center (1),314,Manhattan,15756
12/20/23,66 St-Lincoln Center (1),314,Manhattan,17372
12/19/23,66 St-Lincoln Center (1),314,Manhattan,17094
12/18/23,66 St-Lincoln Center (1),314,Manhattan,13916
12/17/23,66 St-Lincoln Center (1),314,Manhattan,9103
12/16/23,66 St-Lincoln Center (1),314,Manhattan,13186
12/15/23,66 St-Lincoln Center (1),314,Manhattan,16948
12/14/23,66 St-Lincoln Center (1),314,Manhattan,19765
12/13/23,66 St-Lincoln Center (1),314,Manhattan,19962
12/12/23,66 St-Lincoln Center (1),314,Manhattan,19143
12/11/23,66 St-Lincoln Center (1),314,Manhattan,16733
12/10/23,66 St-Lincoln Center (1),314,Manhattan,10988
12/9/23,66 St-Lincoln Center (1),314,Manhattan,14768
12/8/23,66 St-Lincoln Center (1),314,Manhattan,18070
12/6/23,66 St-Lincoln Center (1),314,Manhattan,20101
12/5/23,66 St-Lincoln Center (1),314,Manhattan,19319
12/4/23,66 St-Lincoln Center (1),314,Manhattan,16258
12/3/23,66 St-Lincoln Center (1),314,Manhattan,10462
12/2/23,66 St-Lincoln Center (1),314,Manhattan,13565
12/1/23,66 St-Lincoln Center (1),314,Manhattan,18761
11/24/23,66 St-Lincoln Center (1),314,Manhattan,5206
11/7/23,66 St-Lincoln Center (1),314,Manhattan,19267
12/31/23,"67 Av (M,R)",262,Queens,17
12/30/23,"67 Av (M,R)",262,Queens,2698
12/29/23,"67 Av (M,R)",262,Queens,4347
12/28/23,"67 Av (M,R)",262,Queens,4415
12/27/23,"67 Av (M,R)",262,Queens,4362
12/26/23,"67 Av (M,R)",262,Queens,4083
12/25/23,"67 Av (M,R)",262,Queens,1582
12/23/23,"67 Av (M,R)",262,Queens,2741
12/22/23,"67 Av (M,R)",262,Queens,5291
12/21/23,"67 Av (M,R)",262,Queens,5801
12/20/23,"67 Av (M,R)",262,Queens,5981
12/19/23,"67 Av (M,R)",262,Queens,6089
12/18/23,"67 Av (M,R)",262,Queens,5215
12/17/23,"67 Av (M,R)",262,Queens,2200
12/16/23,"67 Av (M,R)",262,Queens,3082
12/15/23,"67 Av (M,R)",262,Queens,5659
12/14/23,"67 Av (M,R)",262,Queens,6154
12/13/23,"67 Av (M,R)",262,Queens,6132
12/12/23,"67 Av (M,R)",262,Queens,6202
12/11/23,"67 Av (M,R)",262,Queens,5642
12/10/23,"67 Av (M,R)",262,Queens,2147
12/9/23,"67 Av (M,R)",262,Queens,3258
12/8/23,"67 Av (M,R)",262,Queens,5767
12/6/23,"67 Av (M,R)",262,Queens,6361
12/5/23,"67 Av (M,R)",262,Queens,6384
12/4/23,"67 Av (M,R)",262,Queens,5965
12/3/23,"67 Av (M,R)",262,Queens,2109
12/2/23,"67 Av (M,R)",262,Queens,3153
12/1/23,"67 Av (M,R)",262,Queens,5665
11/24/23,"67 Av (M,R)",262,Queens,2169
11/7/23,"67 Av (M,R)",262,Queens,6307
12/31/23,68 St-Hunter College (6),399,Manhattan,38
12/30/23,68 St-Hunter College (6),399,Manhattan,5836
12/29/23,68 St-Hunter College (6),399,Manhattan,11252
12/28/23,68 St-Hunter College (6),399,Manhattan,11853
12/27/23,68 St-Hunter College (6),399,Manhattan,11019
12/26/23,68 St-Hunter College (6),399,Manhattan,9329
12/25/23,68 St-Hunter College (6),399,Manhattan,2760
12/23/23,68 St-Hunter College (6),399,Manhattan,5469
12/22/23,68 St-Hunter College (6),399,Manhattan,13208
12/21/23,68 St-Hunter College (6),399,Manhattan,16487
12/20/23,68 St-Hunter College (6),399,Manhattan,20526
12/19/23,68 St-Hunter College (6),399,Manhattan,21263
12/18/23,68 St-Hunter College (6),399,Manhattan,19958
12/17/23,68 St-Hunter College (6),399,Manhattan,5360
12/16/23,68 St-Hunter College (6),399,Manhattan,9411
12/15/23,68 St-Hunter College (6),399,Manhattan,19322
12/14/23,68 St-Hunter College (6),399,Manhattan,24753
12/13/23,68 St-Hunter College (6),399,Manhattan,19585
12/12/23,68 St-Hunter College (6),399,Manhattan,20774
12/11/23,68 St-Hunter College (6),399,Manhattan,25086
12/10/23,68 St-Hunter College (6),399,Manhattan,5199
12/9/23,68 St-Hunter College (6),399,Manhattan,9579
12/8/23,68 St-Hunter College (6),399,Manhattan,22522
12/6/23,68 St-Hunter College (6),399,Manhattan,23884
12/5/23,68 St-Hunter College (6),399,Manhattan,25531
12/4/23,68 St-Hunter College (6),399,Manhattan,24351
12/3/23,68 St-Hunter College (6),399,Manhattan,5386
12/2/23,68 St-Hunter College (6),399,Manhattan,9327
12/1/23,68 St-Hunter College (6),399,Manhattan,21949
11/24/23,68 St-Hunter College (6),399,Manhattan,3612
11/7/23,68 St-Hunter College (6),399,Manhattan,26863
12/31/23,69 St (7),455,Queens,21
12/30/23,69 St (7),455,Queens,3429
12/29/23,69 St (7),455,Queens,4375
12/28/23,69 St (7),455,Queens,4103
12/27/23,69 St (7),455,Queens,4122
12/26/23,69 St (7),455,Queens,3970
12/25/23,69 St (7),455,Queens,1907
12/23/23,69 St (7),455,Queens,3483
12/22/23,69 St (7),455,Queens,4812
12/21/23,69 St (7),455,Queens,4890
12/20/23,69 St (7),455,Queens,5052
12/19/23,69 St (7),455,Queens,4975
12/18/23,69 St (7),455,Queens,4524
12/17/23,69 St (7),455,Queens,2581
12/16/23,69 St (7),455,Queens,3569
12/15/23,69 St (7),455,Queens,4547
12/14/23,69 St (7),455,Queens,4918
12/13/23,69 St (7),455,Queens,5045
12/12/23,69 St (7),455,Queens,4985
12/11/23,69 St (7),455,Queens,4806
12/10/23,69 St (7),455,Queens,2329
12/9/23,69 St (7),455,Queens,3396
12/8/23,69 St (7),455,Queens,4974
12/6/23,69 St (7),455,Queens,5048
12/5/23,69 St (7),455,Queens,5066
12/4/23,69 St (7),455,Queens,5112
12/3/23,69 St (7),455,Queens,2348
12/2/23,69 St (7),455,Queens,3443
12/1/23,69 St (7),455,Queens,4999
11/24/23,69 St (7),455,Queens,2611
11/7/23,69 St (7),455,Queens,4955
12/31/23,"7 Av (B,Q)",41,Brooklyn,44
12/30/23,"7 Av (B,Q)",41,Brooklyn,4084
12/29/23,"7 Av (B,Q)",41,Brooklyn,5655
12/28/23,"7 Av (B,Q)",41,Brooklyn,5004
12/27/23,"7 Av (B,Q)",41,Brooklyn,4663
12/26/23,"7 Av (B,Q)",41,Brooklyn,3824
12/25/23,"7 Av (B,Q)",41,Brooklyn,1427
12/23/23,"7 Av (B,Q)",41,Brooklyn,3455
12/22/23,"7 Av (B,Q)",41,Brooklyn,6611
12/21/23,"7 Av (B,Q)",41,Brooklyn,7564
12/20/23,"7 Av (B,Q)",41,Brooklyn,7941
12/19/23,"7 Av (B,Q)",41,Brooklyn,8229
12/18/23,"7 Av (B,Q)",41,Brooklyn,6744
12/17/23,"7 Av (B,Q)",41,Brooklyn,3697
12/16/23,"7 Av (B,Q)",41,Brooklyn,5757
12/15/23,"7 Av (B,Q)",41,Brooklyn,8277
12/14/23,"7 Av (B,Q)",41,Brooklyn,8857
12/13/23,"7 Av (B,Q)",41,Brooklyn,8847
12/12/23,"7 Av (B,Q)",41,Brooklyn,8780
12/11/23,"7 Av (B,Q)",41,Brooklyn,7554
12/10/23,"7 Av (B,Q)",41,Brooklyn,3147
12/9/23,"7 Av (B,Q)",41,Brooklyn,5304
12/8/23,"7 Av (B,Q)",41,Brooklyn,8091
12/6/23,"7 Av (B,Q)",41,Brooklyn,8798
12/5/23,"7 Av (B,Q)",41,Brooklyn,8665
12/4/23,"7 Av (B,Q)",41,Brooklyn,7759
12/3/23,"7 Av (B,Q)",41,Brooklyn,3627
12/2/23,"7 Av (B,Q)",41,Brooklyn,5842
12/1/23,"7 Av (B,Q)",41,Brooklyn,7869
11/24/23,"7 Av (B,Q)",41,Brooklyn,2213
11/7/23,"7 Av (B,Q)",41,Brooklyn,8855
12/31/23,"7 Av (E,B,D)",277,Manhattan,276
12/30/23,"7 Av (E,B,D)",277,Manhattan,9445
12/29/23,"7 Av (E,B,D)",277,Manhattan,13197
12/28/23,"7 Av (E,B,D)",277,Manhattan,13378
12/27/23,"7 Av (E,B,D)",277,Manhattan,13178
12/26/23,"7 Av (E,B,D)",277,Manhattan,11054
12/25/23,"7 Av (E,B,D)",277,Manhattan,6158
12/23/23,"7 Av (E,B,D)",277,Manhattan,8415
12/22/23,"7 Av (E,B,D)",277,Manhattan,11609
12/21/23,"7 Av (E,B,D)",277,Manhattan,12715
12/20/23,"7 Av (E,B,D)",277,Manhattan,13956
12/19/23,"7 Av (E,B,D)",277,Manhattan,14187
12/18/23,"7 Av (E,B,D)",277,Manhattan,11969
12/17/23,"7 Av (E,B,D)",277,Manhattan,6725
12/16/23,"7 Av (E,B,D)",277,Manhattan,9768
12/15/23,"7 Av (E,B,D)",277,Manhattan,13587
12/14/23,"7 Av (E,B,D)",277,Manhattan,15022
12/13/23,"7 Av (E,B,D)",277,Manhattan,15109
12/12/23,"7 Av (E,B,D)",277,Manhattan,14915
12/11/23,"7 Av (E,B,D)",277,Manhattan,13060
12/10/23,"7 Av (E,B,D)",277,Manhattan,8033
12/9/23,"7 Av (E,B,D)",277,Manhattan,11080
12/8/23,"7 Av (E,B,D)",277,Manhattan,13369
12/6/23,"7 Av (E,B,D)",277,Manhattan,14358
12/5/23,"7 Av (E,B,D)",277,Manhattan,14587
12/4/23,"7 Av (E,B,D)",277,Manhattan,12551
12/3/23,"7 Av (E,B,D)",277,Manhattan,6948
12/2/23,"7 Av (E,B,D)",277,Manhattan,9547
12/1/23,"7 Av (E,B,D)",277,Manhattan,13571
11/24/23,"7 Av (E,B,D)",277,Manhattan,6808
11/7/23,"7 Av (E,B,D)",277,Manhattan,14972
12/31/23,"7 Av (F,G)",240,Brooklyn,41
12/30/23,"7 Av (F,G)",240,Brooklyn,4696
12/29/23,"7 Av (F,G)",240,Brooklyn,6219
12/28/23,"7 Av (F,G)",240,Brooklyn,6122
12/27/23,"7 Av (F,G)",240,Brooklyn,5577
12/26/23,"7 Av (F,G)",240,Brooklyn,4708
12/25/23,"7 Av (F,G)",240,Brooklyn,1846
12/23/23,"7 Av (F,G)",240,Brooklyn,4491
12/22/23,"7 Av (F,G)",240,Brooklyn,8214
12/21/23,"7 Av (F,G)",240,Brooklyn,9317
12/20/23,"7 Av (F,G)",240,Brooklyn,9769
12/19/23,"7 Av (F,G)",240,Brooklyn,9744
12/18/23,"7 Av (F,G)",240,Brooklyn,8412
12/17/23,"7 Av (F,G)",240,Brooklyn,4681
12/16/23,"7 Av (F,G)",240,Brooklyn,6780
12/15/23,"7 Av (F,G)",240,Brooklyn,9819
12/14/23,"7 Av (F,G)",240,Brooklyn,10759
12/13/23,"7 Av (F,G)",240,Brooklyn,10682
12/12/23,"7 Av (F,G)",240,Brooklyn,10438
12/11/23,"7 Av (F,G)",240,Brooklyn,9206
12/10/23,"7 Av (F,G)",240,Brooklyn,4302
12/9/23,"7 Av (F,G)",240,Brooklyn,6834
12/8/23,"7 Av (F,G)",240,Brooklyn,9726
12/6/23,"7 Av (F,G)",240,Brooklyn,10537
12/5/23,"7 Av (F,G)",240,Brooklyn,10270
12/4/23,"7 Av (F,G)",240,Brooklyn,9188
12/3/23,"7 Av (F,G)",240,Brooklyn,4233
12/2/23,"7 Av (F,G)",240,Brooklyn,6631
12/1/23,"7 Av (F,G)",240,Brooklyn,9403
11/24/23,"7 Av (F,G)",240,Brooklyn,3078
11/7/23,"7 Av (F,G)",240,Brooklyn,10453
12/31/23,71 St (D),64,Brooklyn,5
12/30/23,71 St (D),64,Brooklyn,2438
12/29/23,71 St (D),64,Brooklyn,3288
12/28/23,71 St (D),64,Brooklyn,3105
12/27/23,71 St (D),64,Brooklyn,3082
12/26/23,71 St (D),64,Brooklyn,2860
12/25/23,71 St (D),64,Brooklyn,1716
12/23/23,71 St (D),64,Brooklyn,2326
12/22/23,71 St (D),64,Brooklyn,3550
12/21/23,71 St (D),64,Brooklyn,3524
12/20/23,71 St (D),64,Brooklyn,3735
12/19/23,71 St (D),64,Brooklyn,3739
12/18/23,71 St (D),64,Brooklyn,3239
12/17/23,71 St (D),64,Brooklyn,1767
12/16/23,71 St (D),64,Brooklyn,2425
12/15/23,71 St (D),64,Brooklyn,3596
12/14/23,71 St (D),64,Brooklyn,3729
12/13/23,71 St (D),64,Brooklyn,3711
12/12/23,71 St (D),64,Brooklyn,3757
12/11/23,71 St (D),64,Brooklyn,3548
12/10/23,71 St (D),64,Brooklyn,1689
12/9/23,71 St (D),64,Brooklyn,2609
12/8/23,71 St (D),64,Brooklyn,3425
12/6/23,71 St (D),64,Brooklyn,3207
12/5/23,71 St (D),64,Brooklyn,3850
12/4/23,71 St (D),64,Brooklyn,3693
12/3/23,71 St (D),64,Brooklyn,1586
12/2/23,71 St (D),64,Brooklyn,2209
12/1/23,71 St (D),64,Brooklyn,2940
11/24/23,71 St (D),64,Brooklyn,1965
11/7/23,71 St (D),64,Brooklyn,3232
12/31/23,"72 St (1,2,3)",313,Manhattan,350
12/30/23,"72 St (1,2,3)",313,Manhattan,19571
12/29/23,"72 St (1,2,3)",313,Manhattan,23788
12/28/23,"72 St (1,2,3)",313,Manhattan,21848
12/27/23,"72 St (1,2,3)",313,Manhattan,20917
12/26/23,"72 St (1,2,3)",313,Manhattan,17858
12/25/23,"72 St (1,2,3)",313,Manhattan,8652
12/23/23,"72 St (1,2,3)",313,Manhattan,17738
12/22/23,"72 St (1,2,3)",313,Manhattan,25888
12/21/23,"72 St (1,2,3)",313,Manhattan,27868
12/20/23,"72 St (1,2,3)",313,Manhattan,28848
12/19/23,"72 St (1,2,3)",313,Manhattan,29739
12/18/23,"72 St (1,2,3)",313,Manhattan,26168
12/17/23,"72 St (1,2,3)",313,Manhattan,20714
12/16/23,"72 St (1,2,3)",313,Manhattan,26829
12/15/23,"72 St (1,2,3)",313,Manhattan,31809
12/14/23,"72 St (1,2,3)",313,Manhattan,32553
12/13/23,"72 St (1,2,3)",313,Manhattan,31924
12/12/23,"72 St (1,2,3)",313,Manhattan,30754
12/11/23,"72 St (1,2,3)",313,Manhattan,28557
12/10/23,"72 St (1,2,3)",313,Manhattan,22783
12/9/23,"72 St (1,2,3)",313,Manhattan,31352
12/8/23,"72 St (1,2,3)",313,Manhattan,31691
12/6/23,"72 St (1,2,3)",313,Manhattan,31607
12/5/23,"72 St (1,2,3)",313,Manhattan,31186
12/4/23,"72 St (1,2,3)",313,Manhattan,28258
12/3/23,"72 St (1,2,3)",313,Manhattan,21034
12/2/23,"72 St (1,2,3)",313,Manhattan,30124
12/1/23,"72 St (1,2,3)",313,Manhattan,30407
11/24/23,"72 St (1,2,3)",313,Manhattan,12725
11/7/23,"72 St (1,2,3)",313,Manhattan,32050
12/31/23,"72 St (C,B)",160,Manhattan,48
12/30/23,"72 St (C,B)",160,Manhattan,5713
12/29/23,"72 St (C,B)",160,Manhattan,8290
12/28/23,"72 St (C,B)",160,Manhattan,7310
12/27/23,"72 St (C,B)",160,Manhattan,6732
12/26/23,"72 St (C,B)",160,Manhattan,6074
12/25/23,"72 St (C,B)",160,Manhattan,3918
12/23/23,"72 St (C,B)",160,Manhattan,3958
12/22/23,"72 St (C,B)",160,Manhattan,6749
12/21/23,"72 St (C,B)",160,Manhattan,7540
12/20/23,"72 St (C,B)",160,Manhattan,7565
12/19/23,"72 St (C,B)",160,Manhattan,7879
12/18/23,"72 St (C,B)",160,Manhattan,6671
12/17/23,"72 St (C,B)",160,Manhattan,4238
12/16/23,"72 St (C,B)",160,Manhattan,6822
12/15/23,"72 St (C,B)",160,Manhattan,8223
12/14/23,"72 St (C,B)",160,Manhattan,7722
12/13/23,"72 St (C,B)",160,Manhattan,7802
12/12/23,"72 St (C,B)",160,Manhattan,7729
12/11/23,"72 St (C,B)",160,Manhattan,6853
12/10/23,"72 St (C,B)",160,Manhattan,1513
12/9/23,"72 St (C,B)",160,Manhattan,2358
12/8/23,"72 St (C,B)",160,Manhattan,8689
12/6/23,"72 St (C,B)",160,Manhattan,7262
12/5/23,"72 St (C,B)",160,Manhattan,7448
12/4/23,"72 St (C,B)",160,Manhattan,7144
12/3/23,"72 St (C,B)",160,Manhattan,2853
12/2/23,"72 St (C,B)",160,Manhattan,4323
12/1/23,"72 St (C,B)",160,Manhattan,7735
11/24/23,"72 St (C,B)",160,Manhattan,3267
11/7/23,"72 St (C,B)",160,Manhattan,7547
12/31/23,72 St (Q),477,Manhattan,103
12/30/23,72 St (Q),477,Manhattan,10488
12/29/23,72 St (Q),477,Manhattan,15422
12/28/23,72 St (Q),477,Manhattan,16260
12/27/23,72 St (Q),477,Manhattan,14820
12/26/23,72 St (Q),477,Manhattan,12488
12/25/23,72 St (Q),477,Manhattan,4504
12/23/23,72 St (Q),477,Manhattan,9678
12/22/23,72 St (Q),477,Manhattan,18462
12/21/23,72 St (Q),477,Manhattan,20911
12/20/23,72 St (Q),477,Manhattan,22386
12/19/23,72 St (Q),477,Manhattan,23241
12/18/23,72 St (Q),477,Manhattan,19714
12/17/23,72 St (Q),477,Manhattan,9414
12/16/23,72 St (Q),477,Manhattan,14153
12/15/23,72 St (Q),477,Manhattan,22350
12/14/23,72 St (Q),477,Manhattan,24715
12/13/23,72 St (Q),477,Manhattan,24722
12/12/23,72 St (Q),477,Manhattan,24321
12/11/23,72 St (Q),477,Manhattan,21385
12/10/23,72 St (Q),477,Manhattan,9201
12/9/23,72 St (Q),477,Manhattan,14447
12/8/23,72 St (Q),477,Manhattan,22840
12/6/23,72 St (Q),477,Manhattan,24868
12/5/23,72 St (Q),477,Manhattan,24441
12/4/23,72 St (Q),477,Manhattan,21309
12/3/23,72 St (Q),477,Manhattan,8901
12/2/23,72 St (Q),477,Manhattan,13781
12/1/23,72 St (Q),477,Manhattan,22228
11/24/23,72 St (Q),477,Manhattan,6240
11/7/23,72 St (Q),477,Manhattan,24507
12/31/23,"74-Broadway (7)/Jackson Hts-Roosevelt Av (E,F,M,R)",616,Queens,367
12/30/23,"74-Broadway (7)/Jackson Hts-Roosevelt Av (E,F,M,R)",616,Queens,35318
12/29/23,"74-Broadway (7)/Jackson Hts-Roosevelt Av (E,F,M,R)",616,Queens,46757
12/28/23,"74-Broadway (7)/Jackson Hts-Roosevelt Av (E,F,M,R)",616,Queens,45046
12/27/23,"74-Broadway (7)/Jackson Hts-Roosevelt Av (E,F,M,R)",616,Queens,43165
12/26/23,"74-Broadway (7)/Jackson Hts-Roosevelt Av (E,F,M,R)",616,Queens,43082
12/25/23,"74-Broadway (7)/Jackson Hts-Roosevelt Av (E,F,M,R)",616,Queens,21927
12/23/23,"74-Broadway (7)/Jackson Hts-Roosevelt Av (E,F,M,R)",616,Queens,34361
12/22/23,"74-Broadway (7)/Jackson Hts-Roosevelt Av (E,F,M,R)",616,Queens,49093
12/21/23,"74-Broadway (7)/Jackson Hts-Roosevelt Av (E,F,M,R)",616,Queens,52166
12/20/23,"74-Broadway (7)/Jackson Hts-Roosevelt Av (E,F,M,R)",616,Queens,52534
12/19/23,"74-Broadway (7)/Jackson Hts-Roosevelt Av (E,F,M,R)",616,Queens,52718
12/18/23,"74-Broadway (7)/Jackson Hts-Roosevelt Av (E,F,M,R)",616,Queens,50035
12/17/23,"74-Broadway (7)/Jackson Hts-Roosevelt Av (E,F,M,R)",616,Queens,29406
12/16/23,"74-Broadway (7)/Jackson Hts-Roosevelt Av (E,F,M,R)",616,Queens,39749
12/15/23,"74-Broadway (7)/Jackson Hts-Roosevelt Av (E,F,M,R)",616,Queens,63840
12/14/23,"74-Broadway (7)/Jackson Hts-Roosevelt Av (E,F,M,R)",616,Queens,53764
12/13/23,"74-Broadway (7)/Jackson Hts-Roosevelt Av (E,F,M,R)",616,Queens,53033
12/12/23,"74-Broadway (7)/Jackson Hts-Roosevelt Av (E,F,M,R)",616,Queens,52878
12/11/23,"74-Broadway (7)/Jackson Hts-Roosevelt Av (E,F,M,R)",616,Queens,49260
12/10/23,"74-Broadway (7)/Jackson Hts-Roosevelt Av (E,F,M,R)",616,Queens,27207
12/9/23,"74-Broadway (7)/Jackson Hts-Roosevelt Av (E,F,M,R)",616,Queens,40865
12/8/23,"74-Broadway (7)/Jackson Hts-Roosevelt Av (E,F,M,R)",616,Queens,53508
12/6/23,"74-Broadway (7)/Jackson Hts-Roosevelt Av (E,F,M,R)",616,Queens,52794
12/5/23,"74-Broadway (7)/Jackson Hts-Roosevelt Av (E,F,M,R)",616,Queens,53719
12/4/23,"74-Broadway (7)/Jackson Hts-Roosevelt Av (E,F,M,R)",616,Queens,52283
12/3/23,"74-Broadway (7)/Jackson Hts-Roosevelt Av (E,F,M,R)",616,Queens,26858
12/2/23,"74-Broadway (7)/Jackson Hts-Roosevelt Av (E,F,M,R)",616,Queens,39026
12/1/23,"74-Broadway (7)/Jackson Hts-Roosevelt Av (E,F,M,R)",616,Queens,51365
11/24/23,"74-Broadway (7)/Jackson Hts-Roosevelt Av (E,F,M,R)",616,Queens,26454
11/7/23,"74-Broadway (7)/Jackson Hts-Roosevelt Av (E,F,M,R)",616,Queens,52943
12/31/23,"75 Av (E,F)",260,Queens,5
12/30/23,"75 Av (E,F)",260,Queens,1310
12/29/23,"75 Av (E,F)",260,Queens,1887
12/28/23,"75 Av (E,F)",260,Queens,1916
12/27/23,"75 Av (E,F)",260,Queens,1896
12/26/23,"75 Av (E,F)",260,Queens,1771
12/25/23,"75 Av (E,F)",260,Queens,673
12/23/23,"75 Av (E,F)",260,Queens,1329
12/22/23,"75 Av (E,F)",260,Queens,2234
12/21/23,"75 Av (E,F)",260,Queens,2461
12/20/23,"75 Av (E,F)",260,Queens,2525
12/19/23,"75 Av (E,F)",260,Queens,2555
12/18/23,"75 Av (E,F)",260,Queens,2233
12/17/23,"75 Av (E,F)",260,Queens,1109
12/16/23,"75 Av (E,F)",260,Queens,1625
12/15/23,"75 Av (E,F)",260,Queens,2485
12/14/23,"75 Av (E,F)",260,Queens,2655
12/13/23,"75 Av (E,F)",260,Queens,2690
12/12/23,"75 Av (E,F)",260,Queens,2667
12/11/23,"75 Av (E,F)",260,Queens,2382
12/10/23,"75 Av (E,F)",260,Queens,1068
12/9/23,"75 Av (E,F)",260,Queens,1600
12/8/23,"75 Av (E,F)",260,Queens,2430
12/6/23,"75 Av (E,F)",260,Queens,2706
12/5/23,"75 Av (E,F)",260,Queens,2616
12/4/23,"75 Av (E,F)",260,Queens,2435
12/3/23,"75 Av (E,F)",260,Queens,1081
12/2/23,"75 Av (E,F)",260,Queens,1452
12/1/23,"75 Av (E,F)",260,Queens,2375
11/24/23,"75 Av (E,F)",260,Queens,1016
11/7/23,"75 Av (E,F)",260,Queens,2627
12/31/23,"75 St-Elderts Ln (J,Z)",85,Queens,5
12/30/23,"75 St-Elderts Ln (J,Z)",85,Queens,471
12/29/23,"75 St-Elderts Ln (J,Z)",85,Queens,842
12/28/23,"75 St-Elderts Ln (J,Z)",85,Queens,795
12/27/23,"75 St-Elderts Ln (J,Z)",85,Queens,805
12/26/23,"75 St-Elderts Ln (J,Z)",85,Queens,791
12/25/23,"75 St-Elderts Ln (J,Z)",85,Queens,404
12/23/23,"75 St-Elderts Ln (J,Z)",85,Queens,562
12/22/23,"75 St-Elderts Ln (J,Z)",85,Queens,1022
12/21/23,"75 St-Elderts Ln (J,Z)",85,Queens,1069
12/20/23,"75 St-Elderts Ln (J,Z)",85,Queens,1105
12/19/23,"75 St-Elderts Ln (J,Z)",85,Queens,1083
12/18/23,"75 St-Elderts Ln (J,Z)",85,Queens,711
12/17/23,"75 St-Elderts Ln (J,Z)",85,Queens,8
12/16/23,"75 St-Elderts Ln (J,Z)",85,Queens,1
12/15/23,"75 St-Elderts Ln (J,Z)",85,Queens,1114
12/14/23,"75 St-Elderts Ln (J,Z)",85,Queens,1166
12/13/23,"75 St-Elderts Ln (J,Z)",85,Queens,1120
12/12/23,"75 St-Elderts Ln (J,Z)",85,Queens,1109
12/11/23,"75 St-Elderts Ln (J,Z)",85,Queens,1256
12/9/23,"75 St-Elderts Ln (J,Z)",85,Queens,3
12/8/23,"75 St-Elderts Ln (J,Z)",85,Queens,1209
12/6/23,"75 St-Elderts Ln (J,Z)",85,Queens,1258
12/5/23,"75 St-Elderts Ln (J,Z)",85,Queens,1219
12/4/23,"75 St-Elderts Ln (J,Z)",85,Queens,1288
12/3/23,"75 St-Elderts Ln (J,Z)",85,Queens,2
12/2/23,"75 St-Elderts Ln (J,Z)",85,Queens,2
12/1/23,"75 St-Elderts Ln (J,Z)",85,Queens,989
11/24/23,"75 St-Elderts Ln (J,Z)",85,Queens,502
11/7/23,"75 St-Elderts Ln (J,Z)",85,Queens,1469
12/31/23,77 St (6),398,Manhattan,96
12/30/23,77 St (6),398,Manhattan,11952
12/29/23,77 St (6),398,Manhattan,18892
12/28/23,77 St (6),398,Manhattan,19683
12/27/23,77 St (6),398,Manhattan,15456
12/26/23,77 St (6),398,Manhattan,14347
12/25/23,77 St (6),398,Manhattan,4703
12/23/23,77 St (6),398,Manhattan,10277
12/22/23,77 St (6),398,Manhattan,20035
12/21/23,77 St (6),398,Manhattan,23190
12/20/23,77 St (6),398,Manhattan,22919
12/19/23,77 St (6),398,Manhattan,23282
12/18/23,77 St (6),398,Manhattan,21301
12/17/23,77 St (6),398,Manhattan,9739
12/16/23,77 St (6),398,Manhattan,14771
12/15/23,77 St (6),398,Manhattan,23824
12/14/23,77 St (6),398,Manhattan,25660
12/13/23,77 St (6),398,Manhattan,23649
12/12/23,77 St (6),398,Manhattan,24610
12/11/23,77 St (6),398,Manhattan,22622
12/10/23,77 St (6),398,Manhattan,9711
12/9/23,77 St (6),398,Manhattan,15425
12/8/23,77 St (6),398,Manhattan,23633
12/6/23,77 St (6),398,Manhattan,24290
12/5/23,77 St (6),398,Manhattan,23939
12/4/23,77 St (6),398,Manhattan,22432
12/3/23,77 St (6),398,Manhattan,9715
12/2/23,77 St (6),398,Manhattan,14741
12/1/23,77 St (6),398,Manhattan,22650
11/24/23,77 St (6),398,Manhattan,7145
11/7/23,77 St (6),398,Manhattan,25212
12/31/23,77 St (R),37,Brooklyn,11
12/30/23,77 St (R),37,Brooklyn,2540
12/29/23,77 St (R),37,Brooklyn,3453
12/28/23,77 St (R),37,Brooklyn,3358
12/27/23,77 St (R),37,Brooklyn,3138
12/26/23,77 St (R),37,Brooklyn,2948
12/25/23,77 St (R),37,Brooklyn,1407
12/23/23,77 St (R),37,Brooklyn,2453
12/22/23,77 St (R),37,Brooklyn,3852
12/21/23,77 St (R),37,Brooklyn,4323
12/20/23,77 St (R),37,Brooklyn,4366
12/19/23,77 St (R),37,Brooklyn,4490
12/18/23,77 St (R),37,Brooklyn,3721
12/17/23,77 St (R),37,Brooklyn,1729
12/16/23,77 St (R),37,Brooklyn,2905
12/15/23,77 St (R),37,Brooklyn,4292
12/14/23,77 St (R),37,Brooklyn,4640
12/13/23,77 St (R),37,Brooklyn,4476
12/12/23,77 St (R),37,Brooklyn,4465
12/11/23,77 St (R),37,Brooklyn,4130
12/10/23,77 St (R),37,Brooklyn,1678
12/9/23,77 St (R),37,Brooklyn,3062
12/8/23,77 St (R),37,Brooklyn,4370
12/6/23,77 St (R),37,Brooklyn,4664
12/5/23,77 St (R),37,Brooklyn,4590
12/4/23,77 St (R),37,Brooklyn,4336
12/3/23,77 St (R),37,Brooklyn,1601
12/2/23,77 St (R),37,Brooklyn,2774
12/1/23,77 St (R),37,Brooklyn,4153
11/24/23,77 St (R),37,Brooklyn,1700
11/7/23,77 St (R),37,Brooklyn,4668
12/31/23,79 St (1),312,Manhattan,92
12/30/23,79 St (1),312,Manhattan,8976
12/29/23,79 St (1),312,Manhattan,10155
12/28/23,79 St (1),312,Manhattan,10162
12/27/23,79 St (1),312,Manhattan,9495
12/26/23,79 St (1),312,Manhattan,7759
12/25/23,79 St (1),312,Manhattan,3390
12/23/23,79 St (1),312,Manhattan,7713
12/22/23,79 St (1),312,Manhattan,10854
12/21/23,79 St (1),312,Manhattan,11649
12/20/23,79 St (1),312,Manhattan,11985
12/19/23,79 St (1),312,Manhattan,12423
12/18/23,79 St (1),312,Manhattan,11139
12/17/23,79 St (1),312,Manhattan,7822
12/16/23,79 St (1),312,Manhattan,10084
12/15/23,79 St (1),312,Manhattan,12671
12/14/23,79 St (1),312,Manhattan,13110
12/13/23,79 St (1),312,Manhattan,12337
12/12/23,79 St (1),312,Manhattan,12580
12/11/23,79 St (1),312,Manhattan,11569
12/10/23,79 St (1),312,Manhattan,8221
12/9/23,79 St (1),312,Manhattan,10507
12/8/23,79 St (1),312,Manhattan,12388
12/6/23,79 St (1),312,Manhattan,12912
12/5/23,79 St (1),312,Manhattan,12407
12/4/23,79 St (1),312,Manhattan,11133
12/3/23,79 St (1),312,Manhattan,6841
12/2/23,79 St (1),312,Manhattan,8795
12/1/23,79 St (1),312,Manhattan,12686
11/24/23,79 St (1),312,Manhattan,5522
11/7/23,79 St (1),312,Manhattan,13009
12/31/23,79 St (D),65,Brooklyn,8
12/30/23,79 St (D),65,Brooklyn,2952
12/29/23,79 St (D),65,Brooklyn,4095
12/28/23,79 St (D),65,Brooklyn,3824
12/27/23,79 St (D),65,Brooklyn,3689
12/26/23,79 St (D),65,Brooklyn,3838
12/25/23,79 St (D),65,Brooklyn,2658
12/23/23,79 St (D),65,Brooklyn,3334
12/22/23,79 St (D),65,Brooklyn,4971
12/21/23,79 St (D),65,Brooklyn,5071
12/20/23,79 St (D),65,Brooklyn,4819
12/19/23,79 St (D),65,Brooklyn,5078
12/18/23,79 St (D),65,Brooklyn,4407
12/17/23,79 St (D),65,Brooklyn,2116
12/16/23,79 St (D),65,Brooklyn,3398
12/15/23,79 St (D),65,Brooklyn,5103
12/14/23,79 St (D),65,Brooklyn,4910
12/13/23,79 St (D),65,Brooklyn,4976
12/12/23,79 St (D),65,Brooklyn,5048
12/11/23,79 St (D),65,Brooklyn,4805
12/10/23,79 St (D),65,Brooklyn,2022
12/9/23,79 St (D),65,Brooklyn,3410
12/8/23,79 St (D),65,Brooklyn,4671
12/6/23,79 St (D),65,Brooklyn,4470
12/5/23,79 St (D),65,Brooklyn,4975
12/4/23,79 St (D),65,Brooklyn,4926
12/3/23,79 St (D),65,Brooklyn,1920
12/2/23,79 St (D),65,Brooklyn,2783
12/1/23,79 St (D),65,Brooklyn,3779
11/24/23,79 St (D),65,Brooklyn,2780
11/7/23,79 St (D),65,Brooklyn,4525
12/31/23,8 Av (N),71,Brooklyn,12
12/30/23,8 Av (N),71,Brooklyn,5725
12/29/23,8 Av (N),71,Brooklyn,7477
12/28/23,8 Av (N),71,Brooklyn,7328
12/27/23,8 Av (N),71,Brooklyn,7330
12/26/23,8 Av (N),71,Brooklyn,7871
12/25/23,8 Av (N),71,Brooklyn,5176
12/23/23,8 Av (N),71,Brooklyn,5805
12/22/23,8 Av (N),71,Brooklyn,7571
12/21/23,8 Av (N),71,Brooklyn,8539
12/20/23,8 Av (N),71,Brooklyn,8681
12/19/23,8 Av (N),71,Brooklyn,9099
12/18/23,8 Av (N),71,Brooklyn,7614
12/17/23,8 Av (N),71,Brooklyn,4804
12/16/23,8 Av (N),71,Brooklyn,6097
12/15/23,8 Av (N),71,Brooklyn,8432
12/14/23,8 Av (N),71,Brooklyn,8484
12/13/23,8 Av (N),71,Brooklyn,8531
12/12/23,8 Av (N),71,Brooklyn,8912
12/11/23,8 Av (N),71,Brooklyn,8213
12/10/23,8 Av (N),71,Brooklyn,4294
12/9/23,8 Av (N),71,Brooklyn,6030
12/8/23,8 Av (N),71,Brooklyn,8512
12/6/23,8 Av (N),71,Brooklyn,8977
12/5/23,8 Av (N),71,Brooklyn,9009
12/4/23,8 Av (N),71,Brooklyn,9222
12/3/23,8 Av (N),71,Brooklyn,4208
12/2/23,8 Av (N),71,Brooklyn,5823
12/1/23,8 Av (N),71,Brooklyn,7653
11/24/23,8 Av (N),71,Brooklyn,5289
11/7/23,8 Av (N),71,Brooklyn,8447
12/31/23,"8 St-NYU (R,W)",16,Manhattan,287
12/30/23,"8 St-NYU (R,W)",16,Manhattan,10544
12/29/23,"8 St-NYU (R,W)",16,Manhattan,10026
12/28/23,"8 St-NYU (R,W)",16,Manhattan,8882
12/27/23,"8 St-NYU (R,W)",16,Manhattan,8380
12/26/23,"8 St-NYU (R,W)",16,Manhattan,6935
12/25/23,"8 St-NYU (R,W)",16,Manhattan,3656
12/23/23,"8 St-NYU (R,W)",16,Manhattan,8818
12/22/23,"8 St-NYU (R,W)",16,Manhattan,10091
12/21/23,"8 St-NYU (R,W)",16,Manhattan,10968
12/20/23,"8 St-NYU (R,W)",16,Manhattan,11732
12/19/23,"8 St-NYU (R,W)",16,Manhattan,12044
12/18/23,"8 St-NYU (R,W)",16,Manhattan,10388
12/17/23,"8 St-NYU (R,W)",16,Manhattan,8787
12/16/23,"8 St-NYU (R,W)",16,Manhattan,12561
12/15/23,"8 St-NYU (R,W)",16,Manhattan,13230
12/14/23,"8 St-NYU (R,W)",16,Manhattan,14362
12/13/23,"8 St-NYU (R,W)",16,Manhattan,14218
12/12/23,"8 St-NYU (R,W)",16,Manhattan,13209
12/11/23,"8 St-NYU (R,W)",16,Manhattan,11560
12/10/23,"8 St-NYU (R,W)",16,Manhattan,2454
12/9/23,"8 St-NYU (R,W)",16,Manhattan,4022
12/8/23,"8 St-NYU (R,W)",16,Manhattan,13118
12/6/23,"8 St-NYU (R,W)",16,Manhattan,13745
12/5/23,"8 St-NYU (R,W)",16,Manhattan,13341
12/4/23,"8 St-NYU (R,W)",16,Manhattan,10984
12/3/23,"8 St-NYU (R,W)",16,Manhattan,1872
12/2/23,"8 St-NYU (R,W)",16,Manhattan,2773
12/1/23,"8 St-NYU (R,W)",16,Manhattan,12979
11/24/23,"8 St-NYU (R,W)",16,Manhattan,5764
11/7/23,"8 St-NYU (R,W)",16,Manhattan,13728
12/31/23,80 St (A),190,Queens,5
12/30/23,80 St (A),190,Queens,1700
12/29/23,80 St (A),190,Queens,2521
12/28/23,80 St (A),190,Queens,2502
12/27/23,80 St (A),190,Queens,2386
12/26/23,80 St (A),190,Queens,2293
12/25/23,80 St (A),190,Queens,1083
12/23/23,80 St (A),190,Queens,1654
12/22/23,80 St (A),190,Queens,2862
12/21/23,80 St (A),190,Queens,3106
12/20/23,80 St (A),190,Queens,3224
12/19/23,80 St (A),190,Queens,3220
12/18/23,80 St (A),190,Queens,2829
12/17/23,80 St (A),190,Queens,1305
12/16/23,80 St (A),190,Queens,1869
12/15/23,80 St (A),190,Queens,3138
12/14/23,80 St (A),190,Queens,3293
12/13/23,80 St (A),190,Queens,3258
12/12/23,80 St (A),190,Queens,3240
12/11/23,80 St (A),190,Queens,3128
12/10/23,80 St (A),190,Queens,1202
12/9/23,80 St (A),190,Queens,1777
12/8/23,80 St (A),190,Queens,3137
12/6/23,80 St (A),190,Queens,3365
12/5/23,80 St (A),190,Queens,3373
12/4/23,80 St (A),190,Queens,3219
12/3/23,80 St (A),190,Queens,1003
12/2/23,80 St (A),190,Queens,1540
12/1/23,80 St (A),190,Queens,3129
11/24/23,80 St (A),190,Queens,1248
11/7/23,80 St (A),190,Queens,3268
12/31/23,"81 St-Museum of Natural History (C,B)",159,Manhattan,58
12/30/23,"81 St-Museum of Natural History (C,B)",159,Manhattan,11679
12/29/23,"81 St-Museum of Natural History (C,B)",159,Manhattan,15662
12/28/23,"81 St-Museum of Natural History (C,B)",159,Manhattan,17825
12/27/23,"81 St-Museum of Natural History (C,B)",159,Manhattan,17680
12/26/23,"81 St-Museum of Natural History (C,B)",159,Manhattan,12714
12/25/23,"81 St-Museum of Natural History (C,B)",159,Manhattan,2578
12/23/23,"81 St-Museum of Natural History (C,B)",159,Manhattan,7882
12/22/23,"81 St-Museum of Natural History (C,B)",159,Manhattan,11099
12/21/23,"81 St-Museum of Natural History (C,B)",159,Manhattan,11329
12/20/23,"81 St-Museum of Natural History (C,B)",159,Manhattan,10595
12/19/23,"81 St-Museum of Natural History (C,B)",159,Manhattan,11577
12/18/23,"81 St-Museum of Natural History (C,B)",159,Manhattan,12776
12/17/23,"81 St-Museum of Natural History (C,B)",159,Manhattan,9199
12/16/23,"81 St-Museum of Natural History (C,B)",159,Manhattan,9711
12/15/23,"81 St-Museum of Natural History (C,B)",159,Manhattan,10937
12/14/23,"81 St-Museum of Natural History (C,B)",159,Manhattan,10695
12/13/23,"81 St-Museum of Natural History (C,B)",159,Manhattan,10244
12/12/23,"81 St-Museum of Natural History (C,B)",159,Manhattan,10203
12/11/23,"81 St-Museum of Natural History (C,B)",159,Manhattan,10364
12/10/23,"81 St-Museum of Natural History (C,B)",159,Manhattan,4443
12/9/23,"81 St-Museum of Natural History (C,B)",159,Manhattan,3917
12/8/23,"81 St-Museum of Natural History (C,B)",159,Manhattan,11125
12/6/23,"81 St-Museum of Natural History (C,B)",159,Manhattan,10185
12/5/23,"81 St-Museum of Natural History (C,B)",159,Manhattan,10706
12/4/23,"81 St-Museum of Natural History (C,B)",159,Manhattan,9656
12/3/23,"81 St-Museum of Natural History (C,B)",159,Manhattan,8172
12/2/23,"81 St-Museum of Natural History (C,B)",159,Manhattan,6105
12/1/23,"81 St-Museum of Natural History (C,B)",159,Manhattan,11757
11/24/23,"81 St-Museum of Natural History (C,B)",159,Manhattan,7107
11/7/23,"81 St-Museum of Natural History (C,B)",159,Manhattan,10800
12/31/23,82 St-Jackson Hts (7),453,Queens,62
12/30/23,82 St-Jackson Hts (7),453,Queens,4204
12/29/23,82 St-Jackson Hts (7),453,Queens,4705
12/28/23,82 St-Jackson Hts (7),453,Queens,4753
12/27/23,82 St-Jackson Hts (7),453,Queens,4573
12/26/23,82 St-Jackson Hts (7),453,Queens,4268
12/25/23,82 St-Jackson Hts (7),453,Queens,2256
12/23/23,82 St-Jackson Hts (7),453,Queens,4389
12/22/23,82 St-Jackson Hts (7),453,Queens,5479
12/21/23,82 St-Jackson Hts (7),453,Queens,5396
12/20/23,82 St-Jackson Hts (7),453,Queens,5327
12/19/23,82 St-Jackson Hts (7),453,Queens,5541
12/18/23,82 St-Jackson Hts (7),453,Queens,4998
12/17/23,82 St-Jackson Hts (7),453,Queens,3272
12/16/23,82 St-Jackson Hts (7),453,Queens,4539
12/15/23,82 St-Jackson Hts (7),453,Queens,5001
12/14/23,82 St-Jackson Hts (7),453,Queens,5215
12/13/23,82 St-Jackson Hts (7),453,Queens,5311
12/12/23,82 St-Jackson Hts (7),453,Queens,5039
12/11/23,82 St-Jackson Hts (7),453,Queens,5210
12/10/23,82 St-Jackson Hts (7),453,Queens,2864
12/9/23,82 St-Jackson Hts (7),453,Queens,4104
12/8/23,82 St-Jackson Hts (7),453,Queens,5440
12/6/23,82 St-Jackson Hts (7),453,Queens,5204
12/5/23,82 St-Jackson Hts (7),453,Queens,5195
12/4/23,82 St-Jackson Hts (7),453,Queens,5424
12/3/23,82 St-Jackson Hts (7),453,Queens,2937
12/2/23,82 St-Jackson Hts (7),453,Queens,3790
12/1/23,82 St-Jackson Hts (7),453,Queens,5310
11/24/23,82 St-Jackson Hts (7),453,Queens,3559
11/7/23,82 St-Jackson Hts (7),453,Queens,5244
12/31/23,85 St-Forest Pkwy (J),84,Queens,7
12/30/23,85 St-Forest Pkwy (J),84,Queens,1834
12/29/23,85 St-Forest Pkwy (J),84,Queens,2798
12/28/23,85 St-Forest Pkwy (J),84,Queens,2489
12/27/23,85 St-Forest Pkwy (J),84,Queens,2505
12/26/23,85 St-Forest Pkwy (J),84,Queens,2351
12/25/23,85 St-Forest Pkwy (J),84,Queens,1075
12/23/23,85 St-Forest Pkwy (J),84,Queens,1731
12/22/23,85 St-Forest Pkwy (J),84,Queens,2910
12/21/23,85 St-Forest Pkwy (J),84,Queens,3127
12/20/23,85 St-Forest Pkwy (J),84,Queens,3096
12/19/23,85 St-Forest Pkwy (J),84,Queens,3200
12/18/23,85 St-Forest Pkwy (J),84,Queens,1864
12/17/23,85 St-Forest Pkwy (J),84,Queens,2
12/16/23,85 St-Forest Pkwy (J),84,Queens,2
12/15/23,85 St-Forest Pkwy (J),84,Queens,3310
12/14/23,85 St-Forest Pkwy (J),84,Queens,3407
12/13/23,85 St-Forest Pkwy (J),84,Queens,3349
12/12/23,85 St-Forest Pkwy (J),84,Queens,3426
12/11/23,85 St-Forest Pkwy (J),84,Queens,3102
12/10/23,85 St-Forest Pkwy (J),84,Queens,1
12/9/23,85 St-Forest Pkwy (J),84,Queens,1
12/8/23,85 St-Forest Pkwy (J),84,Queens,3498
12/6/23,85 St-Forest Pkwy (J),84,Queens,3557
12/5/23,85 St-Forest Pkwy (J),84,Queens,3654
12/4/23,85 St-Forest Pkwy (J),84,Queens,3233
12/3/23,85 St-Forest Pkwy (J),84,Queens,1
12/2/23,85 St-Forest Pkwy (J),84,Queens,2
12/1/23,85 St-Forest Pkwy (J),84,Queens,2897
11/24/23,85 St-Forest Pkwy (J),84,Queens,1266
11/7/23,85 St-Forest Pkwy (J),84,Queens,3612
12/31/23,86 St (1),311,Manhattan,131
12/30/23,86 St (1),311,Manhattan,8422
12/29/23,86 St (1),311,Manhattan,10290
12/28/23,86 St (1),311,Manhattan,10418
12/27/23,86 St (1),311,Manhattan,9524
12/26/23,86 St (1),311,Manhattan,8531
12/25/23,86 St (1),311,Manhattan,4084
12/23/23,86 St (1),311,Manhattan,7896
12/22/23,86 St (1),311,Manhattan,11982
12/21/23,86 St (1),311,Manhattan,13643
12/20/23,86 St (1),311,Manhattan,14266
12/19/23,86 St (1),311,Manhattan,14345
12/18/23,86 St (1),311,Manhattan,12599
12/17/23,86 St (1),311,Manhattan,7857
12/16/23,86 St (1),311,Manhattan,10551
12/15/23,86 St (1),311,Manhattan,14934
12/14/23,86 St (1),311,Manhattan,15259
12/13/23,86 St (1),311,Manhattan,14887
12/12/23,86 St (1),311,Manhattan,15161
12/11/23,86 St (1),311,Manhattan,13524
12/10/23,86 St (1),311,Manhattan,7512
12/9/23,86 St (1),311,Manhattan,10460
12/8/23,86 St (1),311,Manhattan,14346
12/6/23,86 St (1),311,Manhattan,15148
12/5/23,86 St (1),311,Manhattan,14987
12/4/23,86 St (1),311,Manhattan,13355
12/3/23,86 St (1),311,Manhattan,6335
12/2/23,86 St (1),311,Manhattan,8460
12/1/23,86 St (1),311,Manhattan,14386
11/24/23,86 St (1),311,Manhattan,5945
11/7/23,86 St (1),311,Manhattan,15141
12/31/23,"86 St (4,5,6)",397,Manhattan,212
12/30/23,"86 St (4,5,6)",397,Manhattan,24760
12/29/23,"86 St (4,5,6)",397,Manhattan,32868
12/28/23,"86 St (4,5,6)",397,Manhattan,32159
12/27/23,"86 St (4,5,6)",397,Manhattan,25686
12/26/23,"86 St (4,5,6)",397,Manhattan,24472
12/25/23,"86 St (4,5,6)",397,Manhattan,7584
12/23/23,"86 St (4,5,6)",397,Manhattan,22216
12/22/23,"86 St (4,5,6)",397,Manhattan,35031
12/21/23,"86 St (4,5,6)",397,Manhattan,37703
12/20/23,"86 St (4,5,6)",397,Manhattan,37467
12/19/23,"86 St (4,5,6)",397,Manhattan,39912
12/18/23,"86 St (4,5,6)",397,Manhattan,34733
12/17/23,"86 St (4,5,6)",397,Manhattan,19748
12/16/23,"86 St (4,5,6)",397,Manhattan,29254
12/15/23,"86 St (4,5,6)",397,Manhattan,39719
12/14/23,"86 St (4,5,6)",397,Manhattan,41112
12/13/23,"86 St (4,5,6)",397,Manhattan,39327
12/12/23,"86 St (4,5,6)",397,Manhattan,40254
12/11/23,"86 St (4,5,6)",397,Manhattan,36919
12/10/23,"86 St (4,5,6)",397,Manhattan,20525
12/9/23,"86 St (4,5,6)",397,Manhattan,29520
12/8/23,"86 St (4,5,6)",397,Manhattan,40044
12/6/23,"86 St (4,5,6)",397,Manhattan,38926
12/5/23,"86 St (4,5,6)",397,Manhattan,39463
12/4/23,"86 St (4,5,6)",397,Manhattan,36343
12/3/23,"86 St (4,5,6)",397,Manhattan,20168
12/2/23,"86 St (4,5,6)",397,Manhattan,28536
12/1/23,"86 St (4,5,6)",397,Manhattan,38451
11/24/23,"86 St (4,5,6)",397,Manhattan,14715
11/7/23,"86 St (4,5,6)",397,Manhattan,40385
12/31/23,"86 St (C,B)",158,Manhattan,46
12/30/23,"86 St (C,B)",158,Manhattan,4465
12/29/23,"86 St (C,B)",158,Manhattan,6553
12/28/23,"86 St (C,B)",158,Manhattan,6358
12/27/23,"86 St (C,B)",158,Manhattan,5685
12/26/23,"86 St (C,B)",158,Manhattan,4761
12/25/23,"86 St (C,B)",158,Manhattan,2427
12/23/23,"86 St (C,B)",158,Manhattan,3727
12/22/23,"86 St (C,B)",158,Manhattan,7454
12/21/23,"86 St (C,B)",158,Manhattan,8435
12/20/23,"86 St (C,B)",158,Manhattan,8872
12/19/23,"86 St (C,B)",158,Manhattan,9183
12/18/23,"86 St (C,B)",158,Manhattan,8038
12/17/23,"86 St (C,B)",158,Manhattan,4116
12/16/23,"86 St (C,B)",158,Manhattan,6023
12/15/23,"86 St (C,B)",158,Manhattan,9612
12/14/23,"86 St (C,B)",158,Manhattan,9508
12/13/23,"86 St (C,B)",158,Manhattan,9678
12/12/23,"86 St (C,B)",158,Manhattan,9613
12/11/23,"86 St (C,B)",158,Manhattan,8727
12/10/23,"86 St (C,B)",158,Manhattan,1720
12/9/23,"86 St (C,B)",158,Manhattan,2622
12/8/23,"86 St (C,B)",158,Manhattan,9127
12/6/23,"86 St (C,B)",158,Manhattan,9366
12/5/23,"86 St (C,B)",158,Manhattan,9304
12/4/23,"86 St (C,B)",158,Manhattan,8534
12/3/23,"86 St (C,B)",158,Manhattan,3018
12/2/23,"86 St (C,B)",158,Manhattan,3886
12/1/23,"86 St (C,B)",158,Manhattan,8790
11/24/23,"86 St (C,B)",158,Manhattan,2767
11/7/23,"86 St (C,B)",158,Manhattan,9581
12/31/23,86 St (N),79,Brooklyn,6
12/30/23,86 St (N),79,Brooklyn,1070
12/29/23,86 St (N),79,Brooklyn,1611
12/28/23,86 St (N),79,Brooklyn,1662
12/27/23,86 St (N),79,Brooklyn,1559
12/26/23,86 St (N),79,Brooklyn,1489
12/25/23,86 St (N),79,Brooklyn,733
12/23/23,86 St (N),79,Brooklyn,1343
12/22/23,86 St (N),79,Brooklyn,1866
12/21/23,86 St (N),79,Brooklyn,2090
12/20/23,86 St (N),79,Brooklyn,1902
12/19/23,86 St (N),79,Brooklyn,1977
12/18/23,86 St (N),79,Brooklyn,1666
12/17/23,86 St (N),79,Brooklyn,786
12/16/23,86 St (N),79,Brooklyn,1192
12/15/23,86 St (N),79,Brooklyn,1953
12/14/23,86 St (N),79,Brooklyn,2032
12/13/23,86 St (N),79,Brooklyn,2097
12/12/23,86 St (N),79,Brooklyn,2095
12/11/23,86 St (N),79,Brooklyn,1979
12/10/23,86 St (N),79,Brooklyn,1072
12/9/23,86 St (N),79,Brooklyn,1605
12/8/23,86 St (N),79,Brooklyn,2178
12/6/23,86 St (N),79,Brooklyn,2310
12/5/23,86 St (N),79,Brooklyn,2096
12/4/23,86 St (N),79,Brooklyn,2101
12/3/23,86 St (N),79,Brooklyn,1032
12/2/23,86 St (N),79,Brooklyn,1583
12/1/23,86 St (N),79,Brooklyn,2145
11/24/23,86 St (N),79,Brooklyn,1117
11/7/23,86 St (N),79,Brooklyn,2244
12/31/23,86 St (Q),476,Manhattan,100
12/30/23,86 St (Q),476,Manhattan,11763
12/29/23,86 St (Q),476,Manhattan,13273
12/28/23,86 St (Q),476,Manhattan,12902
12/27/23,86 St (Q),476,Manhattan,10931
12/26/23,86 St (Q),476,Manhattan,9179
12/25/23,86 St (Q),476,Manhattan,4180
12/23/23,86 St (Q),476,Manhattan,10170
12/22/23,86 St (Q),476,Manhattan,14924
12/21/23,86 St (Q),476,Manhattan,16388
12/20/23,86 St (Q),476,Manhattan,17253
12/19/23,86 St (Q),476,Manhattan,17836
12/18/23,86 St (Q),476,Manhattan,14852
12/17/23,86 St (Q),476,Manhattan,10637
12/16/23,86 St (Q),476,Manhattan,16210
12/15/23,86 St (Q),476,Manhattan,19031
12/14/23,86 St (Q),476,Manhattan,19958
12/13/23,86 St (Q),476,Manhattan,20018
12/12/23,86 St (Q),476,Manhattan,18849
12/11/23,86 St (Q),476,Manhattan,16056
12/10/23,86 St (Q),476,Manhattan,9960
12/9/23,86 St (Q),476,Manhattan,16364
12/8/23,86 St (Q),476,Manhattan,18008
12/6/23,86 St (Q),476,Manhattan,18549
12/5/23,86 St (Q),476,Manhattan,18679
12/4/23,86 St (Q),476,Manhattan,15637
12/3/23,86 St (Q),476,Manhattan,9992
12/2/23,86 St (Q),476,Manhattan,15407
12/1/23,86 St (Q),476,Manhattan,17212
11/24/23,86 St (Q),476,Manhattan,6775
11/7/23,86 St (Q),476,Manhattan,18920
12/31/23,86 St (R),38,Brooklyn,33
12/30/23,86 St (R),38,Brooklyn,8483
12/29/23,86 St (R),38,Brooklyn,12078
12/28/23,86 St (R),38,Brooklyn,10841
12/27/23,86 St (R),38,Brooklyn,10059
12/26/23,86 St (R),38,Brooklyn,10929
12/25/23,86 St (R),38,Brooklyn,6858
12/23/23,86 St (R),38,Brooklyn,7443
12/22/23,86 St (R),38,Brooklyn,11970
12/21/23,86 St (R),38,Brooklyn,12226
12/20/23,86 St (R),38,Brooklyn,12275
12/19/23,86 St (R),38,Brooklyn,12568
12/18/23,86 St (R),38,Brooklyn,10326
12/17/23,86 St (R),38,Brooklyn,5105
12/16/23,86 St (R),38,Brooklyn,9047
12/15/23,86 St (R),38,Brooklyn,12565
12/14/23,86 St (R),38,Brooklyn,12367
12/13/23,86 St (R),38,Brooklyn,12064
12/12/23,86 St (R),38,Brooklyn,12027
12/11/23,86 St (R),38,Brooklyn,11430
12/10/23,86 St (R),38,Brooklyn,4478
12/9/23,86 St (R),38,Brooklyn,9184
12/8/23,86 St (R),38,Brooklyn,13210
12/6/23,86 St (R),38,Brooklyn,13133
12/5/23,86 St (R),38,Brooklyn,12567
12/4/23,86 St (R),38,Brooklyn,12679
12/3/23,86 St (R),38,Brooklyn,4778
12/2/23,86 St (R),38,Brooklyn,8040
12/1/23,86 St (R),38,Brooklyn,11476
11/24/23,86 St (R),38,Brooklyn,5858
11/7/23,86 St (R),38,Brooklyn,13183
12/31/23,88 St (A),191,Queens,4
12/30/23,88 St (A),191,Queens,970
12/29/23,88 St (A),191,Queens,1672
12/28/23,88 St (A),191,Queens,1644
12/27/23,88 St (A),191,Queens,1600
12/26/23,88 St (A),191,Queens,1490
12/25/23,88 St (A),191,Queens,550
12/23/23,88 St (A),191,Queens,967
12/22/23,88 St (A),191,Queens,1855
12/21/23,88 St (A),191,Queens,1983
12/20/23,88 St (A),191,Queens,2154
12/19/23,88 St (A),191,Queens,2099
12/18/23,88 St (A),191,Queens,1804
12/17/23,88 St (A),191,Queens,751
12/16/23,88 St (A),191,Queens,1138
12/15/23,88 St (A),191,Queens,2046
12/14/23,88 St (A),191,Queens,2200
12/13/23,88 St (A),191,Queens,2097
12/12/23,88 St (A),191,Queens,2093
12/11/23,88 St (A),191,Queens,1956
12/10/23,88 St (A),191,Queens,612
12/9/23,88 St (A),191,Queens,1134
12/8/23,88 St (A),191,Queens,2044
12/6/23,88 St (A),191,Queens,2258
12/5/23,88 St (A),191,Queens,2198
12/4/23,88 St (A),191,Queens,2095
12/3/23,88 St (A),191,Queens,542
12/2/23,88 St (A),191,Queens,891
12/1/23,88 St (A),191,Queens,2101
11/24/23,88 St (A),191,Queens,699
11/7/23,88 St (A),191,Queens,2203
12/31/23,9 Av (D),59,Brooklyn,8
12/30/23,9 Av (D),59,Brooklyn,2888
12/29/23,9 Av (D),59,Brooklyn,3827
12/28/23,9 Av (D),59,Brooklyn,3581
12/27/23,9 Av (D),59,Brooklyn,3704
12/26/23,9 Av (D),59,Brooklyn,3570
12/25/23,9 Av (D),59,Brooklyn,1809
12/23/23,9 Av (D),59,Brooklyn,2959
12/22/23,9 Av (D),59,Brooklyn,4413
12/21/23,9 Av (D),59,Brooklyn,4400
12/20/23,9 Av (D),59,Brooklyn,4362
12/19/23,9 Av (D),59,Brooklyn,4432
12/18/23,9 Av (D),59,Brooklyn,3886
12/17/23,9 Av (D),59,Brooklyn,2244
12/16/23,9 Av (D),59,Brooklyn,3161
12/15/23,9 Av (D),59,Brooklyn,4493
12/14/23,9 Av (D),59,Brooklyn,4411
12/13/23,9 Av (D),59,Brooklyn,4447
12/12/23,9 Av (D),59,Brooklyn,4345
12/11/23,9 Av (D),59,Brooklyn,4108
12/10/23,9 Av (D),59,Brooklyn,2137
12/9/23,9 Av (D),59,Brooklyn,2938
12/8/23,9 Av (D),59,Brooklyn,4239
12/6/23,9 Av (D),59,Brooklyn,3955
12/5/23,9 Av (D),59,Brooklyn,4626
12/4/23,9 Av (D),59,Brooklyn,4629
12/3/23,9 Av (D),59,Brooklyn,2220
12/2/23,9 Av (D),59,Brooklyn,2810
12/1/23,9 Av (D),59,Brooklyn,3800
11/24/23,9 Av (D),59,Brooklyn,2313
11/7/23,9 Av (D),59,Brooklyn,3842
12/31/23,90 St-Elmhurst Av (7),452,Queens,95
12/30/23,90 St-Elmhurst Av (7),452,Queens,9379
12/29/23,90 St-Elmhurst Av (7),452,Queens,12845
12/28/23,90 St-Elmhurst Av (7),452,Queens,12597
12/27/23,90 St-Elmhurst Av (7),452,Queens,12091
12/26/23,90 St-Elmhurst Av (7),452,Queens,11379
12/25/23,90 St-Elmhurst Av (7),452,Queens,6232
12/23/23,90 St-Elmhurst Av (7),452,Queens,9284
12/22/23,90 St-Elmhurst Av (7),452,Queens,13962
12/21/23,90 St-Elmhurst Av (7),452,Queens,14551
12/20/23,90 St-Elmhurst Av (7),452,Queens,14537
12/19/23,90 St-Elmhurst Av (7),452,Queens,14529
12/18/23,90 St-Elmhurst Av (7),452,Queens,13348
12/17/23,90 St-Elmhurst Av (7),452,Queens,5684
12/16/23,90 St-Elmhurst Av (7),452,Queens,7791
12/15/23,90 St-Elmhurst Av (7),452,Queens,10535
12/14/23,90 St-Elmhurst Av (7),452,Queens,14651
12/13/23,90 St-Elmhurst Av (7),452,Queens,14863
12/12/23,90 St-Elmhurst Av (7),452,Queens,14546
12/11/23,90 St-Elmhurst Av (7),452,Queens,14146
12/10/23,90 St-Elmhurst Av (7),452,Queens,5723
12/9/23,90 St-Elmhurst Av (7),452,Queens,7675
12/8/23,90 St-Elmhurst Av (7),452,Queens,14392
12/6/23,90 St-Elmhurst Av (7),452,Queens,14925
12/5/23,90 St-Elmhurst Av (7),452,Queens,14954
12/4/23,90 St-Elmhurst Av (7),452,Queens,14473
12/3/23,90 St-Elmhurst Av (7),452,Queens,5773
12/2/23,90 St-Elmhurst Av (7),452,Queens,7706
12/1/23,90 St-Elmhurst Av (7),452,Queens,14260
11/24/23,90 St-Elmhurst Av (7),452,Queens,8055
11/7/23,90 St-Elmhurst Av (7),452,Queens,14450
12/31/23,"96 St (1,2,3)",310,Manhattan,135
12/30/23,"96 St (1,2,3)",310,Manhattan,15434
12/29/23,"96 St (1,2,3)",310,Manhattan,19088
12/28/23,"96 St (1,2,3)",310,Manhattan,18583
12/27/23,"96 St (1,2,3)",310,Manhattan,17747
12/26/23,"96 St (1,2,3)",310,Manhattan,15880
12/25/23,"96 St (1,2,3)",310,Manhattan,8633
12/23/23,"96 St (1,2,3)",310,Manhattan,15512
12/22/23,"96 St (1,2,3)",310,Manhattan,23323
12/21/23,"96 St (1,2,3)",310,Manhattan,25851
12/20/23,"96 St (1,2,3)",310,Manhattan,27129
12/19/23,"96 St (1,2,3)",310,Manhattan,27178
12/18/23,"96 St (1,2,3)",310,Manhattan,23172
12/17/23,"96 St (1,2,3)",310,Manhattan,15129
12/16/23,"96 St (1,2,3)",310,Manhattan,20716
12/15/23,"96 St (1,2,3)",310,Manhattan,27454
12/14/23,"96 St (1,2,3)",310,Manhattan,29144
12/13/23,"96 St (1,2,3)",310,Manhattan,28829
12/12/23,"96 St (1,2,3)",310,Manhattan,28378
12/11/23,"96 St (1,2,3)",310,Manhattan,26279
12/10/23,"96 St (1,2,3)",310,Manhattan,18162
12/9/23,"96 St (1,2,3)",310,Manhattan,26324
12/8/23,"96 St (1,2,3)",310,Manhattan,27598
12/6/23,"96 St (1,2,3)",310,Manhattan,28928
12/5/23,"96 St (1,2,3)",310,Manhattan,28454
12/4/23,"96 St (1,2,3)",310,Manhattan,26251
12/3/23,"96 St (1,2,3)",310,Manhattan,17277
12/2/23,"96 St (1,2,3)",310,Manhattan,24011
12/1/23,"96 St (1,2,3)",310,Manhattan,26840
11/24/23,"96 St (1,2,3)",310,Manhattan,12197
11/7/23,"96 St (1,2,3)",310,Manhattan,28821
12/31/23,96 St (6),396,Manhattan,50
12/30/23,96 St (6),396,Manhattan,5522
12/29/23,96 St (6),396,Manhattan,9561
12/28/23,96 St (6),396,Manhattan,9434
12/27/23,96 St (6),396,Manhattan,9118
12/26/23,96 St (6),396,Manhattan,7753
12/25/23,96 St (6),396,Manhattan,2934
12/23/23,96 St (6),396,Manhattan,5188
12/22/23,96 St (6),396,Manhattan,11801
12/21/23,96 St (6),396,Manhattan,13755
12/20/23,96 St (6),396,Manhattan,13759
12/19/23,96 St (6),396,Manhattan,14279
12/18/23,96 St (6),396,Manhattan,12752
12/17/23,96 St (6),396,Manhattan,5277
12/16/23,96 St (6),396,Manhattan,7665
12/15/23,96 St (6),396,Manhattan,14334
12/14/23,96 St (6),396,Manhattan,15225
12/13/23,96 St (6),396,Manhattan,15008
12/12/23,96 St (6),396,Manhattan,15171
12/11/23,96 St (6),396,Manhattan,14233
12/10/23,96 St (6),396,Manhattan,5102
12/9/23,96 St (6),396,Manhattan,7734
12/8/23,96 St (6),396,Manhattan,14170
12/6/23,96 St (6),396,Manhattan,15547
12/5/23,96 St (6),396,Manhattan,15282
12/4/23,96 St (6),396,Manhattan,14204
12/3/23,96 St (6),396,Manhattan,5235
12/2/23,96 St (6),396,Manhattan,7486
12/1/23,96 St (6),396,Manhattan,14317
11/24/23,96 St (6),396,Manhattan,3885
11/7/23,96 St (6),396,Manhattan,15378
12/31/23,"96 St (C,B)",157,Manhattan,18
12/30/23,"96 St (C,B)",157,Manhattan,3502
12/29/23,"96 St (C,B)",157,Manhattan,6089
12/28/23,"96 St (C,B)",157,Manhattan,6004
12/27/23,"96 St (C,B)",157,Manhattan,5553
12/26/23,"96 St (C,B)",157,Manhattan,5091
12/25/23,"96 St (C,B)",157,Manhattan,1745
12/23/23,"96 St (C,B)",157,Manhattan,3361
12/22/23,"96 St (C,B)",157,Manhattan,7132
12/21/23,"96 St (C,B)",157,Manhattan,8367
12/20/23,"96 St (C,B)",157,Manhattan,8453
12/19/23,"96 St (C,B)",157,Manhattan,8647
12/18/23,"96 St (C,B)",157,Manhattan,7398
12/17/23,"96 St (C,B)",157,Manhattan,3376
12/16/23,"96 St (C,B)",157,Manhattan,4782
12/15/23,"96 St (C,B)",157,Manhattan,8088
12/14/23,"96 St (C,B)",157,Manhattan,8995
12/13/23,"96 St (C,B)",157,Manhattan,8989
12/12/23,"96 St (C,B)",157,Manhattan,9087
12/11/23,"96 St (C,B)",157,Manhattan,8155
12/10/23,"96 St (C,B)",157,Manhattan,1469
12/9/23,"96 St (C,B)",157,Manhattan,2617
12/8/23,"96 St (C,B)",157,Manhattan,8438
12/6/23,"96 St (C,B)",157,Manhattan,8902
12/5/23,"96 St (C,B)",157,Manhattan,8993
12/4/23,"96 St (C,B)",157,Manhattan,8115
12/3/23,"96 St (C,B)",157,Manhattan,2438
12/2/23,"96 St (C,B)",157,Manhattan,2993
12/1/23,"96 St (C,B)",157,Manhattan,8242
11/24/23,"96 St (C,B)",157,Manhattan,2657
11/7/23,"96 St (C,B)",157,Manhattan,8949
12/31/23,96 St (Q),475,Manhattan,51
12/30/23,96 St (Q),475,Manhattan,7225
12/29/23,96 St (Q),475,Manhattan,9891
12/28/23,96 St (Q),475,Manhattan,9279
12/27/23,96 St (Q),475,Manhattan,8874
12/26/23,96 St (Q),475,Manhattan,7971
12/25/23,96 St (Q),475,Manhattan,3971
12/23/23,96 St (Q),475,Manhattan,7008
12/22/23,96 St (Q),475,Manhattan,11110
12/21/23,96 St (Q),475,Manhattan,12044
12/20/23,96 St (Q),475,Manhattan,12729
12/19/23,96 St (Q),475,Manhattan,13317
12/18/23,96 St (Q),475,Manhattan,11304
12/17/23,96 St (Q),475,Manhattan,6351
12/16/23,96 St (Q),475,Manhattan,9409
12/15/23,96 St (Q),475,Manhattan,13397
12/14/23,96 St (Q),475,Manhattan,14160
12/13/23,96 St (Q),475,Manhattan,14471
12/12/23,96 St (Q),475,Manhattan,14040
12/11/23,96 St (Q),475,Manhattan,12486
12/10/23,96 St (Q),475,Manhattan,6298
12/9/23,96 St (Q),475,Manhattan,9686
12/8/23,96 St (Q),475,Manhattan,13315
12/6/23,96 St (Q),475,Manhattan,13965
12/5/23,96 St (Q),475,Manhattan,13837
12/4/23,96 St (Q),475,Manhattan,12323
12/3/23,96 St (Q),475,Manhattan,6199
12/2/23,96 St (Q),475,Manhattan,9252
12/1/23,96 St (Q),475,Manhattan,12919
11/24/23,96 St (Q),475,Manhattan,5146
11/7/23,96 St (Q),475,Manhattan,14239
12/31/23,Alabama Av (J),91,Brooklyn,14
12/30/23,Alabama Av (J),91,Brooklyn,804
12/29/23,Alabama Av (J),91,Brooklyn,1288
12/28/23,Alabama Av (J),91,Brooklyn,1252
12/27/23,Alabama Av (J),91,Brooklyn,1183
12/26/23,Alabama Av (J),91,Brooklyn,987
12/25/23,Alabama Av (J),91,Brooklyn,530
12/23/23,Alabama Av (J),91,Brooklyn,839
12/22/23,Alabama Av (J),91,Brooklyn,1528
12/21/23,Alabama Av (J),91,Brooklyn,1527
12/20/23,Alabama Av (J),91,Brooklyn,1630
12/19/23,Alabama Av (J),91,Brooklyn,1520
12/18/23,Alabama Av (J),91,Brooklyn,1242
12/17/23,Alabama Av (J),91,Brooklyn,424
12/16/23,Alabama Av (J),91,Brooklyn,634
12/15/23,Alabama Av (J),91,Brooklyn,1421
12/14/23,Alabama Av (J),91,Brooklyn,1452
12/13/23,Alabama Av (J),91,Brooklyn,1522
12/12/23,Alabama Av (J),91,Brooklyn,1548
12/11/23,Alabama Av (J),91,Brooklyn,1420
12/10/23,Alabama Av (J),91,Brooklyn,458
12/9/23,Alabama Av (J),91,Brooklyn,622
12/8/23,Alabama Av (J),91,Brooklyn,1502
12/6/23,Alabama Av (J),91,Brooklyn,1549
12/5/23,Alabama Av (J),91,Brooklyn,1430
12/4/23,Alabama Av (J),91,Brooklyn,1537
12/3/23,Alabama Av (J),91,Brooklyn,513
12/2/23,Alabama Av (J),91,Brooklyn,706
12/1/23,Alabama Av (J),91,Brooklyn,1354
11/24/23,Alabama Av (J),91,Brooklyn,639
11/7/23,Alabama Av (J),91,Brooklyn,1439
12/31/23,"Allerton Av (2,5)",423,Bronx,6
12/30/23,"Allerton Av (2,5)",423,Bronx,1766
12/29/23,"Allerton Av (2,5)",423,Bronx,2642
12/28/23,"Allerton Av (2,5)",423,Bronx,2388
12/27/23,"Allerton Av (2,5)",423,Bronx,2454
12/26/23,"Allerton Av (2,5)",423,Bronx,2215
12/25/23,"Allerton Av (2,5)",423,Bronx,963
12/23/23,"Allerton Av (2,5)",423,Bronx,1591
12/22/23,"Allerton Av (2,5)",423,Bronx,2538
12/21/23,"Allerton Av (2,5)",423,Bronx,2707
12/20/23,"Allerton Av (2,5)",423,Bronx,2981
12/19/23,"Allerton Av (2,5)",423,Bronx,2958
12/18/23,"Allerton Av (2,5)",423,Bronx,2504
12/17/23,"Allerton Av (2,5)",423,Bronx,1278
12/16/23,"Allerton Av (2,5)",423,Bronx,1760
12/15/23,"Allerton Av (2,5)",423,Bronx,3065
12/14/23,"Allerton Av (2,5)",423,Bronx,3021
12/13/23,"Allerton Av (2,5)",423,Bronx,2940
12/12/23,"Allerton Av (2,5)",423,Bronx,2967
12/11/23,"Allerton Av (2,5)",423,Bronx,2724
12/10/23,"Allerton Av (2,5)",423,Bronx,895
12/9/23,"Allerton Av (2,5)",423,Bronx,1314
12/8/23,"Allerton Av (2,5)",423,Bronx,2840
12/6/23,"Allerton Av (2,5)",423,Bronx,2840
12/5/23,"Allerton Av (2,5)",423,Bronx,2803
12/4/23,"Allerton Av (2,5)",423,Bronx,2683
12/3/23,"Allerton Av (2,5)",423,Bronx,889
12/2/23,"Allerton Av (2,5)",423,Bronx,1296
12/1/23,"Allerton Av (2,5)",423,Bronx,2755
11/24/23,"Allerton Av (2,5)",423,Bronx,1244
11/7/23,"Allerton Av (2,5)",423,Bronx,2944
12/31/23,Aqueduct Racetrack (A),196,Queens,18
12/30/23,Aqueduct Racetrack (A),196,Queens,676
12/29/23,Aqueduct Racetrack (A),196,Queens,620
12/28/23,Aqueduct Racetrack (A),196,Queens,617
12/27/23,Aqueduct Racetrack (A),196,Queens,471
12/26/23,Aqueduct Racetrack (A),196,Queens,499
12/25/23,Aqueduct Racetrack (A),196,Queens,456
12/23/23,Aqueduct Racetrack (A),196,Queens,507
12/22/23,Aqueduct Racetrack (A),196,Queens,536
12/21/23,Aqueduct Racetrack (A),196,Queens,438
12/20/23,Aqueduct Racetrack (A),196,Queens,448
12/19/23,Aqueduct Racetrack (A),196,Queens,445
12/18/23,Aqueduct Racetrack (A),196,Queens,365
12/17/23,Aqueduct Racetrack (A),196,Queens,479
12/16/23,Aqueduct Racetrack (A),196,Queens,697
12/15/23,Aqueduct Racetrack (A),196,Queens,606
12/14/23,Aqueduct Racetrack (A),196,Queens,519
12/13/23,Aqueduct Racetrack (A),196,Queens,492
12/12/23,Aqueduct Racetrack (A),196,Queens,461
12/11/23,Aqueduct Racetrack (A),196,Queens,440
12/10/23,Aqueduct Racetrack (A),196,Queens,37
12/9/23,Aqueduct Racetrack (A),196,Queens,87
12/8/23,Aqueduct Racetrack (A),196,Queens,688
12/6/23,Aqueduct Racetrack (A),196,Queens,490
12/5/23,Aqueduct Racetrack (A),196,Queens,562
12/4/23,Aqueduct Racetrack (A),196,Queens,432
12/3/23,Aqueduct Racetrack (A),196,Queens,463
12/2/23,Aqueduct Racetrack (A),196,Queens,634
12/1/23,Aqueduct Racetrack (A),196,Queens,628
11/24/23,Aqueduct Racetrack (A),196,Queens,394
11/7/23,Aqueduct Racetrack (A),196,Queens,528
12/31/23,Aqueduct-N Conduit Av (A),197,Queens,8
12/30/23,Aqueduct-N Conduit Av (A),197,Queens,290
12/29/23,Aqueduct-N Conduit Av (A),197,Queens,450
12/28/23,Aqueduct-N Conduit Av (A),197,Queens,508
12/27/23,Aqueduct-N Conduit Av (A),197,Queens,483
12/26/23,Aqueduct-N Conduit Av (A),197,Queens,454
12/25/23,Aqueduct-N Conduit Av (A),197,Queens,155
12/23/23,Aqueduct-N Conduit Av (A),197,Queens,222
12/22/23,Aqueduct-N Conduit Av (A),197,Queens,557
12/21/23,Aqueduct-N Conduit Av (A),197,Queens,611
12/20/23,Aqueduct-N Conduit Av (A),197,Queens,600
12/19/23,Aqueduct-N Conduit Av (A),197,Queens,632
12/18/23,Aqueduct-N Conduit Av (A),197,Queens,494
12/17/23,Aqueduct-N Conduit Av (A),197,Queens,183
12/16/23,Aqueduct-N Conduit Av (A),197,Queens,260
12/15/23,Aqueduct-N Conduit Av (A),197,Queens,618
12/14/23,Aqueduct-N Conduit Av (A),197,Queens,648
12/13/23,Aqueduct-N Conduit Av (A),197,Queens,590
12/12/23,Aqueduct-N Conduit Av (A),197,Queens,575
12/11/23,Aqueduct-N Conduit Av (A),197,Queens,579
12/10/23,Aqueduct-N Conduit Av (A),197,Queens,10
12/9/23,Aqueduct-N Conduit Av (A),197,Queens,27
12/8/23,Aqueduct-N Conduit Av (A),197,Queens,608
12/6/23,Aqueduct-N Conduit Av (A),197,Queens,667
12/5/23,Aqueduct-N Conduit Av (A),197,Queens,653
12/4/23,Aqueduct-N Conduit Av (A),197,Queens,581
12/3/23,Aqueduct-N Conduit Av (A),197,Queens,149
12/2/23,Aqueduct-N Conduit Av (A),197,Queens,217
12/1/23,Aqueduct-N Conduit Av (A),197,Queens,625
11/24/23,Aqueduct-N Conduit Av (A),197,Queens,185
11/7/23,Aqueduct-N Conduit Av (A),197,Queens,631
12/31/23,Astor Pl (6),407,Manhattan,241
12/30/23,Astor Pl (6),407,Manhattan,9519
12/29/23,Astor Pl (6),407,Manhattan,10369
12/28/23,Astor Pl (6),407,Manhattan,9881
12/27/23,Astor Pl (6),407,Manhattan,8742
12/26/23,Astor Pl (6),407,Manhattan,7463
12/25/23,Astor Pl (6),407,Manhattan,3064
12/23/23,Astor Pl (6),407,Manhattan,8209
12/22/23,Astor Pl (6),407,Manhattan,10622
12/21/23,Astor Pl (6),407,Manhattan,11748
12/20/23,Astor Pl (6),407,Manhattan,12286
12/19/23,Astor Pl (6),407,Manhattan,12647
12/18/23,Astor Pl (6),407,Manhattan,10570
12/17/23,Astor Pl (6),407,Manhattan,9050
12/16/23,Astor Pl (6),407,Manhattan,13082
12/15/23,Astor Pl (6),407,Manhattan,13796
12/14/23,Astor Pl (6),407,Manhattan,15088
12/13/23,Astor Pl (6),407,Manhattan,13257
12/12/23,Astor Pl (6),407,Manhattan,13881
12/11/23,Astor Pl (6),407,Manhattan,11843
12/10/23,Astor Pl (6),407,Manhattan,10915
12/9/23,Astor Pl (6),407,Manhattan,15973
12/8/23,Astor Pl (6),407,Manhattan,13742
12/6/23,Astor Pl (6),407,Manhattan,13730
12/5/23,Astor Pl (6),407,Manhattan,13570
12/4/23,Astor Pl (6),407,Manhattan,11633
12/3/23,Astor Pl (6),407,Manhattan,10651
12/2/23,Astor Pl (6),407,Manhattan,15619
12/1/23,Astor Pl (6),407,Manhattan,13130
11/24/23,Astor Pl (6),407,Manhattan,5540
11/7/23,Astor Pl (6),407,Manhattan,14159
12/31/23,"Astoria Blvd (N,W)",2,Queens,35
12/30/23,"Astoria Blvd (N,W)",2,Queens,4927
12/29/23,"Astoria Blvd (N,W)",2,Queens,6831
12/28/23,"Astoria Blvd (N,W)",2,Queens,6729
12/27/23,"Astoria Blvd (N,W)",2,Queens,6133
12/26/23,"Astoria Blvd (N,W)",2,Queens,5587
12/25/23,"Astoria Blvd (N,W)",2,Queens,2552
12/23/23,"Astoria Blvd (N,W)",2,Queens,4592
12/22/23,"Astoria Blvd (N,W)",2,Queens,7688
12/21/23,"Astoria Blvd (N,W)",2,Queens,8441
12/20/23,"Astoria Blvd (N,W)",2,Queens,8577
12/19/23,"Astoria Blvd (N,W)",2,Queens,8597
12/18/23,"Astoria Blvd (N,W)",2,Queens,7162
12/17/23,"Astoria Blvd (N,W)",2,Queens,3982
12/16/23,"Astoria Blvd (N,W)",2,Queens,6075
12/15/23,"Astoria Blvd (N,W)",2,Queens,9081
12/14/23,"Astoria Blvd (N,W)",2,Queens,9577
12/13/23,"Astoria Blvd (N,W)",2,Queens,9394
12/12/23,"Astoria Blvd (N,W)",2,Queens,9000
12/11/23,"Astoria Blvd (N,W)",2,Queens,7982
12/10/23,"Astoria Blvd (N,W)",2,Queens,3834
12/9/23,"Astoria Blvd (N,W)",2,Queens,6567
12/8/23,"Astoria Blvd (N,W)",2,Queens,9074
12/6/23,"Astoria Blvd (N,W)",2,Queens,9118
12/5/23,"Astoria Blvd (N,W)",2,Queens,9052
12/4/23,"Astoria Blvd (N,W)",2,Queens,8338
12/3/23,"Astoria Blvd (N,W)",2,Queens,3815
12/2/23,"Astoria Blvd (N,W)",2,Queens,6028
12/1/23,"Astoria Blvd (N,W)",2,Queens,8219
11/24/23,"Astoria Blvd (N,W)",2,Queens,3217
11/7/23,"Astoria Blvd (N,W)",2,Queens,9213
12/31/23,"Astoria-Ditmars Blvd (N,W)",1,Queens,57
12/30/23,"Astoria-Ditmars Blvd (N,W)",1,Queens,6902
12/29/23,"Astoria-Ditmars Blvd (N,W)",1,Queens,9695
12/28/23,"Astoria-Ditmars Blvd (N,W)",1,Queens,9370
12/27/23,"Astoria-Ditmars Blvd (N,W)",1,Queens,8741
12/26/23,"Astoria-Ditmars Blvd (N,W)",1,Queens,7912
12/25/23,"Astoria-Ditmars Blvd (N,W)",1,Queens,2780
12/23/23,"Astoria-Ditmars Blvd (N,W)",1,Queens,6714
12/22/23,"Astoria-Ditmars Blvd (N,W)",1,Queens,10713
12/21/23,"Astoria-Ditmars Blvd (N,W)",1,Queens,11768
12/20/23,"Astoria-Ditmars Blvd (N,W)",1,Queens,11974
12/19/23,"Astoria-Ditmars Blvd (N,W)",1,Queens,12446
12/18/23,"Astoria-Ditmars Blvd (N,W)",1,Queens,10192
12/17/23,"Astoria-Ditmars Blvd (N,W)",1,Queens,5399
12/16/23,"Astoria-Ditmars Blvd (N,W)",1,Queens,8527
12/15/23,"Astoria-Ditmars Blvd (N,W)",1,Queens,12113
12/14/23,"Astoria-Ditmars Blvd (N,W)",1,Queens,12807
12/13/23,"Astoria-Ditmars Blvd (N,W)",1,Queens,12974
12/12/23,"Astoria-Ditmars Blvd (N,W)",1,Queens,12692
12/11/23,"Astoria-Ditmars Blvd (N,W)",1,Queens,11164
12/10/23,"Astoria-Ditmars Blvd (N,W)",1,Queens,5055
12/9/23,"Astoria-Ditmars Blvd (N,W)",1,Queens,8556
12/8/23,"Astoria-Ditmars Blvd (N,W)",1,Queens,12107
12/6/23,"Astoria-Ditmars Blvd (N,W)",1,Queens,13098
12/5/23,"Astoria-Ditmars Blvd (N,W)",1,Queens,13032
12/4/23,"Astoria-Ditmars Blvd (N,W)",1,Queens,11538
12/3/23,"Astoria-Ditmars Blvd (N,W)",1,Queens,4959
12/2/23,"Astoria-Ditmars Blvd (N,W)",1,Queens,8111
12/1/23,"Astoria-Ditmars Blvd (N,W)",1,Queens,11606
11/24/23,"Astoria-Ditmars Blvd (N,W)",1,Queens,4581
11/7/23,"Astoria-Ditmars Blvd (N,W)",1,Queens,12660
12/31/23,Atlantic Av (L),133,Brooklyn,12
12/30/23,Atlantic Av (L),133,Brooklyn,582
12/29/23,Atlantic Av (L),133,Brooklyn,948
12/28/23,Atlantic Av (L),133,Brooklyn,927
12/27/23,Atlantic Av (L),133,Brooklyn,938
12/26/23,Atlantic Av (L),133,Brooklyn,875
12/25/23,Atlantic Av (L),133,Brooklyn,375
12/23/23,Atlantic Av (L),133,Brooklyn,534
12/22/23,Atlantic Av (L),133,Brooklyn,1139
12/21/23,Atlantic Av (L),133,Brooklyn,1308
12/20/23,Atlantic Av (L),133,Brooklyn,1222
12/19/23,Atlantic Av (L),133,Brooklyn,1239
12/18/23,Atlantic Av (L),133,Brooklyn,1168
12/17/23,Atlantic Av (L),133,Brooklyn,553
12/16/23,Atlantic Av (L),133,Brooklyn,736
12/15/23,Atlantic Av (L),133,Brooklyn,1196
12/14/23,Atlantic Av (L),133,Brooklyn,1427
12/13/23,Atlantic Av (L),133,Brooklyn,1265
12/12/23,Atlantic Av (L),133,Brooklyn,1235
12/11/23,Atlantic Av (L),133,Brooklyn,1232
12/10/23,Atlantic Av (L),133,Brooklyn,602
12/9/23,Atlantic Av (L),133,Brooklyn,852
12/8/23,Atlantic Av (L),133,Brooklyn,1289
12/6/23,Atlantic Av (L),133,Brooklyn,1359
12/5/23,Atlantic Av (L),133,Brooklyn,1341
12/4/23,Atlantic Av (L),133,Brooklyn,1279
12/3/23,Atlantic Av (L),133,Brooklyn,705
12/2/23,Atlantic Av (L),133,Brooklyn,975
12/1/23,Atlantic Av (L),133,Brooklyn,1337
11/24/23,Atlantic Av (L),133,Brooklyn,347
11/7/23,Atlantic Av (L),133,Brooklyn,1320
12/31/23,"Atlantic Av-Barclays Ctr (B,D,N,Q,R,2,3,4,5)",617,Brooklyn,504
12/30/23,"Atlantic Av-Barclays Ctr (B,D,N,Q,R,2,3,4,5)",617,Brooklyn,21145
12/29/23,"Atlantic Av-Barclays Ctr (B,D,N,Q,R,2,3,4,5)",617,Brooklyn,26553
12/28/23,"Atlantic Av-Barclays Ctr (B,D,N,Q,R,2,3,4,5)",617,Brooklyn,24982
12/27/23,"Atlantic Av-Barclays Ctr (B,D,N,Q,R,2,3,4,5)",617,Brooklyn,31791
12/26/23,"Atlantic Av-Barclays Ctr (B,D,N,Q,R,2,3,4,5)",617,Brooklyn,21757
12/25/23,"Atlantic Av-Barclays Ctr (B,D,N,Q,R,2,3,4,5)",617,Brooklyn,7499
12/23/23,"Atlantic Av-Barclays Ctr (B,D,N,Q,R,2,3,4,5)",617,Brooklyn,26931
12/22/23,"Atlantic Av-Barclays Ctr (B,D,N,Q,R,2,3,4,5)",617,Brooklyn,38200
12/21/23,"Atlantic Av-Barclays Ctr (B,D,N,Q,R,2,3,4,5)",617,Brooklyn,32813
12/20/23,"Atlantic Av-Barclays Ctr (B,D,N,Q,R,2,3,4,5)",617,Brooklyn,40679
12/19/23,"Atlantic Av-Barclays Ctr (B,D,N,Q,R,2,3,4,5)",617,Brooklyn,38442
12/18/23,"Atlantic Av-Barclays Ctr (B,D,N,Q,R,2,3,4,5)",617,Brooklyn,32355
12/17/23,"Atlantic Av-Barclays Ctr (B,D,N,Q,R,2,3,4,5)",617,Brooklyn,21103
12/16/23,"Atlantic Av-Barclays Ctr (B,D,N,Q,R,2,3,4,5)",617,Brooklyn,23321
12/15/23,"Atlantic Av-Barclays Ctr (B,D,N,Q,R,2,3,4,5)",617,Brooklyn,37210
12/14/23,"Atlantic Av-Barclays Ctr (B,D,N,Q,R,2,3,4,5)",617,Brooklyn,37844
12/13/23,"Atlantic Av-Barclays Ctr (B,D,N,Q,R,2,3,4,5)",617,Brooklyn,33027
12/12/23,"Atlantic Av-Barclays Ctr (B,D,N,Q,R,2,3,4,5)",617,Brooklyn,32561
12/11/23,"Atlantic Av-Barclays Ctr (B,D,N,Q,R,2,3,4,5)",617,Brooklyn,30186
12/10/23,"Atlantic Av-Barclays Ctr (B,D,N,Q,R,2,3,4,5)",617,Brooklyn,18281
12/9/23,"Atlantic Av-Barclays Ctr (B,D,N,Q,R,2,3,4,5)",617,Brooklyn,28450
12/8/23,"Atlantic Av-Barclays Ctr (B,D,N,Q,R,2,3,4,5)",617,Brooklyn,37472
12/6/23,"Atlantic Av-Barclays Ctr (B,D,N,Q,R,2,3,4,5)",617,Brooklyn,33233
12/5/23,"Atlantic Av-Barclays Ctr (B,D,N,Q,R,2,3,4,5)",617,Brooklyn,32534
12/4/23,"Atlantic Av-Barclays Ctr (B,D,N,Q,R,2,3,4,5)",617,Brooklyn,31245
12/3/23,"Atlantic Av-Barclays Ctr (B,D,N,Q,R,2,3,4,5)",617,Brooklyn,19416
12/2/23,"Atlantic Av-Barclays Ctr (B,D,N,Q,R,2,3,4,5)",617,Brooklyn,34436
12/1/23,"Atlantic Av-Barclays Ctr (B,D,N,Q,R,2,3,4,5)",617,Brooklyn,34345
11/24/23,"Atlantic Av-Barclays Ctr (B,D,N,Q,R,2,3,4,5)",617,Brooklyn,16232
11/7/23,"Atlantic Av-Barclays Ctr (B,D,N,Q,R,2,3,4,5)",617,Brooklyn,32719
12/31/23,Avenue H (Q),48,Brooklyn,1
12/30/23,Avenue H (Q),48,Brooklyn,1055
12/29/23,Avenue H (Q),48,Brooklyn,1459
12/28/23,Avenue H (Q),48,Brooklyn,1508
12/27/23,Avenue H (Q),48,Brooklyn,1389
12/26/23,Avenue H (Q),48,Brooklyn,1407
12/25/23,Avenue H (Q),48,Brooklyn,728
12/23/23,Avenue H (Q),48,Brooklyn,1040
12/22/23,Avenue H (Q),48,Brooklyn,1841
12/21/23,Avenue H (Q),48,Brooklyn,2062
12/20/23,Avenue H (Q),48,Brooklyn,2248
12/19/23,Avenue H (Q),48,Brooklyn,2228
12/18/23,Avenue H (Q),48,Brooklyn,2095
12/17/23,Avenue H (Q),48,Brooklyn,907
12/16/23,Avenue H (Q),48,Brooklyn,1206
12/15/23,Avenue H (Q),48,Brooklyn,2061
12/14/23,Avenue H (Q),48,Brooklyn,2452
12/13/23,Avenue H (Q),48,Brooklyn,2335
12/12/23,Avenue H (Q),48,Brooklyn,2292
12/11/23,Avenue H (Q),48,Brooklyn,2336
12/10/23,Avenue H (Q),48,Brooklyn,819
12/9/23,Avenue H (Q),48,Brooklyn,1290
12/8/23,Avenue H (Q),48,Brooklyn,2121
12/6/23,Avenue H (Q),48,Brooklyn,2579
12/5/23,Avenue H (Q),48,Brooklyn,2552
12/4/23,Avenue H (Q),48,Brooklyn,2518
12/3/23,Avenue H (Q),48,Brooklyn,781
12/2/23,Avenue H (Q),48,Brooklyn,1160
12/1/23,Avenue H (Q),48,Brooklyn,2002
11/24/23,Avenue H (Q),48,Brooklyn,833
11/7/23,Avenue H (Q),48,Brooklyn,2568
12/31/23,Avenue I (F),246,Brooklyn,5
12/30/23,Avenue I (F),246,Brooklyn,549
12/29/23,Avenue I (F),246,Brooklyn,1091
12/28/23,Avenue I (F),246,Brooklyn,1218
12/27/23,Avenue I (F),246,Brooklyn,1238
12/26/23,Avenue I (F),246,Brooklyn,1150
12/25/23,Avenue I (F),246,Brooklyn,491
12/23/23,Avenue I (F),246,Brooklyn,581
12/22/23,Avenue I (F),246,Brooklyn,1403
12/21/23,Avenue I (F),246,Brooklyn,1633
12/20/23,Avenue I (F),246,Brooklyn,1646
12/19/23,Avenue I (F),246,Brooklyn,1579
12/18/23,Avenue I (F),246,Brooklyn,1493
12/17/23,Avenue I (F),246,Brooklyn,598
12/16/23,Avenue I (F),246,Brooklyn,536
12/15/23,Avenue I (F),246,Brooklyn,1459
12/14/23,Avenue I (F),246,Brooklyn,1665
12/13/23,Avenue I (F),246,Brooklyn,1665
12/12/23,Avenue I (F),246,Brooklyn,1602
12/11/23,Avenue I (F),246,Brooklyn,1469
12/10/23,Avenue I (F),246,Brooklyn,2
12/9/23,Avenue I (F),246,Brooklyn,2
12/8/23,Avenue I (F),246,Brooklyn,1377
12/6/23,Avenue I (F),246,Brooklyn,1682
12/5/23,Avenue I (F),246,Brooklyn,1581
12/4/23,Avenue I (F),246,Brooklyn,1574
12/3/23,Avenue I (F),246,Brooklyn,530
12/2/23,Avenue I (F),246,Brooklyn,559
12/1/23,Avenue I (F),246,Brooklyn,1222
11/24/23,Avenue I (F),246,Brooklyn,596
11/7/23,Avenue I (F),246,Brooklyn,1561
12/31/23,Avenue J (Q),49,Brooklyn,15
12/30/23,Avenue J (Q),49,Brooklyn,1974
12/29/23,Avenue J (Q),49,Brooklyn,3394
12/28/23,Avenue J (Q),49,Brooklyn,3582
12/27/23,Avenue J (Q),49,Brooklyn,3560
12/26/23,Avenue J (Q),49,Brooklyn,3514
12/25/23,Avenue J (Q),49,Brooklyn,1749
12/23/23,Avenue J (Q),49,Brooklyn,1991
12/22/23,Avenue J (Q),49,Brooklyn,3853
12/21/23,Avenue J (Q),49,Brooklyn,4315
12/20/23,Avenue J (Q),49,Brooklyn,4365
12/19/23,Avenue J (Q),49,Brooklyn,4484
12/18/23,Avenue J (Q),49,Brooklyn,4028
12/17/23,Avenue J (Q),49,Brooklyn,1942
12/16/23,Avenue J (Q),49,Brooklyn,2229
12/15/23,Avenue J (Q),49,Brooklyn,4212
12/14/23,Avenue J (Q),49,Brooklyn,4653
12/13/23,Avenue J (Q),49,Brooklyn,4531
12/12/23,Avenue J (Q),49,Brooklyn,4402
12/11/23,Avenue J (Q),49,Brooklyn,4115
12/10/23,Avenue J (Q),49,Brooklyn,1806
12/9/23,Avenue J (Q),49,Brooklyn,2267
12/8/23,Avenue J (Q),49,Brooklyn,4112
12/6/23,Avenue J (Q),49,Brooklyn,4682
12/5/23,Avenue J (Q),49,Brooklyn,4721
12/4/23,Avenue J (Q),49,Brooklyn,4534
12/3/23,Avenue J (Q),49,Brooklyn,1794
12/2/23,Avenue J (Q),49,Brooklyn,2187
12/1/23,Avenue J (Q),49,Brooklyn,4039
11/24/23,Avenue J (Q),49,Brooklyn,1983
11/7/23,Avenue J (Q),49,Brooklyn,4551
12/31/23,Avenue M (Q),50,Brooklyn,14
12/30/23,Avenue M (Q),50,Brooklyn,1968
12/29/23,Avenue M (Q),50,Brooklyn,3281
12/28/23,Avenue M (Q),50,Brooklyn,3351
12/27/23,Avenue M (Q),50,Brooklyn,3423
12/26/23,Avenue M (Q),50,Brooklyn,3185
12/25/23,Avenue M (Q),50,Brooklyn,1684
12/23/23,Avenue M (Q),50,Brooklyn,1943
12/22/23,Avenue M (Q),50,Brooklyn,3848
12/21/23,Avenue M (Q),50,Brooklyn,4276
12/20/23,Avenue M (Q),50,Brooklyn,4496
12/19/23,Avenue M (Q),50,Brooklyn,4464
12/18/23,Avenue M (Q),50,Brooklyn,3910
12/17/23,Avenue M (Q),50,Brooklyn,1849
12/16/23,Avenue M (Q),50,Brooklyn,2260
12/15/23,Avenue M (Q),50,Brooklyn,3852
12/14/23,Avenue M (Q),50,Brooklyn,4556
12/13/23,Avenue M (Q),50,Brooklyn,4573
12/12/23,Avenue M (Q),50,Brooklyn,4573
12/11/23,Avenue M (Q),50,Brooklyn,4350
12/10/23,Avenue M (Q),50,Brooklyn,1761
12/9/23,Avenue M (Q),50,Brooklyn,2252
12/8/23,Avenue M (Q),50,Brooklyn,4009
12/6/23,Avenue M (Q),50,Brooklyn,4343
12/5/23,Avenue M (Q),50,Brooklyn,4093
12/4/23,Avenue M (Q),50,Brooklyn,4356
12/3/23,Avenue M (Q),50,Brooklyn,1718
12/2/23,Avenue M (Q),50,Brooklyn,2103
12/1/23,Avenue M (Q),50,Brooklyn,4030
11/24/23,Avenue M (Q),50,Brooklyn,1981
11/7/23,Avenue M (Q),50,Brooklyn,4328
12/31/23,Avenue N (F),248,Brooklyn,9
12/30/23,Avenue N (F),248,Brooklyn,989
12/29/23,Avenue N (F),248,Brooklyn,1943
12/28/23,Avenue N (F),248,Brooklyn,2201
12/27/23,Avenue N (F),248,Brooklyn,2201
12/26/23,Avenue N (F),248,Brooklyn,2062
12/25/23,Avenue N (F),248,Brooklyn,884
12/23/23,Avenue N (F),248,Brooklyn,1043
12/22/23,Avenue N (F),248,Brooklyn,2153
12/21/23,Avenue N (F),248,Brooklyn,2459
12/20/23,Avenue N (F),248,Brooklyn,2571
12/19/23,Avenue N (F),248,Brooklyn,2587
12/18/23,Avenue N (F),248,Brooklyn,2304
12/17/23,Avenue N (F),248,Brooklyn,896
12/16/23,Avenue N (F),248,Brooklyn,1126
12/15/23,Avenue N (F),248,Brooklyn,2230
12/14/23,Avenue N (F),248,Brooklyn,2526
12/13/23,Avenue N (F),248,Brooklyn,2566
12/12/23,Avenue N (F),248,Brooklyn,2423
12/11/23,Avenue N (F),248,Brooklyn,2252
12/10/23,Avenue N (F),248,Brooklyn,3
12/9/23,Avenue N (F),248,Brooklyn,8
12/8/23,Avenue N (F),248,Brooklyn,2198
12/6/23,Avenue N (F),248,Brooklyn,2539
12/5/23,Avenue N (F),248,Brooklyn,2625
12/4/23,Avenue N (F),248,Brooklyn,2469
12/3/23,Avenue N (F),248,Brooklyn,791
12/2/23,Avenue N (F),248,Brooklyn,1085
12/1/23,Avenue N (F),248,Brooklyn,2232
11/24/23,Avenue N (F),248,Brooklyn,868
11/7/23,Avenue N (F),248,Brooklyn,2360
12/31/23,Avenue P (F),249,Brooklyn,1
12/30/23,Avenue P (F),249,Brooklyn,944
12/29/23,Avenue P (F),249,Brooklyn,1668
12/28/23,Avenue P (F),249,Brooklyn,1682
12/27/23,Avenue P (F),249,Brooklyn,1583
12/26/23,Avenue P (F),249,Brooklyn,1598
12/25/23,Avenue P (F),249,Brooklyn,752
12/23/23,Avenue P (F),249,Brooklyn,987
12/22/23,Avenue P (F),249,Brooklyn,1817
12/21/23,Avenue P (F),249,Brooklyn,1977
12/20/23,Avenue P (F),249,Brooklyn,2066
12/19/23,Avenue P (F),249,Brooklyn,2067
12/18/23,Avenue P (F),249,Brooklyn,1803
12/17/23,Avenue P (F),249,Brooklyn,818
12/16/23,Avenue P (F),249,Brooklyn,1004
12/15/23,Avenue P (F),249,Brooklyn,1907
12/14/23,Avenue P (F),249,Brooklyn,2107
12/13/23,Avenue P (F),249,Brooklyn,2067
12/12/23,Avenue P (F),249,Brooklyn,2056
12/11/23,Avenue P (F),249,Brooklyn,1892
12/8/23,Avenue P (F),249,Brooklyn,1923
12/6/23,Avenue P (F),249,Brooklyn,2199
12/5/23,Avenue P (F),249,Brooklyn,2162
12/4/23,Avenue P (F),249,Brooklyn,1958
12/3/23,Avenue P (F),249,Brooklyn,710
12/2/23,Avenue P (F),249,Brooklyn,912
12/1/23,Avenue P (F),249,Brooklyn,1845
11/24/23,Avenue P (F),249,Brooklyn,884
11/7/23,Avenue P (F),249,Brooklyn,2050
12/31/23,Avenue U (F),251,Brooklyn,6
12/30/23,Avenue U (F),251,Brooklyn,748
12/29/23,Avenue U (F),251,Brooklyn,1358
12/28/23,Avenue U (F),251,Brooklyn,1385
12/27/23,Avenue U (F),251,Brooklyn,1443
12/26/23,Avenue U (F),251,Brooklyn,1326
12/25/23,Avenue U (F),251,Brooklyn,523
12/23/23,Avenue U (F),251,Brooklyn,723
12/22/23,Avenue U (F),251,Brooklyn,1549
12/21/23,Avenue U (F),251,Brooklyn,1706
12/20/23,Avenue U (F),251,Brooklyn,1813
12/19/23,Avenue U (F),251,Brooklyn,1786
12/18/23,Avenue U (F),251,Brooklyn,1587
12/17/23,Avenue U (F),251,Brooklyn,602
12/16/23,Avenue U (F),251,Brooklyn,768
12/15/23,Avenue U (F),251,Brooklyn,1586
12/14/23,Avenue U (F),251,Brooklyn,1875
12/13/23,Avenue U (F),251,Brooklyn,1672
12/12/23,Avenue U (F),251,Brooklyn,1708
12/11/23,Avenue U (F),251,Brooklyn,1604
12/10/23,Avenue U (F),251,Brooklyn,1
12/9/23,Avenue U (F),251,Brooklyn,1
12/8/23,Avenue U (F),251,Brooklyn,1559
12/6/23,Avenue U (F),251,Brooklyn,1770
12/5/23,Avenue U (F),251,Brooklyn,1793
12/4/23,Avenue U (F),251,Brooklyn,1665
12/3/23,Avenue U (F),251,Brooklyn,6
12/2/23,Avenue U (F),251,Brooklyn,2
12/1/23,Avenue U (F),251,Brooklyn,1570
11/24/23,Avenue U (F),251,Brooklyn,575
11/7/23,Avenue U (F),251,Brooklyn,1777
12/31/23,Avenue U (N),78,Brooklyn,15
12/30/23,Avenue U (N),78,Brooklyn,1921
12/29/23,Avenue U (N),78,Brooklyn,2715
12/28/23,Avenue U (N),78,Brooklyn,2701
12/27/23,Avenue U (N),78,Brooklyn,2606
12/26/23,Avenue U (N),78,Brooklyn,2545
12/25/23,Avenue U (N),78,Brooklyn,1395
12/23/23,Avenue U (N),78,Brooklyn,1858
12/22/23,Avenue U (N),78,Brooklyn,2914
12/21/23,Avenue U (N),78,Brooklyn,3116
12/20/23,Avenue U (N),78,Brooklyn,3108
12/19/23,Avenue U (N),78,Brooklyn,3216
12/18/23,Avenue U (N),78,Brooklyn,2733
12/17/23,Avenue U (N),78,Brooklyn,1716
12/16/23,Avenue U (N),78,Brooklyn,2031
12/15/23,Avenue U (N),78,Brooklyn,3211
12/14/23,Avenue U (N),78,Brooklyn,3190
12/13/23,Avenue U (N),78,Brooklyn,3255
12/12/23,Avenue U (N),78,Brooklyn,3201
12/11/23,Avenue U (N),78,Brooklyn,3039
12/10/23,Avenue U (N),78,Brooklyn,1650
12/9/23,Avenue U (N),78,Brooklyn,2321
12/8/23,Avenue U (N),78,Brooklyn,3297
12/6/23,Avenue U (N),78,Brooklyn,3462
12/5/23,Avenue U (N),78,Brooklyn,3113
12/4/23,Avenue U (N),78,Brooklyn,3260
12/3/23,Avenue U (N),78,Brooklyn,1614
12/2/23,Avenue U (N),78,Brooklyn,2282
12/1/23,Avenue U (N),78,Brooklyn,3376
11/24/23,Avenue U (N),78,Brooklyn,1670
11/7/23,Avenue U (N),78,Brooklyn,3445
12/31/23,Avenue U (Q),52,Brooklyn,10
12/30/23,Avenue U (Q),52,Brooklyn,3435
12/29/23,Avenue U (Q),52,Brooklyn,4901
12/28/23,Avenue U (Q),52,Brooklyn,5161
12/27/23,Avenue U (Q),52,Brooklyn,4889
12/26/23,Avenue U (Q),52,Brooklyn,4999
12/25/23,Avenue U (Q),52,Brooklyn,2298
12/23/23,Avenue U (Q),52,Brooklyn,3420
12/22/23,Avenue U (Q),52,Brooklyn,5362
12/21/23,Avenue U (Q),52,Brooklyn,5742
12/20/23,Avenue U (Q),52,Brooklyn,5946
12/19/23,Avenue U (Q),52,Brooklyn,5800
12/18/23,Avenue U (Q),52,Brooklyn,4996
12/17/23,Avenue U (Q),52,Brooklyn,2829
12/16/23,Avenue U (Q),52,Brooklyn,3831
12/15/23,Avenue U (Q),52,Brooklyn,5636
12/14/23,Avenue U (Q),52,Brooklyn,5842
12/13/23,Avenue U (Q),52,Brooklyn,5753
12/12/23,Avenue U (Q),52,Brooklyn,5807
12/11/23,Avenue U (Q),52,Brooklyn,5450
12/10/23,Avenue U (Q),52,Brooklyn,2605
12/9/23,Avenue U (Q),52,Brooklyn,3775
12/8/23,Avenue U (Q),52,Brooklyn,5516
12/6/23,Avenue U (Q),52,Brooklyn,5976
12/5/23,Avenue U (Q),52,Brooklyn,5926
12/4/23,Avenue U (Q),52,Brooklyn,5829
12/3/23,Avenue U (Q),52,Brooklyn,2484
12/2/23,Avenue U (Q),52,Brooklyn,3468
12/1/23,Avenue U (Q),52,Brooklyn,5427
11/24/23,Avenue U (Q),52,Brooklyn,2991
11/7/23,Avenue U (Q),52,Brooklyn,6060
12/31/23,Avenue X (F),252,Brooklyn,9
12/30/23,Avenue X (F),252,Brooklyn,828
12/29/23,Avenue X (F),252,Brooklyn,1693
12/28/23,Avenue X (F),252,Brooklyn,1743
12/27/23,Avenue X (F),252,Brooklyn,1787
12/26/23,Avenue X (F),252,Brooklyn,1647
12/25/23,Avenue X (F),252,Brooklyn,680
12/23/23,Avenue X (F),252,Brooklyn,863
12/22/23,Avenue X (F),252,Brooklyn,1930
12/21/23,Avenue X (F),252,Brooklyn,2066
12/20/23,Avenue X (F),252,Brooklyn,2277
12/19/23,Avenue X (F),252,Brooklyn,2216
12/18/23,Avenue X (F),252,Brooklyn,1958
12/17/23,Avenue X (F),252,Brooklyn,641
12/16/23,Avenue X (F),252,Brooklyn,913
12/15/23,Avenue X (F),252,Brooklyn,2056
12/14/23,Avenue X (F),252,Brooklyn,2122
12/13/23,Avenue X (F),252,Brooklyn,2252
12/12/23,Avenue X (F),252,Brooklyn,2161
12/11/23,Avenue X (F),252,Brooklyn,2003
12/10/23,Avenue X (F),252,Brooklyn,8
12/8/23,Avenue X (F),252,Brooklyn,1986
12/6/23,Avenue X (F),252,Brooklyn,2294
12/5/23,Avenue X (F),252,Brooklyn,2410
12/4/23,Avenue X (F),252,Brooklyn,2189
12/3/23,Avenue X (F),252,Brooklyn,3
12/2/23,Avenue X (F),252,Brooklyn,1
12/1/23,Avenue X (F),252,Brooklyn,1967
11/24/23,Avenue X (F),252,Brooklyn,716
11/7/23,Avenue X (F),252,Brooklyn,2118
12/31/23,Bay 50 St (D),70,Brooklyn,2
12/30/23,Bay 50 St (D),70,Brooklyn,1086
12/29/23,Bay 50 St (D),70,Brooklyn,1504
12/28/23,Bay 50 St (D),70,Brooklyn,1466
12/27/23,Bay 50 St (D),70,Brooklyn,1454
12/26/23,Bay 50 St (D),70,Brooklyn,1484
12/25/23,Bay 50 St (D),70,Brooklyn,701
12/23/23,Bay 50 St (D),70,Brooklyn,974
12/22/23,Bay 50 St (D),70,Brooklyn,1816
12/21/23,Bay 50 St (D),70,Brooklyn,1827
12/20/23,Bay 50 St (D),70,Brooklyn,2027
12/19/23,Bay 50 St (D),70,Brooklyn,2011
12/18/23,Bay 50 St (D),70,Brooklyn,1777
12/17/23,Bay 50 St (D),70,Brooklyn,837
12/16/23,Bay 50 St (D),70,Brooklyn,1073
12/15/23,Bay 50 St (D),70,Brooklyn,2018
12/14/23,Bay 50 St (D),70,Brooklyn,2055
12/13/23,Bay 50 St (D),70,Brooklyn,2034
12/12/23,Bay 50 St (D),70,Brooklyn,2170
12/11/23,Bay 50 St (D),70,Brooklyn,1950
12/10/23,Bay 50 St (D),70,Brooklyn,848
12/9/23,Bay 50 St (D),70,Brooklyn,1167
12/8/23,Bay 50 St (D),70,Brooklyn,1824
12/6/23,Bay 50 St (D),70,Brooklyn,1826
12/5/23,Bay 50 St (D),70,Brooklyn,2057
12/4/23,Bay 50 St (D),70,Brooklyn,1920
12/3/23,Bay 50 St (D),70,Brooklyn,825
12/2/23,Bay 50 St (D),70,Brooklyn,1070
12/1/23,Bay 50 St (D),70,Brooklyn,1664
11/24/23,Bay 50 St (D),70,Brooklyn,859
11/7/23,Bay 50 St (D),70,Brooklyn,1683
12/31/23,Bay Pkwy (D),68,Brooklyn,16
12/30/23,Bay Pkwy (D),68,Brooklyn,3549
12/29/23,Bay Pkwy (D),68,Brooklyn,5280
12/28/23,Bay Pkwy (D),68,Brooklyn,5092
12/27/23,Bay Pkwy (D),68,Brooklyn,4971
12/26/23,Bay Pkwy (D),68,Brooklyn,5055
12/25/23,Bay Pkwy (D),68,Brooklyn,2531
12/23/23,Bay Pkwy (D),68,Brooklyn,3534
12/22/23,Bay Pkwy (D),68,Brooklyn,5648
12/21/23,Bay Pkwy (D),68,Brooklyn,5965
12/20/23,Bay Pkwy (D),68,Brooklyn,6127
12/19/23,Bay Pkwy (D),68,Brooklyn,6091
12/18/23,Bay Pkwy (D),68,Brooklyn,5599
12/17/23,Bay Pkwy (D),68,Brooklyn,2802
12/16/23,Bay Pkwy (D),68,Brooklyn,3722
12/15/23,Bay Pkwy (D),68,Brooklyn,5879
12/14/23,Bay Pkwy (D),68,Brooklyn,6257
12/13/23,Bay Pkwy (D),68,Brooklyn,5990
12/12/23,Bay Pkwy (D),68,Brooklyn,6002
12/11/23,Bay Pkwy (D),68,Brooklyn,5804
12/10/23,Bay Pkwy (D),68,Brooklyn,2472
12/9/23,Bay Pkwy (D),68,Brooklyn,3608
12/8/23,Bay Pkwy (D),68,Brooklyn,5598
12/6/23,Bay Pkwy (D),68,Brooklyn,5593
12/5/23,Bay Pkwy (D),68,Brooklyn,6313
12/4/23,Bay Pkwy (D),68,Brooklyn,6140
12/3/23,Bay Pkwy (D),68,Brooklyn,2464
12/2/23,Bay Pkwy (D),68,Brooklyn,3367
12/1/23,Bay Pkwy (D),68,Brooklyn,5060
11/24/23,Bay Pkwy (D),68,Brooklyn,3013
11/7/23,Bay Pkwy (D),68,Brooklyn,5311
12/31/23,Bay Pkwy (F),247,Brooklyn,2
12/30/23,Bay Pkwy (F),247,Brooklyn,515
12/29/23,Bay Pkwy (F),247,Brooklyn,1001
12/28/23,Bay Pkwy (F),247,Brooklyn,999
12/27/23,Bay Pkwy (F),247,Brooklyn,997
12/26/23,Bay Pkwy (F),247,Brooklyn,966
12/25/23,Bay Pkwy (F),247,Brooklyn,371
12/23/23,Bay Pkwy (F),247,Brooklyn,490
12/22/23,Bay Pkwy (F),247,Brooklyn,1302
12/21/23,Bay Pkwy (F),247,Brooklyn,1348
12/20/23,Bay Pkwy (F),247,Brooklyn,1371
12/19/23,Bay Pkwy (F),247,Brooklyn,1451
12/18/23,Bay Pkwy (F),247,Brooklyn,1359
12/17/23,Bay Pkwy (F),247,Brooklyn,384
12/16/23,Bay Pkwy (F),247,Brooklyn,582
12/15/23,Bay Pkwy (F),247,Brooklyn,1328
12/14/23,Bay Pkwy (F),247,Brooklyn,1440
12/13/23,Bay Pkwy (F),247,Brooklyn,1482
12/12/23,Bay Pkwy (F),247,Brooklyn,1418
12/11/23,Bay Pkwy (F),247,Brooklyn,1275
12/10/23,Bay Pkwy (F),247,Brooklyn,1
12/8/23,Bay Pkwy (F),247,Brooklyn,1251
12/6/23,Bay Pkwy (F),247,Brooklyn,1546
12/5/23,Bay Pkwy (F),247,Brooklyn,1527
12/4/23,Bay Pkwy (F),247,Brooklyn,1445
12/3/23,Bay Pkwy (F),247,Brooklyn,397
12/2/23,Bay Pkwy (F),247,Brooklyn,698
12/1/23,Bay Pkwy (F),247,Brooklyn,1287
11/24/23,Bay Pkwy (F),247,Brooklyn,439
11/7/23,Bay Pkwy (F),247,Brooklyn,1462
12/31/23,Bay Pkwy (N),76,Brooklyn,2
12/30/23,Bay Pkwy (N),76,Brooklyn,3228
12/29/23,Bay Pkwy (N),76,Brooklyn,4541
12/28/23,Bay Pkwy (N),76,Brooklyn,4428
12/27/23,Bay Pkwy (N),76,Brooklyn,4312
12/26/23,Bay Pkwy (N),76,Brooklyn,4283
12/25/23,Bay Pkwy (N),76,Brooklyn,2212
12/23/23,Bay Pkwy (N),76,Brooklyn,3021
12/22/23,Bay Pkwy (N),76,Brooklyn,5208
12/21/23,Bay Pkwy (N),76,Brooklyn,5512
12/20/23,Bay Pkwy (N),76,Brooklyn,5601
12/19/23,Bay Pkwy (N),76,Brooklyn,5535
12/18/23,Bay Pkwy (N),76,Brooklyn,4517
12/17/23,Bay Pkwy (N),76,Brooklyn,2570
12/16/23,Bay Pkwy (N),76,Brooklyn,3528
12/15/23,Bay Pkwy (N),76,Brooklyn,5393
12/14/23,Bay Pkwy (N),76,Brooklyn,5722
12/13/23,Bay Pkwy (N),76,Brooklyn,5651
12/12/23,Bay Pkwy (N),76,Brooklyn,5548
12/11/23,Bay Pkwy (N),76,Brooklyn,5247
12/10/23,Bay Pkwy (N),76,Brooklyn,2673
12/9/23,Bay Pkwy (N),76,Brooklyn,3972
12/8/23,Bay Pkwy (N),76,Brooklyn,5760
12/6/23,Bay Pkwy (N),76,Brooklyn,6315
12/5/23,Bay Pkwy (N),76,Brooklyn,5678
12/4/23,Bay Pkwy (N),76,Brooklyn,5586
12/3/23,Bay Pkwy (N),76,Brooklyn,2399
12/2/23,Bay Pkwy (N),76,Brooklyn,3514
12/1/23,Bay Pkwy (N),76,Brooklyn,5748
11/24/23,Bay Pkwy (N),76,Brooklyn,2466
11/7/23,Bay Pkwy (N),76,Brooklyn,5980
12/31/23,Bay Ridge Av (R),36,Brooklyn,14
12/30/23,Bay Ridge Av (R),36,Brooklyn,3696
12/29/23,Bay Ridge Av (R),36,Brooklyn,4825
12/28/23,Bay Ridge Av (R),36,Brooklyn,4792
12/27/23,Bay Ridge Av (R),36,Brooklyn,4694
12/26/23,Bay Ridge Av (R),36,Brooklyn,4229
12/25/23,Bay Ridge Av (R),36,Brooklyn,1940
12/23/23,Bay Ridge Av (R),36,Brooklyn,3502
12/22/23,Bay Ridge Av (R),36,Brooklyn,5863
12/21/23,Bay Ridge Av (R),36,Brooklyn,6624
12/20/23,Bay Ridge Av (R),36,Brooklyn,6442
12/19/23,Bay Ridge Av (R),36,Brooklyn,6375
12/18/23,Bay Ridge Av (R),36,Brooklyn,5681
12/17/23,Bay Ridge Av (R),36,Brooklyn,2763
12/16/23,Bay Ridge Av (R),36,Brooklyn,3957
12/15/23,Bay Ridge Av (R),36,Brooklyn,6541
12/14/23,Bay Ridge Av (R),36,Brooklyn,6921
12/13/23,Bay Ridge Av (R),36,Brooklyn,6590
12/12/23,Bay Ridge Av (R),36,Brooklyn,6601
12/11/23,Bay Ridge Av (R),36,Brooklyn,6174
12/10/23,Bay Ridge Av (R),36,Brooklyn,2548
12/9/23,Bay Ridge Av (R),36,Brooklyn,4050
12/8/23,Bay Ridge Av (R),36,Brooklyn,6514
12/6/23,Bay Ridge Av (R),36,Brooklyn,6782
12/5/23,Bay Ridge Av (R),36,Brooklyn,6622
12/4/23,Bay Ridge Av (R),36,Brooklyn,6344
12/3/23,Bay Ridge Av (R),36,Brooklyn,2614
12/2/23,Bay Ridge Av (R),36,Brooklyn,4209
12/1/23,Bay Ridge Av (R),36,Brooklyn,6219
11/24/23,Bay Ridge Av (R),36,Brooklyn,2650
11/7/23,Bay Ridge Av (R),36,Brooklyn,6601
12/31/23,Bay Ridge-95 St (R),39,Brooklyn,11
12/30/23,Bay Ridge-95 St (R),39,Brooklyn,2188
12/29/23,Bay Ridge-95 St (R),39,Brooklyn,3345
12/28/23,Bay Ridge-95 St (R),39,Brooklyn,3380
12/27/23,Bay Ridge-95 St (R),39,Brooklyn,3223
12/26/23,Bay Ridge-95 St (R),39,Brooklyn,2908
12/25/23,Bay Ridge-95 St (R),39,Brooklyn,1184
12/23/23,Bay Ridge-95 St (R),39,Brooklyn,2072
12/22/23,Bay Ridge-95 St (R),39,Brooklyn,3850
12/21/23,Bay Ridge-95 St (R),39,Brooklyn,4301
12/20/23,Bay Ridge-95 St (R),39,Brooklyn,4346
12/19/23,Bay Ridge-95 St (R),39,Brooklyn,4469
12/18/23,Bay Ridge-95 St (R),39,Brooklyn,3714
12/17/23,Bay Ridge-95 St (R),39,Brooklyn,1762
12/16/23,Bay Ridge-95 St (R),39,Brooklyn,2508
12/15/23,Bay Ridge-95 St (R),39,Brooklyn,4270
12/14/23,Bay Ridge-95 St (R),39,Brooklyn,4617
12/13/23,Bay Ridge-95 St (R),39,Brooklyn,4482
12/12/23,Bay Ridge-95 St (R),39,Brooklyn,4438
12/11/23,Bay Ridge-95 St (R),39,Brooklyn,4066
12/10/23,Bay Ridge-95 St (R),39,Brooklyn,1592
12/9/23,Bay Ridge-95 St (R),39,Brooklyn,2621
12/8/23,Bay Ridge-95 St (R),39,Brooklyn,4316
12/6/23,Bay Ridge-95 St (R),39,Brooklyn,4578
12/5/23,Bay Ridge-95 St (R),39,Brooklyn,4595
12/4/23,Bay Ridge-95 St (R),39,Brooklyn,4266
12/3/23,Bay Ridge-95 St (R),39,Brooklyn,1703
12/2/23,Bay Ridge-95 St (R),39,Brooklyn,2554
12/1/23,Bay Ridge-95 St (R),39,Brooklyn,4081
11/24/23,Bay Ridge-95 St (R),39,Brooklyn,1575
11/7/23,Bay Ridge-95 St (R),39,Brooklyn,4504
12/30/23,Baychester Av (5),443,Bronx,725
12/29/23,Baychester Av (5),443,Bronx,1301
12/28/23,Baychester Av (5),443,Bronx,1277
12/27/23,Baychester Av (5),443,Bronx,1227
12/26/23,Baychester Av (5),443,Bronx,1219
12/25/23,Baychester Av (5),443,Bronx,413
12/23/23,Baychester Av (5),443,Bronx,761
12/22/23,Baychester Av (5),443,Bronx,1517
12/21/23,Baychester Av (5),443,Bronx,1732
12/20/23,Baychester Av (5),443,Bronx,1957
12/19/23,Baychester Av (5),443,Bronx,1916
12/18/23,Baychester Av (5),443,Bronx,1610
12/17/23,Baychester Av (5),443,Bronx,479
12/16/23,Baychester Av (5),443,Bronx,880
12/15/23,Baychester Av (5),443,Bronx,1919
12/14/23,Baychester Av (5),443,Bronx,2032
12/13/23,Baychester Av (5),443,Bronx,2019
12/12/23,Baychester Av (5),443,Bronx,2018
12/11/23,Baychester Av (5),443,Bronx,1871
12/10/23,Baychester Av (5),443,Bronx,530
12/9/23,Baychester Av (5),443,Bronx,818
12/8/23,Baychester Av (5),443,Bronx,1843
12/6/23,Baychester Av (5),443,Bronx,2126
12/5/23,Baychester Av (5),443,Bronx,2138
12/4/23,Baychester Av (5),443,Bronx,2019
12/3/23,Baychester Av (5),443,Bronx,472
12/2/23,Baychester Av (5),443,Bronx,878
12/1/23,Baychester Av (5),443,Bronx,1939
11/24/23,Baychester Av (5),443,Bronx,490
11/7/23,Baychester Av (5),443,Bronx,1146
12/30/23,"Beach 105 St (A,S)",202,Queens,64
12/29/23,"Beach 105 St (A,S)",202,Queens,115
12/28/23,"Beach 105 St (A,S)",202,Queens,104
12/27/23,"Beach 105 St (A,S)",202,Queens,103
12/26/23,"Beach 105 St (A,S)",202,Queens,105
12/25/23,"Beach 105 St (A,S)",202,Queens,37
12/23/23,"Beach 105 St (A,S)",202,Queens,50
12/22/23,"Beach 105 St (A,S)",202,Queens,136
12/21/23,"Beach 105 St (A,S)",202,Queens,152
12/20/23,"Beach 105 St (A,S)",202,Queens,133
12/19/23,"Beach 105 St (A,S)",202,Queens,160
12/18/23,"Beach 105 St (A,S)",202,Queens,113
12/17/23,"Beach 105 St (A,S)",202,Queens,27
12/16/23,"Beach 105 St (A,S)",202,Queens,62
12/15/23,"Beach 105 St (A,S)",202,Queens,155
12/14/23,"Beach 105 St (A,S)",202,Queens,156
12/13/23,"Beach 105 St (A,S)",202,Queens,169
12/12/23,"Beach 105 St (A,S)",202,Queens,163
12/11/23,"Beach 105 St (A,S)",202,Queens,127
12/10/23,"Beach 105 St (A,S)",202,Queens,8
12/9/23,"Beach 105 St (A,S)",202,Queens,30
12/8/23,"Beach 105 St (A,S)",202,Queens,166
12/6/23,"Beach 105 St (A,S)",202,Queens,159
12/5/23,"Beach 105 St (A,S)",202,Queens,168
12/4/23,"Beach 105 St (A,S)",202,Queens,141
12/3/23,"Beach 105 St (A,S)",202,Queens,24
12/2/23,"Beach 105 St (A,S)",202,Queens,46
12/1/23,"Beach 105 St (A,S)",202,Queens,143
11/24/23,"Beach 105 St (A,S)",202,Queens,44
11/7/23,"Beach 105 St (A,S)",202,Queens,157
12/31/23,Beach 25 St (A),208,Queens,2
12/30/23,Beach 25 St (A),208,Queens,516
12/29/23,Beach 25 St (A),208,Queens,813
12/28/23,Beach 25 St (A),208,Queens,863
12/27/23,Beach 25 St (A),208,Queens,740
12/26/23,Beach 25 St (A),208,Queens,664
12/25/23,Beach 25 St (A),208,Queens,352
12/23/23,Beach 25 St (A),208,Queens,502
12/22/23,Beach 25 St (A),208,Queens,1044
12/21/23,Beach 25 St (A),208,Queens,1075
12/20/23,Beach 25 St (A),208,Queens,1115
12/19/23,Beach 25 St (A),208,Queens,1154
12/18/23,Beach 25 St (A),208,Queens,938
12/17/23,Beach 25 St (A),208,Queens,404
12/16/23,Beach 25 St (A),208,Queens,528
12/15/23,Beach 25 St (A),208,Queens,1111
12/14/23,Beach 25 St (A),208,Queens,1175
12/13/23,Beach 25 St (A),208,Queens,1038
12/12/23,Beach 25 St (A),208,Queens,1124
12/11/23,Beach 25 St (A),208,Queens,1042
12/10/23,Beach 25 St (A),208,Queens,151
12/9/23,Beach 25 St (A),208,Queens,297
12/8/23,Beach 25 St (A),208,Queens,1189
12/6/23,Beach 25 St (A),208,Queens,1166
12/5/23,Beach 25 St (A),208,Queens,1116
12/4/23,Beach 25 St (A),208,Queens,1191
12/3/23,Beach 25 St (A),208,Queens,334
12/2/23,Beach 25 St (A),208,Queens,462
12/1/23,Beach 25 St (A),208,Queens,1183
11/24/23,Beach 25 St (A),208,Queens,385
11/7/23,Beach 25 St (A),208,Queens,1170
12/31/23,Beach 36 St (A),207,Queens,2
12/30/23,Beach 36 St (A),207,Queens,300
12/29/23,Beach 36 St (A),207,Queens,459
12/28/23,Beach 36 St (A),207,Queens,485
12/27/23,Beach 36 St (A),207,Queens,457
12/26/23,Beach 36 St (A),207,Queens,432
12/25/23,Beach 36 St (A),207,Queens,193
12/23/23,Beach 36 St (A),207,Queens,280
12/22/23,Beach 36 St (A),207,Queens,549
12/21/23,Beach 36 St (A),207,Queens,591
12/20/23,Beach 36 St (A),207,Queens,638
12/19/23,Beach 36 St (A),207,Queens,603
12/18/23,Beach 36 St (A),207,Queens,486
12/17/23,Beach 36 St (A),207,Queens,206
12/16/23,Beach 36 St (A),207,Queens,302
12/15/23,Beach 36 St (A),207,Queens,593
12/14/23,Beach 36 St (A),207,Queens,592
12/13/23,Beach 36 St (A),207,Queens,502
12/12/23,Beach 36 St (A),207,Queens,578
12/11/23,Beach 36 St (A),207,Queens,584
12/10/23,Beach 36 St (A),207,Queens,104
12/9/23,Beach 36 St (A),207,Queens,167
12/8/23,Beach 36 St (A),207,Queens,597
12/6/23,Beach 36 St (A),207,Queens,631
12/5/23,Beach 36 St (A),207,Queens,616
12/4/23,Beach 36 St (A),207,Queens,624
12/3/23,Beach 36 St (A),207,Queens,167
12/2/23,Beach 36 St (A),207,Queens,251
12/1/23,Beach 36 St (A),207,Queens,614
11/24/23,Beach 36 St (A),207,Queens,225
11/7/23,Beach 36 St (A),207,Queens,595
12/31/23,Beach 44 St (A),206,Queens,2
12/30/23,Beach 44 St (A),206,Queens,248
12/29/23,Beach 44 St (A),206,Queens,408
12/28/23,Beach 44 St (A),206,Queens,405
12/27/23,Beach 44 St (A),206,Queens,393
12/26/23,Beach 44 St (A),206,Queens,369
12/25/23,Beach 44 St (A),206,Queens,227
12/23/23,Beach 44 St (A),206,Queens,262
12/22/23,Beach 44 St (A),206,Queens,457
12/21/23,Beach 44 St (A),206,Queens,492
12/20/23,Beach 44 St (A),206,Queens,540
12/19/23,Beach 44 St (A),206,Queens,498
12/18/23,Beach 44 St (A),206,Queens,417
12/17/23,Beach 44 St (A),206,Queens,208
12/16/23,Beach 44 St (A),206,Queens,254
12/15/23,Beach 44 St (A),206,Queens,497
12/14/23,Beach 44 St (A),206,Queens,542
12/13/23,Beach 44 St (A),206,Queens,488
12/12/23,Beach 44 St (A),206,Queens,518
12/11/23,Beach 44 St (A),206,Queens,494
12/10/23,Beach 44 St (A),206,Queens,91
12/9/23,Beach 44 St (A),206,Queens,149
12/8/23,Beach 44 St (A),206,Queens,505
12/6/23,Beach 44 St (A),206,Queens,509
12/5/23,Beach 44 St (A),206,Queens,519
12/4/23,Beach 44 St (A),206,Queens,510
12/3/23,Beach 44 St (A),206,Queens,167
12/2/23,Beach 44 St (A),206,Queens,235
12/1/23,Beach 44 St (A),206,Queens,484
11/24/23,Beach 44 St (A),206,Queens,244
11/7/23,Beach 44 St (A),206,Queens,518
12/31/23,Beach 60 St (A),205,Queens,5
12/30/23,Beach 60 St (A),205,Queens,652
12/29/23,Beach 60 St (A),205,Queens,912
12/28/23,Beach 60 St (A),205,Queens,949
12/27/23,Beach 60 St (A),205,Queens,901
12/26/23,Beach 60 St (A),205,Queens,865
12/25/23,Beach 60 St (A),205,Queens,435
12/23/23,Beach 60 St (A),205,Queens,590
12/22/23,Beach 60 St (A),205,Queens,1224
12/21/23,Beach 60 St (A),205,Queens,1186
12/20/23,Beach 60 St (A),205,Queens,1220
12/19/23,Beach 60 St (A),205,Queens,1222
12/18/23,Beach 60 St (A),205,Queens,1105
12/17/23,Beach 60 St (A),205,Queens,477
12/16/23,Beach 60 St (A),205,Queens,579
12/15/23,Beach 60 St (A),205,Queens,1175
12/14/23,Beach 60 St (A),205,Queens,1166
12/13/23,Beach 60 St (A),205,Queens,1020
12/12/23,Beach 60 St (A),205,Queens,1173
12/11/23,Beach 60 St (A),205,Queens,1101
12/10/23,Beach 60 St (A),205,Queens,154
12/9/23,Beach 60 St (A),205,Queens,313
12/8/23,Beach 60 St (A),205,Queens,1259
12/6/23,Beach 60 St (A),205,Queens,1302
12/5/23,Beach 60 St (A),205,Queens,1305
12/4/23,Beach 60 St (A),205,Queens,1201
12/3/23,Beach 60 St (A),205,Queens,369
12/2/23,Beach 60 St (A),205,Queens,554
12/1/23,Beach 60 St (A),205,Queens,1207
11/24/23,Beach 60 St (A),205,Queens,459
11/7/23,Beach 60 St (A),205,Queens,1261
12/31/23,Beach 67 St (A),204,Queens,1
12/30/23,Beach 67 St (A),204,Queens,789
12/29/23,Beach 67 St (A),204,Queens,1298
12/28/23,Beach 67 St (A),204,Queens,1125
12/27/23,Beach 67 St (A),204,Queens,1062
12/26/23,Beach 67 St (A),204,Queens,1024
12/25/23,Beach 67 St (A),204,Queens,518
12/23/23,Beach 67 St (A),204,Queens,786
12/22/23,Beach 67 St (A),204,Queens,1448
12/21/23,Beach 67 St (A),204,Queens,1610
12/20/23,Beach 67 St (A),204,Queens,1482
12/19/23,Beach 67 St (A),204,Queens,1382
12/18/23,Beach 67 St (A),204,Queens,1232
12/17/23,Beach 67 St (A),204,Queens,592
12/16/23,Beach 67 St (A),204,Queens,907
12/15/23,Beach 67 St (A),204,Queens,1436
12/14/23,Beach 67 St (A),204,Queens,1612
12/13/23,Beach 67 St (A),204,Queens,1282
12/12/23,Beach 67 St (A),204,Queens,1494
12/11/23,Beach 67 St (A),204,Queens,1392
12/10/23,Beach 67 St (A),204,Queens,220
12/9/23,Beach 67 St (A),204,Queens,344
12/8/23,Beach 67 St (A),204,Queens,1492
12/6/23,Beach 67 St (A),204,Queens,1531
12/5/23,Beach 67 St (A),204,Queens,1568
12/4/23,Beach 67 St (A),204,Queens,1519
12/3/23,Beach 67 St (A),204,Queens,533
12/2/23,Beach 67 St (A),204,Queens,803
12/1/23,Beach 67 St (A),204,Queens,1460
11/24/23,Beach 67 St (A),204,Queens,602
11/7/23,Beach 67 St (A),204,Queens,1512
12/31/23,"Beach 90 St (A,S)",200,Queens,1
12/30/23,"Beach 90 St (A,S)",200,Queens,201
12/29/23,"Beach 90 St (A,S)",200,Queens,374
12/28/23,"Beach 90 St (A,S)",200,Queens,342
12/27/23,"Beach 90 St (A,S)",200,Queens,342
12/26/23,"Beach 90 St (A,S)",200,Queens,307
12/25/23,"Beach 90 St (A,S)",200,Queens,138
12/23/23,"Beach 90 St (A,S)",200,Queens,234
12/22/23,"Beach 90 St (A,S)",200,Queens,393
12/21/23,"Beach 90 St (A,S)",200,Queens,369
12/20/23,"Beach 90 St (A,S)",200,Queens,395
12/19/23,"Beach 90 St (A,S)",200,Queens,379
12/18/23,"Beach 90 St (A,S)",200,Queens,315
12/17/23,"Beach 90 St (A,S)",200,Queens,148
12/16/23,"Beach 90 St (A,S)",200,Queens,243
12/15/23,"Beach 90 St (A,S)",200,Queens,392
12/14/23,"Beach 90 St (A,S)",200,Queens,401
12/13/23,"Beach 90 St (A,S)",200,Queens,444
12/12/23,"Beach 90 St (A,S)",200,Queens,420
12/11/23,"Beach 90 St (A,S)",200,Queens,389
12/10/23,"Beach 90 St (A,S)",200,Queens,67
12/9/23,"Beach 90 St (A,S)",200,Queens,81
12/8/23,"Beach 90 St (A,S)",200,Queens,422
12/6/23,"Beach 90 St (A,S)",200,Queens,439
12/5/23,"Beach 90 St (A,S)",200,Queens,416
12/4/23,"Beach 90 St (A,S)",200,Queens,415
12/3/23,"Beach 90 St (A,S)",200,Queens,148
12/2/23,"Beach 90 St (A,S)",200,Queens,204
12/1/23,"Beach 90 St (A,S)",200,Queens,405
11/24/23,"Beach 90 St (A,S)",200,Queens,171
11/7/23,"Beach 90 St (A,S)",200,Queens,413
12/31/23,"Beach 98 St (A,S)",201,Queens,1
12/30/23,"Beach 98 St (A,S)",201,Queens,158
12/29/23,"Beach 98 St (A,S)",201,Queens,198
12/28/23,"Beach 98 St (A,S)",201,Queens,245
12/27/23,"Beach 98 St (A,S)",201,Queens,194
12/26/23,"Beach 98 St (A,S)",201,Queens,185
12/25/23,"Beach 98 St (A,S)",201,Queens,84
12/23/23,"Beach 98 St (A,S)",201,Queens,139
12/22/23,"Beach 98 St (A,S)",201,Queens,235
12/21/23,"Beach 98 St (A,S)",201,Queens,285
12/20/23,"Beach 98 St (A,S)",201,Queens,260
12/19/23,"Beach 98 St (A,S)",201,Queens,278
12/18/23,"Beach 98 St (A,S)",201,Queens,236
12/17/23,"Beach 98 St (A,S)",201,Queens,83
12/16/23,"Beach 98 St (A,S)",201,Queens,159
12/15/23,"Beach 98 St (A,S)",201,Queens,276
12/14/23,"Beach 98 St (A,S)",201,Queens,321
12/13/23,"Beach 98 St (A,S)",201,Queens,307
12/12/23,"Beach 98 St (A,S)",201,Queens,272
12/11/23,"Beach 98 St (A,S)",201,Queens,270
12/10/23,"Beach 98 St (A,S)",201,Queens,27
12/9/23,"Beach 98 St (A,S)",201,Queens,46
12/8/23,"Beach 98 St (A,S)",201,Queens,293
12/6/23,"Beach 98 St (A,S)",201,Queens,295
12/5/23,"Beach 98 St (A,S)",201,Queens,333
12/4/23,"Beach 98 St (A,S)",201,Queens,297
12/3/23,"Beach 98 St (A,S)",201,Queens,101
12/2/23,"Beach 98 St (A,S)",201,Queens,133
12/1/23,"Beach 98 St (A,S)",201,Queens,292
11/24/23,"Beach 98 St (A,S)",201,Queens,102
11/7/23,"Beach 98 St (A,S)",201,Queens,306
12/31/23,Bedford Av (L),120,Brooklyn,573
12/30/23,Bedford Av (L),120,Brooklyn,22420
12/29/23,Bedford Av (L),120,Brooklyn,21558
12/28/23,Bedford Av (L),120,Brooklyn,18325
12/27/23,Bedford Av (L),120,Brooklyn,16167
12/26/23,Bedford Av (L),120,Brooklyn,13782
12/25/23,Bedford Av (L),120,Brooklyn,5572
12/23/23,Bedford Av (L),120,Brooklyn,16321
12/22/23,Bedford Av (L),120,Brooklyn,20955
12/21/23,Bedford Av (L),120,Brooklyn,22294
12/20/23,Bedford Av (L),120,Brooklyn,22904
12/19/23,Bedford Av (L),120,Brooklyn,24327
12/18/23,Bedford Av (L),120,Brooklyn,19717
12/17/23,Bedford Av (L),120,Brooklyn,19555
12/16/23,Bedford Av (L),120,Brooklyn,30344
12/15/23,Bedford Av (L),120,Brooklyn,25651
12/14/23,Bedford Av (L),120,Brooklyn,27757
12/13/23,Bedford Av (L),120,Brooklyn,26909
12/12/23,Bedford Av (L),120,Brooklyn,26572
12/11/23,Bedford Av (L),120,Brooklyn,22235
12/10/23,Bedford Av (L),120,Brooklyn,18509
12/9/23,Bedford Av (L),120,Brooklyn,31206
12/8/23,Bedford Av (L),120,Brooklyn,27139
12/6/23,Bedford Av (L),120,Brooklyn,27353
12/5/23,Bedford Av (L),120,Brooklyn,26870
12/4/23,Bedford Av (L),120,Brooklyn,24107
12/3/23,Bedford Av (L),120,Brooklyn,20079
12/2/23,Bedford Av (L),120,Brooklyn,31071
12/1/23,Bedford Av (L),120,Brooklyn,25374
11/24/23,Bedford Av (L),120,Brooklyn,10340
11/7/23,Bedford Av (L),120,Brooklyn,27396
12/31/23,"Bedford Park Blvd (B,D)",211,Bronx,13
12/30/23,"Bedford Park Blvd (B,D)",211,Bronx,2144
12/29/23,"Bedford Park Blvd (B,D)",211,Bronx,3634
12/28/23,"Bedford Park Blvd (B,D)",211,Bronx,3483
12/27/23,"Bedford Park Blvd (B,D)",211,Bronx,3511
12/26/23,"Bedford Park Blvd (B,D)",211,Bronx,3378
12/25/23,"Bedford Park Blvd (B,D)",211,Bronx,1262
12/23/23,"Bedford Park Blvd (B,D)",211,Bronx,2107
12/22/23,"Bedford Park Blvd (B,D)",211,Bronx,4002
12/21/23,"Bedford Park Blvd (B,D)",211,Bronx,4278
12/20/23,"Bedford Park Blvd (B,D)",211,Bronx,4433
12/19/23,"Bedford Park Blvd (B,D)",211,Bronx,4386
12/18/23,"Bedford Park Blvd (B,D)",211,Bronx,3519
12/17/23,"Bedford Park Blvd (B,D)",211,Bronx,8
12/16/23,"Bedford Park Blvd (B,D)",211,Bronx,21
12/15/23,"Bedford Park Blvd (B,D)",211,Bronx,4358
12/14/23,"Bedford Park Blvd (B,D)",211,Bronx,4360
12/13/23,"Bedford Park Blvd (B,D)",211,Bronx,4491
12/12/23,"Bedford Park Blvd (B,D)",211,Bronx,4457
12/11/23,"Bedford Park Blvd (B,D)",211,Bronx,4383
12/10/23,"Bedford Park Blvd (B,D)",211,Bronx,1805
12/9/23,"Bedford Park Blvd (B,D)",211,Bronx,2655
12/8/23,"Bedford Park Blvd (B,D)",211,Bronx,4465
12/6/23,"Bedford Park Blvd (B,D)",211,Bronx,4768
12/5/23,"Bedford Park Blvd (B,D)",211,Bronx,4644
12/4/23,"Bedford Park Blvd (B,D)",211,Bronx,4088
12/3/23,"Bedford Park Blvd (B,D)",211,Bronx,2
12/2/23,"Bedford Park Blvd (B,D)",211,Bronx,8
12/1/23,"Bedford Park Blvd (B,D)",211,Bronx,4298
11/24/23,"Bedford Park Blvd (B,D)",211,Bronx,1591
11/7/23,"Bedford Park Blvd (B,D)",211,Bronx,4627
12/31/23,Bedford Park Blvd-Lehman College (4),380,Bronx,12
12/30/23,Bedford Park Blvd-Lehman College (4),380,Bronx,1854
12/29/23,Bedford Park Blvd-Lehman College (4),380,Bronx,2622
12/28/23,Bedford Park Blvd-Lehman College (4),380,Bronx,2631
12/27/23,Bedford Park Blvd-Lehman College (4),380,Bronx,2471
12/26/23,Bedford Park Blvd-Lehman College (4),380,Bronx,2337
12/25/23,Bedford Park Blvd-Lehman College (4),380,Bronx,1006
12/23/23,Bedford Park Blvd-Lehman College (4),380,Bronx,1709
12/22/23,Bedford Park Blvd-Lehman College (4),380,Bronx,3880
12/21/23,Bedford Park Blvd-Lehman College (4),380,Bronx,3558
12/20/23,Bedford Park Blvd-Lehman College (4),380,Bronx,4148
12/19/23,Bedford Park Blvd-Lehman College (4),380,Bronx,4345
12/18/23,Bedford Park Blvd-Lehman College (4),380,Bronx,3631
12/17/23,Bedford Park Blvd-Lehman College (4),380,Bronx,2929
12/16/23,Bedford Park Blvd-Lehman College (4),380,Bronx,4153
12/15/23,Bedford Park Blvd-Lehman College (4),380,Bronx,3978
12/14/23,Bedford Park Blvd-Lehman College (4),380,Bronx,4208
12/13/23,Bedford Park Blvd-Lehman College (4),380,Bronx,4097
12/12/23,Bedford Park Blvd-Lehman College (4),380,Bronx,4116
12/11/23,Bedford Park Blvd-Lehman College (4),380,Bronx,4267
12/10/23,Bedford Park Blvd-Lehman College (4),380,Bronx,4097
12/9/23,Bedford Park Blvd-Lehman College (4),380,Bronx,6025
12/8/23,Bedford Park Blvd-Lehman College (4),380,Bronx,4050
12/6/23,Bedford Park Blvd-Lehman College (4),380,Bronx,4506
12/5/23,Bedford Park Blvd-Lehman College (4),380,Bronx,4559
12/4/23,Bedford Park Blvd-Lehman College (4),380,Bronx,4603
12/3/23,Bedford Park Blvd-Lehman College (4),380,Bronx,3130
12/2/23,Bedford Park Blvd-Lehman College (4),380,Bronx,3908
12/1/23,Bedford Park Blvd-Lehman College (4),380,Bronx,3752
11/24/23,Bedford Park Blvd-Lehman College (4),380,Bronx,1425
11/7/23,Bedford Park Blvd-Lehman College (4),380,Bronx,4723
12/31/23,Bedford-Nostrand Avs (G),289,Brooklyn,30
12/30/23,Bedford-Nostrand Avs (G),289,Brooklyn,3974
12/29/23,Bedford-Nostrand Avs (G),289,Brooklyn,4888
12/28/23,Bedford-Nostrand Avs (G),289,Brooklyn,4470
12/27/23,Bedford-Nostrand Avs (G),289,Brooklyn,4182
12/26/23,Bedford-Nostrand Avs (G),289,Brooklyn,3363
12/25/23,Bedford-Nostrand Avs (G),289,Brooklyn,1558
12/23/23,Bedford-Nostrand Avs (G),289,Brooklyn,3344
12/22/23,Bedford-Nostrand Avs (G),289,Brooklyn,5382
12/21/23,Bedford-Nostrand Avs (G),289,Brooklyn,5706
12/20/23,Bedford-Nostrand Avs (G),289,Brooklyn,6350
12/19/23,Bedford-Nostrand Avs (G),289,Brooklyn,6419
12/18/23,Bedford-Nostrand Avs (G),289,Brooklyn,5490
12/17/23,Bedford-Nostrand Avs (G),289,Brooklyn,3757
12/16/23,Bedford-Nostrand Avs (G),289,Brooklyn,5462
12/15/23,Bedford-Nostrand Avs (G),289,Brooklyn,6997
12/14/23,Bedford-Nostrand Avs (G),289,Brooklyn,6869
12/13/23,Bedford-Nostrand Avs (G),289,Brooklyn,6792
12/12/23,Bedford-Nostrand Avs (G),289,Brooklyn,6845
12/11/23,Bedford-Nostrand Avs (G),289,Brooklyn,6129
12/10/23,Bedford-Nostrand Avs (G),289,Brooklyn,3805
12/9/23,Bedford-Nostrand Avs (G),289,Brooklyn,5739
12/8/23,Bedford-Nostrand Avs (G),289,Brooklyn,7066
12/6/23,Bedford-Nostrand Avs (G),289,Brooklyn,6956
12/5/23,Bedford-Nostrand Avs (G),289,Brooklyn,7041
12/4/23,Bedford-Nostrand Avs (G),289,Brooklyn,6403
12/3/23,Bedford-Nostrand Avs (G),289,Brooklyn,4540
12/2/23,Bedford-Nostrand Avs (G),289,Brooklyn,6635
12/1/23,Bedford-Nostrand Avs (G),289,Brooklyn,6683
11/24/23,Bedford-Nostrand Avs (G),289,Brooklyn,2367
11/7/23,Bedford-Nostrand Avs (G),289,Brooklyn,6896
12/31/23,"Bergen St (2,3)",339,Brooklyn,57
12/30/23,"Bergen St (2,3)",339,Brooklyn,2397
12/29/23,"Bergen St (2,3)",339,Brooklyn,2421
12/28/23,"Bergen St (2,3)",339,Brooklyn,2188
12/27/23,"Bergen St (2,3)",339,Brooklyn,2450
12/26/23,"Bergen St (2,3)",339,Brooklyn,1638
12/25/23,"Bergen St (2,3)",339,Brooklyn,747
12/23/23,"Bergen St (2,3)",339,Brooklyn,2318
12/22/23,"Bergen St (2,3)",339,Brooklyn,3232
12/21/23,"Bergen St (2,3)",339,Brooklyn,3210
12/20/23,"Bergen St (2,3)",339,Brooklyn,3611
12/19/23,"Bergen St (2,3)",339,Brooklyn,3459
12/18/23,"Bergen St (2,3)",339,Brooklyn,2858
12/17/23,"Bergen St (2,3)",339,Brooklyn,2194
12/16/23,"Bergen St (2,3)",339,Brooklyn,2899
12/15/23,"Bergen St (2,3)",339,Brooklyn,3698
12/14/23,"Bergen St (2,3)",339,Brooklyn,3966
12/13/23,"Bergen St (2,3)",339,Brooklyn,3733
12/12/23,"Bergen St (2,3)",339,Brooklyn,3756
12/11/23,"Bergen St (2,3)",339,Brooklyn,3262
12/10/23,"Bergen St (2,3)",339,Brooklyn,2213
12/9/23,"Bergen St (2,3)",339,Brooklyn,3375
12/8/23,"Bergen St (2,3)",339,Brooklyn,3627
12/6/23,"Bergen St (2,3)",339,Brooklyn,3677
12/5/23,"Bergen St (2,3)",339,Brooklyn,3754
12/4/23,"Bergen St (2,3)",339,Brooklyn,3320
12/3/23,"Bergen St (2,3)",339,Brooklyn,1790
12/2/23,"Bergen St (2,3)",339,Brooklyn,2830
12/1/23,"Bergen St (2,3)",339,Brooklyn,3441
11/24/23,"Bergen St (2,3)",339,Brooklyn,1400
11/7/23,"Bergen St (2,3)",339,Brooklyn,3768
12/31/23,"Bergen St (F,G)",236,Brooklyn,64
12/30/23,"Bergen St (F,G)",236,Brooklyn,5688
12/29/23,"Bergen St (F,G)",236,Brooklyn,6598
12/28/23,"Bergen St (F,G)",236,Brooklyn,6165
12/27/23,"Bergen St (F,G)",236,Brooklyn,5771
12/26/23,"Bergen St (F,G)",236,Brooklyn,4661
12/25/23,"Bergen St (F,G)",236,Brooklyn,1783
12/23/23,"Bergen St (F,G)",236,Brooklyn,5033
12/22/23,"Bergen St (F,G)",236,Brooklyn,8351
12/21/23,"Bergen St (F,G)",236,Brooklyn,8834
12/20/23,"Bergen St (F,G)",236,Brooklyn,9159
12/19/23,"Bergen St (F,G)",236,Brooklyn,9173
12/18/23,"Bergen St (F,G)",236,Brooklyn,8053
12/17/23,"Bergen St (F,G)",236,Brooklyn,5873
12/16/23,"Bergen St (F,G)",236,Brooklyn,8323
12/15/23,"Bergen St (F,G)",236,Brooklyn,10199
12/14/23,"Bergen St (F,G)",236,Brooklyn,10217
12/13/23,"Bergen St (F,G)",236,Brooklyn,9802
12/12/23,"Bergen St (F,G)",236,Brooklyn,9787
12/11/23,"Bergen St (F,G)",236,Brooklyn,8638
12/10/23,"Bergen St (F,G)",236,Brooklyn,5479
12/9/23,"Bergen St (F,G)",236,Brooklyn,8614
12/8/23,"Bergen St (F,G)",236,Brooklyn,10024
12/6/23,"Bergen St (F,G)",236,Brooklyn,9950
12/5/23,"Bergen St (F,G)",236,Brooklyn,9645
12/4/23,"Bergen St (F,G)",236,Brooklyn,8863
12/3/23,"Bergen St (F,G)",236,Brooklyn,5729
12/2/23,"Bergen St (F,G)",236,Brooklyn,8520
12/1/23,"Bergen St (F,G)",236,Brooklyn,9316
11/24/23,"Bergen St (F,G)",236,Brooklyn,3119
11/7/23,"Bergen St (F,G)",236,Brooklyn,9785
12/31/23,Beverley Rd (Q),45,Brooklyn,16
12/30/23,Beverley Rd (Q),45,Brooklyn,1538
12/29/23,Beverley Rd (Q),45,Brooklyn,1985
12/28/23,Beverley Rd (Q),45,Brooklyn,1988
12/27/23,Beverley Rd (Q),45,Brooklyn,1832
12/26/23,Beverley Rd (Q),45,Brooklyn,1707
12/25/23,Beverley Rd (Q),45,Brooklyn,880
12/23/23,Beverley Rd (Q),45,Brooklyn,1555
12/22/23,Beverley Rd (Q),45,Brooklyn,2418
12/21/23,Beverley Rd (Q),45,Brooklyn,2578
12/20/23,Beverley Rd (Q),45,Brooklyn,2766
12/19/23,Beverley Rd (Q),45,Brooklyn,2718
12/18/23,Beverley Rd (Q),45,Brooklyn,2183
12/17/23,Beverley Rd (Q),45,Brooklyn,1328
12/16/23,Beverley Rd (Q),45,Brooklyn,2391
12/15/23,Beverley Rd (Q),45,Brooklyn,2566
12/14/23,Beverley Rd (Q),45,Brooklyn,2795
12/13/23,Beverley Rd (Q),45,Brooklyn,2929
12/12/23,Beverley Rd (Q),45,Brooklyn,2602
12/11/23,Beverley Rd (Q),45,Brooklyn,2941
12/10/23,Beverley Rd (Q),45,Brooklyn,1302
12/9/23,Beverley Rd (Q),45,Brooklyn,1787
12/8/23,Beverley Rd (Q),45,Brooklyn,2612
12/6/23,Beverley Rd (Q),45,Brooklyn,2800
12/5/23,Beverley Rd (Q),45,Brooklyn,2507
12/4/23,Beverley Rd (Q),45,Brooklyn,2330
12/3/23,Beverley Rd (Q),45,Brooklyn,1271
12/2/23,Beverley Rd (Q),45,Brooklyn,1699
12/1/23,Beverley Rd (Q),45,Brooklyn,3059
11/24/23,Beverley Rd (Q),45,Brooklyn,1265
11/7/23,Beverley Rd (Q),45,Brooklyn,2605
12/31/23,"Beverly Rd (2,5)",357,Brooklyn,8
12/30/23,"Beverly Rd (2,5)",357,Brooklyn,1733
12/29/23,"Beverly Rd (2,5)",357,Brooklyn,2597
12/28/23,"Beverly Rd (2,5)",357,Brooklyn,2407
12/27/23,"Beverly Rd (2,5)",357,Brooklyn,2356
12/26/23,"Beverly Rd (2,5)",357,Brooklyn,2046
12/25/23,"Beverly Rd (2,5)",357,Brooklyn,998
12/23/23,"Beverly Rd (2,5)",357,Brooklyn,1788
12/22/23,"Beverly Rd (2,5)",357,Brooklyn,2970
12/21/23,"Beverly Rd (2,5)",357,Brooklyn,3091
12/20/23,"Beverly Rd (2,5)",357,Brooklyn,3215
12/19/23,"Beverly Rd (2,5)",357,Brooklyn,3185
12/18/23,"Beverly Rd (2,5)",357,Brooklyn,2804
12/17/23,"Beverly Rd (2,5)",357,Brooklyn,1329
12/16/23,"Beverly Rd (2,5)",357,Brooklyn,1974
12/15/23,"Beverly Rd (2,5)",357,Brooklyn,3274
12/14/23,"Beverly Rd (2,5)",357,Brooklyn,3247
12/13/23,"Beverly Rd (2,5)",357,Brooklyn,3346
12/12/23,"Beverly Rd (2,5)",357,Brooklyn,3193
12/11/23,"Beverly Rd (2,5)",357,Brooklyn,3118
12/10/23,"Beverly Rd (2,5)",357,Brooklyn,1350
12/9/23,"Beverly Rd (2,5)",357,Brooklyn,2010
12/8/23,"Beverly Rd (2,5)",357,Brooklyn,3392
12/6/23,"Beverly Rd (2,5)",357,Brooklyn,3415
12/5/23,"Beverly Rd (2,5)",357,Brooklyn,3378
12/4/23,"Beverly Rd (2,5)",357,Brooklyn,3166
12/3/23,"Beverly Rd (2,5)",357,Brooklyn,1520
12/2/23,"Beverly Rd (2,5)",357,Brooklyn,1965
12/1/23,"Beverly Rd (2,5)",357,Brooklyn,3264
11/24/23,"Beverly Rd (2,5)",357,Brooklyn,1374
11/7/23,"Beverly Rd (2,5)",357,Brooklyn,3356
12/31/23,"Bowery (J,Z)",103,Manhattan,99
12/30/23,"Bowery (J,Z)",103,Manhattan,3096
12/29/23,"Bowery (J,Z)",103,Manhattan,2682
12/28/23,"Bowery (J,Z)",103,Manhattan,2305
12/27/23,"Bowery (J,Z)",103,Manhattan,2249
12/26/23,"Bowery (J,Z)",103,Manhattan,1966
12/25/23,"Bowery (J,Z)",103,Manhattan,1321
12/23/23,"Bowery (J,Z)",103,Manhattan,2279
12/22/23,"Bowery (J,Z)",103,Manhattan,2367
12/21/23,"Bowery (J,Z)",103,Manhattan,2471
12/20/23,"Bowery (J,Z)",103,Manhattan,2403
12/19/23,"Bowery (J,Z)",103,Manhattan,2367
12/18/23,"Bowery (J,Z)",103,Manhattan,2102
12/17/23,"Bowery (J,Z)",103,Manhattan,2488
12/16/23,"Bowery (J,Z)",103,Manhattan,3469
12/15/23,"Bowery (J,Z)",103,Manhattan,2858
12/14/23,"Bowery (J,Z)",103,Manhattan,2562
12/13/23,"Bowery (J,Z)",103,Manhattan,2466
12/12/23,"Bowery (J,Z)",103,Manhattan,2463
12/11/23,"Bowery (J,Z)",103,Manhattan,2191
12/10/23,"Bowery (J,Z)",103,Manhattan,2192
12/9/23,"Bowery (J,Z)",103,Manhattan,3282
12/8/23,"Bowery (J,Z)",103,Manhattan,2589
12/6/23,"Bowery (J,Z)",103,Manhattan,2382
12/5/23,"Bowery (J,Z)",103,Manhattan,2318
12/4/23,"Bowery (J,Z)",103,Manhattan,2479
12/3/23,"Bowery (J,Z)",103,Manhattan,2333
12/2/23,"Bowery (J,Z)",103,Manhattan,3257
12/1/23,"Bowery (J,Z)",103,Manhattan,2585
11/24/23,"Bowery (J,Z)",103,Manhattan,1667
11/7/23,"Bowery (J,Z)",103,Manhattan,2484
12/31/23,"Bowling Green (4,5)",414,Manhattan,71
12/30/23,"Bowling Green (4,5)",414,Manhattan,11392
12/29/23,"Bowling Green (4,5)",414,Manhattan,16434
12/28/23,"Bowling Green (4,5)",414,Manhattan,16267
12/27/23,"Bowling Green (4,5)",414,Manhattan,15962
12/26/23,"Bowling Green (4,5)",414,Manhattan,14291
12/25/23,"Bowling Green (4,5)",414,Manhattan,6430
12/23/23,"Bowling Green (4,5)",414,Manhattan,8403
12/22/23,"Bowling Green (4,5)",414,Manhattan,14578
12/21/23,"Bowling Green (4,5)",414,Manhattan,18177
12/20/23,"Bowling Green (4,5)",414,Manhattan,19440
12/19/23,"Bowling Green (4,5)",414,Manhattan,20620
12/18/23,"Bowling Green (4,5)",414,Manhattan,15129
12/17/23,"Bowling Green (4,5)",414,Manhattan,7669
12/16/23,"Bowling Green (4,5)",414,Manhattan,12736
12/15/23,"Bowling Green (4,5)",414,Manhattan,16764
12/14/23,"Bowling Green (4,5)",414,Manhattan,19927
12/13/23,"Bowling Green (4,5)",414,Manhattan,20471
12/12/23,"Bowling Green (4,5)",414,Manhattan,21019
12/11/23,"Bowling Green (4,5)",414,Manhattan,17887
12/10/23,"Bowling Green (4,5)",414,Manhattan,6070
12/9/23,"Bowling Green (4,5)",414,Manhattan,11824
12/8/23,"Bowling Green (4,5)",414,Manhattan,17521
12/6/23,"Bowling Green (4,5)",414,Manhattan,20861
12/5/23,"Bowling Green (4,5)",414,Manhattan,21281
12/4/23,"Bowling Green (4,5)",414,Manhattan,19481
12/3/23,"Bowling Green (4,5)",414,Manhattan,6422
12/2/23,"Bowling Green (4,5)",414,Manhattan,12387
12/1/23,"Bowling Green (4,5)",414,Manhattan,16855
11/24/23,"Bowling Green (4,5)",414,Manhattan,6218
11/7/23,"Bowling Green (4,5)",414,Manhattan,20270
12/31/23,"Briarwood (E,F)",258,Queens,8
12/30/23,"Briarwood (E,F)",258,Queens,1922
12/29/23,"Briarwood (E,F)",258,Queens,2937
12/28/23,"Briarwood (E,F)",258,Queens,2986
12/27/23,"Briarwood (E,F)",258,Queens,2981
12/26/23,"Briarwood (E,F)",258,Queens,2839
12/25/23,"Briarwood (E,F)",258,Queens,1215
12/23/23,"Briarwood (E,F)",258,Queens,2041
12/22/23,"Briarwood (E,F)",258,Queens,3348
12/21/23,"Briarwood (E,F)",258,Queens,3711
12/20/23,"Briarwood (E,F)",258,Queens,3975
12/19/23,"Briarwood (E,F)",258,Queens,3954
12/18/23,"Briarwood (E,F)",258,Queens,3447
12/17/23,"Briarwood (E,F)",258,Queens,1523
12/16/23,"Briarwood (E,F)",258,Queens,2250
12/15/23,"Briarwood (E,F)",258,Queens,3647
12/14/23,"Briarwood (E,F)",258,Queens,3850
12/13/23,"Briarwood (E,F)",258,Queens,3894
12/12/23,"Briarwood (E,F)",258,Queens,3963
12/11/23,"Briarwood (E,F)",258,Queens,3559
12/10/23,"Briarwood (E,F)",258,Queens,1453
12/9/23,"Briarwood (E,F)",258,Queens,2229
12/8/23,"Briarwood (E,F)",258,Queens,3669
12/6/23,"Briarwood (E,F)",258,Queens,4055
12/5/23,"Briarwood (E,F)",258,Queens,4067
12/4/23,"Briarwood (E,F)",258,Queens,3900
12/3/23,"Briarwood (E,F)",258,Queens,1460
12/2/23,"Briarwood (E,F)",258,Queens,2212
12/1/23,"Briarwood (E,F)",258,Queens,3735
11/24/23,"Briarwood (E,F)",258,Queens,1664
11/7/23,"Briarwood (E,F)",258,Queens,3891
12/31/23,"Brighton Beach (B,Q)",55,Brooklyn,25
12/30/23,"Brighton Beach (B,Q)",55,Brooklyn,5117
12/29/23,"Brighton Beach (B,Q)",55,Brooklyn,7273
12/28/23,"Brighton Beach (B,Q)",55,Brooklyn,7158
12/27/23,"Brighton Beach (B,Q)",55,Brooklyn,7012
12/26/23,"Brighton Beach (B,Q)",55,Brooklyn,6763
12/25/23,"Brighton Beach (B,Q)",55,Brooklyn,3578
12/23/23,"Brighton Beach (B,Q)",55,Brooklyn,4656
12/22/23,"Brighton Beach (B,Q)",55,Brooklyn,7717
12/21/23,"Brighton Beach (B,Q)",55,Brooklyn,8212
12/20/23,"Brighton Beach (B,Q)",55,Brooklyn,8193
12/19/23,"Brighton Beach (B,Q)",55,Brooklyn,8258
12/18/23,"Brighton Beach (B,Q)",55,Brooklyn,7448
12/17/23,"Brighton Beach (B,Q)",55,Brooklyn,3740
12/16/23,"Brighton Beach (B,Q)",55,Brooklyn,4963
12/15/23,"Brighton Beach (B,Q)",55,Brooklyn,8299
12/14/23,"Brighton Beach (B,Q)",55,Brooklyn,8368
12/13/23,"Brighton Beach (B,Q)",55,Brooklyn,8413
12/12/23,"Brighton Beach (B,Q)",55,Brooklyn,8628
12/11/23,"Brighton Beach (B,Q)",55,Brooklyn,8024
12/10/23,"Brighton Beach (B,Q)",55,Brooklyn,3370
12/9/23,"Brighton Beach (B,Q)",55,Brooklyn,4916
12/8/23,"Brighton Beach (B,Q)",55,Brooklyn,8054
12/6/23,"Brighton Beach (B,Q)",55,Brooklyn,9713
12/5/23,"Brighton Beach (B,Q)",55,Brooklyn,9274
12/4/23,"Brighton Beach (B,Q)",55,Brooklyn,8756
12/3/23,"Brighton Beach (B,Q)",55,Brooklyn,3230
12/2/23,"Brighton Beach (B,Q)",55,Brooklyn,4698
12/1/23,"Brighton Beach (B,Q)",55,Brooklyn,8176
11/24/23,"Brighton Beach (B,Q)",55,Brooklyn,3872
11/7/23,"Brighton Beach (B,Q)",55,Brooklyn,8696
12/31/23,"Broad Channel (A,S)",199,Queens,3
12/30/23,"Broad Channel (A,S)",199,Queens,82
12/29/23,"Broad Channel (A,S)",199,Queens,147
12/28/23,"Broad Channel (A,S)",199,Queens,141
12/27/23,"Broad Channel (A,S)",199,Queens,164
12/26/23,"Broad Channel (A,S)",199,Queens,129
12/25/23,"Broad Channel (A,S)",199,Queens,52
12/23/23,"Broad Channel (A,S)",199,Queens,85
12/22/23,"Broad Channel (A,S)",199,Queens,187
12/21/23,"Broad Channel (A,S)",199,Queens,206
12/20/23,"Broad Channel (A,S)",199,Queens,205
12/19/23,"Broad Channel (A,S)",199,Queens,213
12/18/23,"Broad Channel (A,S)",199,Queens,175
12/17/23,"Broad Channel (A,S)",199,Queens,57
12/16/23,"Broad Channel (A,S)",199,Queens,114
12/15/23,"Broad Channel (A,S)",199,Queens,189
12/14/23,"Broad Channel (A,S)",199,Queens,209
12/13/23,"Broad Channel (A,S)",199,Queens,212
12/12/23,"Broad Channel (A,S)",199,Queens,221
12/11/23,"Broad Channel (A,S)",199,Queens,186
12/10/23,"Broad Channel (A,S)",199,Queens,6
12/9/23,"Broad Channel (A,S)",199,Queens,8
12/8/23,"Broad Channel (A,S)",199,Queens,183
12/6/23,"Broad Channel (A,S)",199,Queens,208
12/5/23,"Broad Channel (A,S)",199,Queens,229
12/4/23,"Broad Channel (A,S)",199,Queens,210
12/3/23,"Broad Channel (A,S)",199,Queens,41
12/2/23,"Broad Channel (A,S)",199,Queens,63
12/1/23,"Broad Channel (A,S)",199,Queens,196
11/24/23,"Broad Channel (A,S)",199,Queens,45
11/7/23,"Broad Channel (A,S)",199,Queens,213
12/31/23,"Broad St (J,Z)",107,Manhattan,53
12/30/23,"Broad St (J,Z)",107,Manhattan,2968
12/29/23,"Broad St (J,Z)",107,Manhattan,3807
12/28/23,"Broad St (J,Z)",107,Manhattan,3861
12/27/23,"Broad St (J,Z)",107,Manhattan,3519
12/26/23,"Broad St (J,Z)",107,Manhattan,3136
12/25/23,"Broad St (J,Z)",107,Manhattan,1571
12/23/23,"Broad St (J,Z)",107,Manhattan,1882
12/22/23,"Broad St (J,Z)",107,Manhattan,3567
12/21/23,"Broad St (J,Z)",107,Manhattan,4015
12/20/23,"Broad St (J,Z)",107,Manhattan,4463
12/19/23,"Broad St (J,Z)",107,Manhattan,4546
12/18/23,"Broad St (J,Z)",107,Manhattan,3547
12/17/23,"Broad St (J,Z)",107,Manhattan,1999
12/16/23,"Broad St (J,Z)",107,Manhattan,3158
12/15/23,"Broad St (J,Z)",107,Manhattan,4257
12/14/23,"Broad St (J,Z)",107,Manhattan,5013
12/13/23,"Broad St (J,Z)",107,Manhattan,4985
12/12/23,"Broad St (J,Z)",107,Manhattan,4915
12/11/23,"Broad St (J,Z)",107,Manhattan,4048
12/10/23,"Broad St (J,Z)",107,Manhattan,1799
12/9/23,"Broad St (J,Z)",107,Manhattan,3189
12/8/23,"Broad St (J,Z)",107,Manhattan,4344
12/6/23,"Broad St (J,Z)",107,Manhattan,4835
12/5/23,"Broad St (J,Z)",107,Manhattan,4791
12/4/23,"Broad St (J,Z)",107,Manhattan,4232
12/3/23,"Broad St (J,Z)",107,Manhattan,1848
12/2/23,"Broad St (J,Z)",107,Manhattan,3116
12/1/23,"Broad St (J,Z)",107,Manhattan,4335
11/24/23,"Broad St (J,Z)",107,Manhattan,1552
11/7/23,"Broad St (J,Z)",107,Manhattan,4629
12/31/23,Broadway (G),286,Brooklyn,38
12/30/23,Broadway (G),286,Brooklyn,2071
12/29/23,Broadway (G),286,Brooklyn,2982
12/28/23,Broadway (G),286,Brooklyn,2730
12/27/23,Broadway (G),286,Brooklyn,2601
12/26/23,Broadway (G),286,Brooklyn,2281
12/25/23,Broadway (G),286,Brooklyn,1002
12/23/23,Broadway (G),286,Brooklyn,1707
12/22/23,Broadway (G),286,Brooklyn,3198
12/21/23,Broadway (G),286,Brooklyn,3432
12/20/23,Broadway (G),286,Brooklyn,3419
12/19/23,Broadway (G),286,Brooklyn,3251
12/18/23,Broadway (G),286,Brooklyn,3051
12/17/23,Broadway (G),286,Brooklyn,2270
12/16/23,Broadway (G),286,Brooklyn,2954
12/15/23,Broadway (G),286,Brooklyn,3933
12/14/23,Broadway (G),286,Brooklyn,3937
12/13/23,Broadway (G),286,Brooklyn,3854
12/12/23,Broadway (G),286,Brooklyn,3886
12/11/23,Broadway (G),286,Brooklyn,3679
12/10/23,Broadway (G),286,Brooklyn,2120
12/9/23,Broadway (G),286,Brooklyn,2953
12/8/23,Broadway (G),286,Brooklyn,3991
12/6/23,Broadway (G),286,Brooklyn,3813
12/5/23,Broadway (G),286,Brooklyn,3673
12/4/23,Broadway (G),286,Brooklyn,3491
12/3/23,Broadway (G),286,Brooklyn,2236
12/2/23,Broadway (G),286,Brooklyn,2764
12/1/23,Broadway (G),286,Brooklyn,3674
11/24/23,Broadway (G),286,Brooklyn,1409
11/7/23,Broadway (G),286,Brooklyn,3891
12/31/23,"Broadway (N,W)",4,Queens,54
12/30/23,"Broadway (N,W)",4,Queens,5882
12/29/23,"Broadway (N,W)",4,Queens,7816
12/28/23,"Broadway (N,W)",4,Queens,7267
12/27/23,"Broadway (N,W)",4,Queens,6884
12/26/23,"Broadway (N,W)",4,Queens,5955
12/25/23,"Broadway (N,W)",4,Queens,2708
12/23/23,"Broadway (N,W)",4,Queens,5704
12/22/23,"Broadway (N,W)",4,Queens,8560
12/21/23,"Broadway (N,W)",4,Queens,9434
12/20/23,"Broadway (N,W)",4,Queens,9718
12/19/23,"Broadway (N,W)",4,Queens,9626
12/18/23,"Broadway (N,W)",4,Queens,7994
12/17/23,"Broadway (N,W)",4,Queens,4747
12/16/23,"Broadway (N,W)",4,Queens,7548
12/15/23,"Broadway (N,W)",4,Queens,9642
12/14/23,"Broadway (N,W)",4,Queens,9932
12/13/23,"Broadway (N,W)",4,Queens,10112
12/12/23,"Broadway (N,W)",4,Queens,9777
12/11/23,"Broadway (N,W)",4,Queens,8661
12/10/23,"Broadway (N,W)",4,Queens,4508
12/9/23,"Broadway (N,W)",4,Queens,7757
12/8/23,"Broadway (N,W)",4,Queens,10033
12/6/23,"Broadway (N,W)",4,Queens,10352
12/5/23,"Broadway (N,W)",4,Queens,10188
12/4/23,"Broadway (N,W)",4,Queens,9152
12/3/23,"Broadway (N,W)",4,Queens,4513
12/2/23,"Broadway (N,W)",4,Queens,7433
12/1/23,"Broadway (N,W)",4,Queens,9406
11/24/23,"Broadway (N,W)",4,Queens,3882
11/7/23,"Broadway (N,W)",4,Queens,10443
12/31/23,"Broadway Junction (A,C,J,L,Z)",621,Brooklyn,54
12/30/23,"Broadway Junction (A,C,J,L,Z)",621,Brooklyn,3622
12/29/23,"Broadway Junction (A,C,J,L,Z)",621,Brooklyn,5049
12/28/23,"Broadway Junction (A,C,J,L,Z)",621,Brooklyn,4773
12/27/23,"Broadway Junction (A,C,J,L,Z)",621,Brooklyn,4711
12/26/23,"Broadway Junction (A,C,J,L,Z)",621,Brooklyn,4227
12/25/23,"Broadway Junction (A,C,J,L,Z)",621,Brooklyn,2215
12/23/23,"Broadway Junction (A,C,J,L,Z)",621,Brooklyn,3861
12/22/23,"Broadway Junction (A,C,J,L,Z)",621,Brooklyn,5569
12/21/23,"Broadway Junction (A,C,J,L,Z)",621,Brooklyn,5797
12/20/23,"Broadway Junction (A,C,J,L,Z)",621,Brooklyn,6230
12/19/23,"Broadway Junction (A,C,J,L,Z)",621,Brooklyn,6261
12/18/23,"Broadway Junction (A,C,J,L,Z)",621,Brooklyn,5569
12/17/23,"Broadway Junction (A,C,J,L,Z)",621,Brooklyn,3275
12/16/23,"Broadway Junction (A,C,J,L,Z)",621,Brooklyn,4608
12/15/23,"Broadway Junction (A,C,J,L,Z)",621,Brooklyn,6253
12/14/23,"Broadway Junction (A,C,J,L,Z)",621,Brooklyn,6141
12/13/23,"Broadway Junction (A,C,J,L,Z)",621,Brooklyn,6042
12/12/23,"Broadway Junction (A,C,J,L,Z)",621,Brooklyn,6415
12/11/23,"Broadway Junction (A,C,J,L,Z)",621,Brooklyn,6103
12/10/23,"Broadway Junction (A,C,J,L,Z)",621,Brooklyn,3152
12/9/23,"Broadway Junction (A,C,J,L,Z)",621,Brooklyn,4641
12/8/23,"Broadway Junction (A,C,J,L,Z)",621,Brooklyn,6716
12/6/23,"Broadway Junction (A,C,J,L,Z)",621,Brooklyn,6054
12/5/23,"Broadway Junction (A,C,J,L,Z)",621,Brooklyn,5961
12/4/23,"Broadway Junction (A,C,J,L,Z)",621,Brooklyn,5954
12/3/23,"Broadway Junction (A,C,J,L,Z)",621,Brooklyn,2921
12/2/23,"Broadway Junction (A,C,J,L,Z)",621,Brooklyn,4619
12/1/23,"Broadway Junction (A,C,J,L,Z)",621,Brooklyn,5904
11/24/23,"Broadway Junction (A,C,J,L,Z)",621,Brooklyn,3228
11/7/23,"Broadway Junction (A,C,J,L,Z)",621,Brooklyn,6345
12/31/23,"Broadway-Lafayette St (B,D,F,M)/Bleecker St (6)",619,Manhattan,448
12/30/23,"Broadway-Lafayette St (B,D,F,M)/Bleecker St (6)",619,Manhattan,24252
12/29/23,"Broadway-Lafayette St (B,D,F,M)/Bleecker St (6)",619,Manhattan,29400
12/28/23,"Broadway-Lafayette St (B,D,F,M)/Bleecker St (6)",619,Manhattan,26845
12/27/23,"Broadway-Lafayette St (B,D,F,M)/Bleecker St (6)",619,Manhattan,24413
12/26/23,"Broadway-Lafayette St (B,D,F,M)/Bleecker St (6)",619,Manhattan,23921
12/25/23,"Broadway-Lafayette St (B,D,F,M)/Bleecker St (6)",619,Manhattan,6154
12/23/23,"Broadway-Lafayette St (B,D,F,M)/Bleecker St (6)",619,Manhattan,22459
12/22/23,"Broadway-Lafayette St (B,D,F,M)/Bleecker St (6)",619,Manhattan,29522
12/21/23,"Broadway-Lafayette St (B,D,F,M)/Bleecker St (6)",619,Manhattan,30774
12/20/23,"Broadway-Lafayette St (B,D,F,M)/Bleecker St (6)",619,Manhattan,30631
12/19/23,"Broadway-Lafayette St (B,D,F,M)/Bleecker St (6)",619,Manhattan,31780
12/18/23,"Broadway-Lafayette St (B,D,F,M)/Bleecker St (6)",619,Manhattan,25236
12/17/23,"Broadway-Lafayette St (B,D,F,M)/Bleecker St (6)",619,Manhattan,19895
12/16/23,"Broadway-Lafayette St (B,D,F,M)/Bleecker St (6)",619,Manhattan,30148
12/15/23,"Broadway-Lafayette St (B,D,F,M)/Bleecker St (6)",619,Manhattan,32325
12/14/23,"Broadway-Lafayette St (B,D,F,M)/Bleecker St (6)",619,Manhattan,32814
12/13/23,"Broadway-Lafayette St (B,D,F,M)/Bleecker St (6)",619,Manhattan,32258
12/12/23,"Broadway-Lafayette St (B,D,F,M)/Bleecker St (6)",619,Manhattan,31489
12/11/23,"Broadway-Lafayette St (B,D,F,M)/Bleecker St (6)",619,Manhattan,27095
12/10/23,"Broadway-Lafayette St (B,D,F,M)/Bleecker St (6)",619,Manhattan,21748
12/9/23,"Broadway-Lafayette St (B,D,F,M)/Bleecker St (6)",619,Manhattan,35706
12/8/23,"Broadway-Lafayette St (B,D,F,M)/Bleecker St (6)",619,Manhattan,31598
12/6/23,"Broadway-Lafayette St (B,D,F,M)/Bleecker St (6)",619,Manhattan,31829
12/5/23,"Broadway-Lafayette St (B,D,F,M)/Bleecker St (6)",619,Manhattan,30902
12/4/23,"Broadway-Lafayette St (B,D,F,M)/Bleecker St (6)",619,Manhattan,27161
12/3/23,"Broadway-Lafayette St (B,D,F,M)/Bleecker St (6)",619,Manhattan,23798
12/2/23,"Broadway-Lafayette St (B,D,F,M)/Bleecker St (6)",619,Manhattan,36197
12/1/23,"Broadway-Lafayette St (B,D,F,M)/Bleecker St (6)",619,Manhattan,29781
11/24/23,"Broadway-Lafayette St (B,D,F,M)/Bleecker St (6)",619,Manhattan,13964
11/7/23,"Broadway-Lafayette St (B,D,F,M)/Bleecker St (6)",619,Manhattan,32266
12/31/23,"Bronx Park East (2,5)",425,Bronx,5
12/30/23,"Bronx Park East (2,5)",425,Bronx,766
12/29/23,"Bronx Park East (2,5)",425,Bronx,1269
12/28/23,"Bronx Park East (2,5)",425,Bronx,1204
12/27/23,"Bronx Park East (2,5)",425,Bronx,1229
12/26/23,"Bronx Park East (2,5)",425,Bronx,1157
12/25/23,"Bronx Park East (2,5)",425,Bronx,497
12/23/23,"Bronx Park East (2,5)",425,Bronx,714
12/22/23,"Bronx Park East (2,5)",425,Bronx,1407
12/21/23,"Bronx Park East (2,5)",425,Bronx,1608
12/20/23,"Bronx Park East (2,5)",425,Bronx,1628
12/19/23,"Bronx Park East (2,5)",425,Bronx,1568
12/18/23,"Bronx Park East (2,5)",425,Bronx,1376
12/17/23,"Bronx Park East (2,5)",425,Bronx,594
12/16/23,"Bronx Park East (2,5)",425,Bronx,790
12/15/23,"Bronx Park East (2,5)",425,Bronx,1624
12/14/23,"Bronx Park East (2,5)",425,Bronx,1616
12/13/23,"Bronx Park East (2,5)",425,Bronx,1664
12/12/23,"Bronx Park East (2,5)",425,Bronx,1579
12/11/23,"Bronx Park East (2,5)",425,Bronx,1413
12/10/23,"Bronx Park East (2,5)",425,Bronx,351
12/9/23,"Bronx Park East (2,5)",425,Bronx,459
12/8/23,"Bronx Park East (2,5)",425,Bronx,1465
12/6/23,"Bronx Park East (2,5)",425,Bronx,1631
12/5/23,"Bronx Park East (2,5)",425,Bronx,1494
12/4/23,"Bronx Park East (2,5)",425,Bronx,1511
12/3/23,"Bronx Park East (2,5)",425,Bronx,332
12/2/23,"Bronx Park East (2,5)",425,Bronx,537
12/1/23,"Bronx Park East (2,5)",425,Bronx,1583
11/24/23,"Bronx Park East (2,5)",425,Bronx,570
11/7/23,"Bronx Park East (2,5)",425,Bronx,1472
12/31/23,Brook Av (6),376,Bronx,11
12/30/23,Brook Av (6),376,Bronx,1952
12/29/23,Brook Av (6),376,Bronx,2959
12/28/23,Brook Av (6),376,Bronx,2834
12/27/23,Brook Av (6),376,Bronx,2689
12/26/23,Brook Av (6),376,Bronx,2544
12/25/23,Brook Av (6),376,Bronx,1158
12/23/23,Brook Av (6),376,Bronx,2265
12/22/23,Brook Av (6),376,Bronx,3440
12/21/23,Brook Av (6),376,Bronx,3749
12/20/23,Brook Av (6),376,Bronx,3793
12/19/23,Brook Av (6),376,Bronx,4032
12/18/23,Brook Av (6),376,Bronx,3361
12/17/23,Brook Av (6),376,Bronx,1800
12/16/23,Brook Av (6),376,Bronx,2300
12/15/23,Brook Av (6),376,Bronx,3822
12/14/23,Brook Av (6),376,Bronx,3845
12/13/23,Brook Av (6),376,Bronx,3608
12/12/23,Brook Av (6),376,Bronx,3694
12/11/23,Brook Av (6),376,Bronx,3464
12/10/23,Brook Av (6),376,Bronx,1500
12/9/23,Brook Av (6),376,Bronx,2331
12/8/23,Brook Av (6),376,Bronx,3873
12/6/23,Brook Av (6),376,Bronx,3838
12/5/23,Brook Av (6),376,Bronx,3836
12/4/23,Brook Av (6),376,Bronx,3884
12/3/23,Brook Av (6),376,Bronx,1710
12/2/23,Brook Av (6),376,Bronx,2560
12/1/23,Brook Av (6),376,Bronx,3955
11/24/23,Brook Av (6),376,Bronx,1670
11/7/23,Brook Av (6),376,Bronx,3817
12/31/23,"Brooklyn Bridge-City Hall (4,5,6)/Chambers St (J,Z)",622,Manhattan,101
12/30/23,"Brooklyn Bridge-City Hall (4,5,6)/Chambers St (J,Z)",622,Manhattan,12922
12/29/23,"Brooklyn Bridge-City Hall (4,5,6)/Chambers St (J,Z)",622,Manhattan,19043
12/28/23,"Brooklyn Bridge-City Hall (4,5,6)/Chambers St (J,Z)",622,Manhattan,16082
12/27/23,"Brooklyn Bridge-City Hall (4,5,6)/Chambers St (J,Z)",622,Manhattan,14871
12/26/23,"Brooklyn Bridge-City Hall (4,5,6)/Chambers St (J,Z)",622,Manhattan,14210
12/25/23,"Brooklyn Bridge-City Hall (4,5,6)/Chambers St (J,Z)",622,Manhattan,8903
12/23/23,"Brooklyn Bridge-City Hall (4,5,6)/Chambers St (J,Z)",622,Manhattan,8795
12/22/23,"Brooklyn Bridge-City Hall (4,5,6)/Chambers St (J,Z)",622,Manhattan,16012
12/21/23,"Brooklyn Bridge-City Hall (4,5,6)/Chambers St (J,Z)",622,Manhattan,18649
12/20/23,"Brooklyn Bridge-City Hall (4,5,6)/Chambers St (J,Z)",622,Manhattan,20419
12/19/23,"Brooklyn Bridge-City Hall (4,5,6)/Chambers St (J,Z)",622,Manhattan,21319
12/18/23,"Brooklyn Bridge-City Hall (4,5,6)/Chambers St (J,Z)",622,Manhattan,17896
12/17/23,"Brooklyn Bridge-City Hall (4,5,6)/Chambers St (J,Z)",622,Manhattan,7712
12/16/23,"Brooklyn Bridge-City Hall (4,5,6)/Chambers St (J,Z)",622,Manhattan,13564
12/15/23,"Brooklyn Bridge-City Hall (4,5,6)/Chambers St (J,Z)",622,Manhattan,19906
12/14/23,"Brooklyn Bridge-City Hall (4,5,6)/Chambers St (J,Z)",622,Manhattan,22011
12/13/23,"Brooklyn Bridge-City Hall (4,5,6)/Chambers St (J,Z)",622,Manhattan,22520
12/12/23,"Brooklyn Bridge-City Hall (4,5,6)/Chambers St (J,Z)",622,Manhattan,22576
12/11/23,"Brooklyn Bridge-City Hall (4,5,6)/Chambers St (J,Z)",622,Manhattan,20821
12/10/23,"Brooklyn Bridge-City Hall (4,5,6)/Chambers St (J,Z)",622,Manhattan,6930
12/9/23,"Brooklyn Bridge-City Hall (4,5,6)/Chambers St (J,Z)",622,Manhattan,14404
12/8/23,"Brooklyn Bridge-City Hall (4,5,6)/Chambers St (J,Z)",622,Manhattan,21153
12/6/23,"Brooklyn Bridge-City Hall (4,5,6)/Chambers St (J,Z)",622,Manhattan,23629
12/5/23,"Brooklyn Bridge-City Hall (4,5,6)/Chambers St (J,Z)",622,Manhattan,23181
12/4/23,"Brooklyn Bridge-City Hall (4,5,6)/Chambers St (J,Z)",622,Manhattan,22104
12/3/23,"Brooklyn Bridge-City Hall (4,5,6)/Chambers St (J,Z)",622,Manhattan,7179
12/2/23,"Brooklyn Bridge-City Hall (4,5,6)/Chambers St (J,Z)",622,Manhattan,14897
12/1/23,"Brooklyn Bridge-City Hall (4,5,6)/Chambers St (J,Z)",622,Manhattan,19019
11/24/23,"Brooklyn Bridge-City Hall (4,5,6)/Chambers St (J,Z)",622,Manhattan,7222
11/7/23,"Brooklyn Bridge-City Hall (4,5,6)/Chambers St (J,Z)",622,Manhattan,22065
12/31/23,"Bryant Pk (B,D,F,M)/5 Av (7)",609,Manhattan,683
12/30/23,"Bryant Pk (B,D,F,M)/5 Av (7)",609,Manhattan,27477
12/29/23,"Bryant Pk (B,D,F,M)/5 Av (7)",609,Manhattan,39692
12/28/23,"Bryant Pk (B,D,F,M)/5 Av (7)",609,Manhattan,37314
12/27/23,"Bryant Pk (B,D,F,M)/5 Av (7)",609,Manhattan,34912
12/26/23,"Bryant Pk (B,D,F,M)/5 Av (7)",609,Manhattan,35250
12/25/23,"Bryant Pk (B,D,F,M)/5 Av (7)",609,Manhattan,20367
12/23/23,"Bryant Pk (B,D,F,M)/5 Av (7)",609,Manhattan,27361
12/22/23,"Bryant Pk (B,D,F,M)/5 Av (7)",609,Manhattan,36968
12/21/23,"Bryant Pk (B,D,F,M)/5 Av (7)",609,Manhattan,41494
12/20/23,"Bryant Pk (B,D,F,M)/5 Av (7)",609,Manhattan,43830
12/19/23,"Bryant Pk (B,D,F,M)/5 Av (7)",609,Manhattan,45316
12/18/23,"Bryant Pk (B,D,F,M)/5 Av (7)",609,Manhattan,34436
12/17/23,"Bryant Pk (B,D,F,M)/5 Av (7)",609,Manhattan,17819
12/16/23,"Bryant Pk (B,D,F,M)/5 Av (7)",609,Manhattan,33305
12/15/23,"Bryant Pk (B,D,F,M)/5 Av (7)",609,Manhattan,39491
12/14/23,"Bryant Pk (B,D,F,M)/5 Av (7)",609,Manhattan,46110
12/13/23,"Bryant Pk (B,D,F,M)/5 Av (7)",609,Manhattan,46680
12/12/23,"Bryant Pk (B,D,F,M)/5 Av (7)",609,Manhattan,46348
12/11/23,"Bryant Pk (B,D,F,M)/5 Av (7)",609,Manhattan,37270
12/10/23,"Bryant Pk (B,D,F,M)/5 Av (7)",609,Manhattan,16408
12/9/23,"Bryant Pk (B,D,F,M)/5 Av (7)",609,Manhattan,35491
12/8/23,"Bryant Pk (B,D,F,M)/5 Av (7)",609,Manhattan,40996
12/6/23,"Bryant Pk (B,D,F,M)/5 Av (7)",609,Manhattan,46902
12/5/23,"Bryant Pk (B,D,F,M)/5 Av (7)",609,Manhattan,46222
12/4/23,"Bryant Pk (B,D,F,M)/5 Av (7)",609,Manhattan,39656
12/3/23,"Bryant Pk (B,D,F,M)/5 Av (7)",609,Manhattan,17308
12/2/23,"Bryant Pk (B,D,F,M)/5 Av (7)",609,Manhattan,32881
12/1/23,"Bryant Pk (B,D,F,M)/5 Av (7)",609,Manhattan,36717
11/24/23,"Bryant Pk (B,D,F,M)/5 Av (7)",609,Manhattan,21048
11/7/23,"Bryant Pk (B,D,F,M)/5 Av (7)",609,Manhattan,46036
12/31/23,Buhre Av (6),361,Bronx,4
12/30/23,Buhre Av (6),361,Bronx,1168
12/29/23,Buhre Av (6),361,Bronx,2200
12/28/23,Buhre Av (6),361,Bronx,2156
12/27/23,Buhre Av (6),361,Bronx,2124
12/26/23,Buhre Av (6),361,Bronx,1922
12/25/23,Buhre Av (6),361,Bronx,668
12/23/23,Buhre Av (6),361,Bronx,1236
12/22/23,Buhre Av (6),361,Bronx,2572
12/21/23,Buhre Av (6),361,Bronx,2810
12/20/23,Buhre Av (6),361,Bronx,2923
12/19/23,Buhre Av (6),361,Bronx,2939
12/18/23,Buhre Av (6),361,Bronx,2398
12/17/23,Buhre Av (6),361,Bronx,788
12/16/23,Buhre Av (6),361,Bronx,1173
12/15/23,Buhre Av (6),361,Bronx,2906
12/14/23,Buhre Av (6),361,Bronx,3033
12/13/23,Buhre Av (6),361,Bronx,3036
12/12/23,Buhre Av (6),361,Bronx,3076
12/11/23,Buhre Av (6),361,Bronx,2848
12/10/23,Buhre Av (6),361,Bronx,825
12/9/23,Buhre Av (6),361,Bronx,1318
12/8/23,Buhre Av (6),361,Bronx,2925
12/6/23,Buhre Av (6),361,Bronx,3032
12/5/23,Buhre Av (6),361,Bronx,3079
12/4/23,Buhre Av (6),361,Bronx,3009
12/3/23,Buhre Av (6),361,Bronx,800
12/2/23,Buhre Av (6),361,Bronx,1317
12/1/23,Buhre Av (6),361,Bronx,2774
11/24/23,Buhre Av (6),361,Bronx,834
11/7/23,Buhre Av (6),361,Bronx,3122
12/31/23,"Burke Av (2,5)",422,Bronx,6
12/30/23,"Burke Av (2,5)",422,Bronx,946
12/29/23,"Burke Av (2,5)",422,Bronx,1486
12/28/23,"Burke Av (2,5)",422,Bronx,1418
12/27/23,"Burke Av (2,5)",422,Bronx,1280
12/26/23,"Burke Av (2,5)",422,Bronx,1302
12/25/23,"Burke Av (2,5)",422,Bronx,595
12/23/23,"Burke Av (2,5)",422,Bronx,891
12/22/23,"Burke Av (2,5)",422,Bronx,1549
12/21/23,"Burke Av (2,5)",422,Bronx,1786
12/20/23,"Burke Av (2,5)",422,Bronx,1773
12/19/23,"Burke Av (2,5)",422,Bronx,1684
12/18/23,"Burke Av (2,5)",422,Bronx,1390
12/17/23,"Burke Av (2,5)",422,Bronx,699
12/16/23,"Burke Av (2,5)",422,Bronx,947
12/15/23,"Burke Av (2,5)",422,Bronx,1737
12/14/23,"Burke Av (2,5)",422,Bronx,1851
12/13/23,"Burke Av (2,5)",422,Bronx,1800
12/12/23,"Burke Av (2,5)",422,Bronx,1747
12/11/23,"Burke Av (2,5)",422,Bronx,1694
12/10/23,"Burke Av (2,5)",422,Bronx,442
12/9/23,"Burke Av (2,5)",422,Bronx,699
12/8/23,"Burke Av (2,5)",422,Bronx,1658
12/6/23,"Burke Av (2,5)",422,Bronx,1756
12/5/23,"Burke Av (2,5)",422,Bronx,1672
12/4/23,"Burke Av (2,5)",422,Bronx,1740
12/3/23,"Burke Av (2,5)",422,Bronx,421
12/2/23,"Burke Av (2,5)",422,Bronx,689
12/1/23,"Burke Av (2,5)",422,Bronx,1763
11/24/23,"Burke Av (2,5)",422,Bronx,693
11/7/23,"Burke Av (2,5)",422,Bronx,1628
12/31/23,Burnside Av (4),384,Bronx,17
12/30/23,Burnside Av (4),384,Bronx,4013
12/29/23,Burnside Av (4),384,Bronx,5374
12/28/23,Burnside Av (4),384,Bronx,4917
12/27/23,Burnside Av (4),384,Bronx,4884
12/26/23,Burnside Av (4),384,Bronx,4812
12/25/23,Burnside Av (4),384,Bronx,2327
12/23/23,Burnside Av (4),384,Bronx,3889
12/22/23,Burnside Av (4),384,Bronx,5682
12/21/23,Burnside Av (4),384,Bronx,5851
12/20/23,Burnside Av (4),384,Bronx,6057
12/19/23,Burnside Av (4),384,Bronx,6400
12/18/23,Burnside Av (4),384,Bronx,5645
12/17/23,Burnside Av (4),384,Bronx,4213
12/16/23,Burnside Av (4),384,Bronx,5823
12/15/23,Burnside Av (4),384,Bronx,5966
12/14/23,Burnside Av (4),384,Bronx,6347
12/13/23,Burnside Av (4),384,Bronx,6076
12/12/23,Burnside Av (4),384,Bronx,6270
12/11/23,Burnside Av (4),384,Bronx,6287
12/10/23,Burnside Av (4),384,Bronx,2747
12/9/23,Burnside Av (4),384,Bronx,4232
12/8/23,Burnside Av (4),384,Bronx,6447
12/6/23,Burnside Av (4),384,Bronx,6886
12/5/23,Burnside Av (4),384,Bronx,6657
12/4/23,Burnside Av (4),384,Bronx,6827
12/3/23,Burnside Av (4),384,Bronx,3809
12/2/23,Burnside Av (4),384,Bronx,6078
12/1/23,Burnside Av (4),384,Bronx,6079
11/24/23,Burnside Av (4),384,Bronx,2877
11/7/23,Burnside Av (4),384,Bronx,6736
12/31/23,Bushwick Av-Aberdeen St (L),131,Brooklyn,3
12/30/23,Bushwick Av-Aberdeen St (L),131,Brooklyn,1199
12/29/23,Bushwick Av-Aberdeen St (L),131,Brooklyn,1401
12/28/23,Bushwick Av-Aberdeen St (L),131,Brooklyn,1345
12/27/23,Bushwick Av-Aberdeen St (L),131,Brooklyn,1121
12/26/23,Bushwick Av-Aberdeen St (L),131,Brooklyn,1090
12/25/23,Bushwick Av-Aberdeen St (L),131,Brooklyn,521
12/23/23,Bushwick Av-Aberdeen St (L),131,Brooklyn,1019
12/22/23,Bushwick Av-Aberdeen St (L),131,Brooklyn,1537
12/21/23,Bushwick Av-Aberdeen St (L),131,Brooklyn,1636
12/20/23,Bushwick Av-Aberdeen St (L),131,Brooklyn,1549
12/19/23,Bushwick Av-Aberdeen St (L),131,Brooklyn,1806
12/18/23,Bushwick Av-Aberdeen St (L),131,Brooklyn,1531
12/17/23,Bushwick Av-Aberdeen St (L),131,Brooklyn,1101
12/16/23,Bushwick Av-Aberdeen St (L),131,Brooklyn,1454
12/15/23,Bushwick Av-Aberdeen St (L),131,Brooklyn,1783
12/14/23,Bushwick Av-Aberdeen St (L),131,Brooklyn,1809
12/13/23,Bushwick Av-Aberdeen St (L),131,Brooklyn,1799
12/12/23,Bushwick Av-Aberdeen St (L),131,Brooklyn,1771
12/11/23,Bushwick Av-Aberdeen St (L),131,Brooklyn,1667
12/10/23,Bushwick Av-Aberdeen St (L),131,Brooklyn,1022
12/9/23,Bushwick Av-Aberdeen St (L),131,Brooklyn,1444
12/8/23,Bushwick Av-Aberdeen St (L),131,Brooklyn,1465
12/6/23,Bushwick Av-Aberdeen St (L),131,Brooklyn,1580
12/5/23,Bushwick Av-Aberdeen St (L),131,Brooklyn,1609
12/4/23,Bushwick Av-Aberdeen St (L),131,Brooklyn,1730
12/3/23,Bushwick Av-Aberdeen St (L),131,Brooklyn,1246
12/2/23,Bushwick Av-Aberdeen St (L),131,Brooklyn,1637
12/1/23,Bushwick Av-Aberdeen St (L),131,Brooklyn,1747
11/24/23,Bushwick Av-Aberdeen St (L),131,Brooklyn,672
11/7/23,Bushwick Av-Aberdeen St (L),131,Brooklyn,1578
12/31/23,Canal St (1),325,Manhattan,64
12/30/23,Canal St (1),325,Manhattan,2584
12/29/23,Canal St (1),325,Manhattan,2975
12/28/23,Canal St (1),325,Manhattan,2826
12/27/23,Canal St (1),325,Manhattan,2499
12/26/23,Canal St (1),325,Manhattan,2238
12/25/23,Canal St (1),325,Manhattan,1230
12/23/23,Canal St (1),325,Manhattan,2169
12/22/23,Canal St (1),325,Manhattan,3094
12/21/23,Canal St (1),325,Manhattan,3370
12/20/23,Canal St (1),325,Manhattan,3665
12/19/23,Canal St (1),325,Manhattan,3909
12/18/23,Canal St (1),325,Manhattan,2971
12/17/23,Canal St (1),325,Manhattan,2018
12/16/23,Canal St (1),325,Manhattan,3315
12/15/23,Canal St (1),325,Manhattan,3586
12/14/23,Canal St (1),325,Manhattan,4265
12/13/23,Canal St (1),325,Manhattan,4799
12/12/23,Canal St (1),325,Manhattan,4868
12/11/23,Canal St (1),325,Manhattan,3302
12/10/23,Canal St (1),325,Manhattan,2015
12/9/23,Canal St (1),325,Manhattan,3143
12/8/23,Canal St (1),325,Manhattan,3750
12/6/23,Canal St (1),325,Manhattan,4824
12/5/23,Canal St (1),325,Manhattan,4684
12/4/23,Canal St (1),325,Manhattan,3335
12/3/23,Canal St (1),325,Manhattan,2457
12/2/23,Canal St (1),325,Manhattan,3717
12/1/23,Canal St (1),325,Manhattan,3466
11/24/23,Canal St (1),325,Manhattan,1411
11/7/23,Canal St (1),325,Manhattan,4922
12/31/23,"Canal St (A,C,E)",169,Manhattan,174
12/30/23,"Canal St (A,C,E)",169,Manhattan,7742
12/29/23,"Canal St (A,C,E)",169,Manhattan,9685
12/28/23,"Canal St (A,C,E)",169,Manhattan,9150
12/27/23,"Canal St (A,C,E)",169,Manhattan,8881
12/26/23,"Canal St (A,C,E)",169,Manhattan,7507
12/25/23,"Canal St (A,C,E)",169,Manhattan,3995
12/23/23,"Canal St (A,C,E)",169,Manhattan,6760
12/22/23,"Canal St (A,C,E)",169,Manhattan,10100
12/21/23,"Canal St (A,C,E)",169,Manhattan,11572
12/20/23,"Canal St (A,C,E)",169,Manhattan,11944
12/19/23,"Canal St (A,C,E)",169,Manhattan,12825
12/18/23,"Canal St (A,C,E)",169,Manhattan,10412
12/17/23,"Canal St (A,C,E)",169,Manhattan,7159
12/16/23,"Canal St (A,C,E)",169,Manhattan,10295
12/15/23,"Canal St (A,C,E)",169,Manhattan,12497
12/14/23,"Canal St (A,C,E)",169,Manhattan,14777
12/13/23,"Canal St (A,C,E)",169,Manhattan,15604
12/12/23,"Canal St (A,C,E)",169,Manhattan,15220
12/11/23,"Canal St (A,C,E)",169,Manhattan,12427
12/10/23,"Canal St (A,C,E)",169,Manhattan,6322
12/9/23,"Canal St (A,C,E)",169,Manhattan,9507
12/8/23,"Canal St (A,C,E)",169,Manhattan,12318
12/6/23,"Canal St (A,C,E)",169,Manhattan,15428
12/5/23,"Canal St (A,C,E)",169,Manhattan,14968
12/4/23,"Canal St (A,C,E)",169,Manhattan,12493
12/3/23,"Canal St (A,C,E)",169,Manhattan,4475
12/2/23,"Canal St (A,C,E)",169,Manhattan,6634
12/1/23,"Canal St (A,C,E)",169,Manhattan,11941
11/24/23,"Canal St (A,C,E)",169,Manhattan,4919
11/7/23,"Canal St (A,C,E)",169,Manhattan,14951
12/31/23,"Canal St (J,N,Q,R,W,Z,6)",623,Manhattan,327
12/30/23,"Canal St (J,N,Q,R,W,Z,6)",623,Manhattan,31122
12/29/23,"Canal St (J,N,Q,R,W,Z,6)",623,Manhattan,36665
12/28/23,"Canal St (J,N,Q,R,W,Z,6)",623,Manhattan,33224
12/27/23,"Canal St (J,N,Q,R,W,Z,6)",623,Manhattan,30899
12/26/23,"Canal St (J,N,Q,R,W,Z,6)",623,Manhattan,29367
12/25/23,"Canal St (J,N,Q,R,W,Z,6)",623,Manhattan,18891
12/23/23,"Canal St (J,N,Q,R,W,Z,6)",623,Manhattan,26349
12/22/23,"Canal St (J,N,Q,R,W,Z,6)",623,Manhattan,32328
12/21/23,"Canal St (J,N,Q,R,W,Z,6)",623,Manhattan,33857
12/20/23,"Canal St (J,N,Q,R,W,Z,6)",623,Manhattan,33596
12/19/23,"Canal St (J,N,Q,R,W,Z,6)",623,Manhattan,34918
12/18/23,"Canal St (J,N,Q,R,W,Z,6)",623,Manhattan,28099
12/17/23,"Canal St (J,N,Q,R,W,Z,6)",623,Manhattan,22578
12/16/23,"Canal St (J,N,Q,R,W,Z,6)",623,Manhattan,34491
12/15/23,"Canal St (J,N,Q,R,W,Z,6)",623,Manhattan,34165
12/14/23,"Canal St (J,N,Q,R,W,Z,6)",623,Manhattan,33738
12/13/23,"Canal St (J,N,Q,R,W,Z,6)",623,Manhattan,33062
12/12/23,"Canal St (J,N,Q,R,W,Z,6)",623,Manhattan,33552
12/11/23,"Canal St (J,N,Q,R,W,Z,6)",623,Manhattan,29268
12/10/23,"Canal St (J,N,Q,R,W,Z,6)",623,Manhattan,20791
12/9/23,"Canal St (J,N,Q,R,W,Z,6)",623,Manhattan,33341
12/8/23,"Canal St (J,N,Q,R,W,Z,6)",623,Manhattan,34279
12/6/23,"Canal St (J,N,Q,R,W,Z,6)",623,Manhattan,32912
12/5/23,"Canal St (J,N,Q,R,W,Z,6)",623,Manhattan,32128
12/4/23,"Canal St (J,N,Q,R,W,Z,6)",623,Manhattan,30231
12/3/23,"Canal St (J,N,Q,R,W,Z,6)",623,Manhattan,20245
12/2/23,"Canal St (J,N,Q,R,W,Z,6)",623,Manhattan,31934
12/1/23,"Canal St (J,N,Q,R,W,Z,6)",623,Manhattan,31806
11/24/23,"Canal St (J,N,Q,R,W,Z,6)",623,Manhattan,19635
11/7/23,"Canal St (J,N,Q,R,W,Z,6)",623,Manhattan,32707
12/31/23,Canarsie-Rockaway Pkwy (L),138,Brooklyn,9
12/30/23,Canarsie-Rockaway Pkwy (L),138,Brooklyn,1191
12/29/23,Canarsie-Rockaway Pkwy (L),138,Brooklyn,1830
12/28/23,Canarsie-Rockaway Pkwy (L),138,Brooklyn,1756
12/27/23,Canarsie-Rockaway Pkwy (L),138,Brooklyn,1622
12/26/23,Canarsie-Rockaway Pkwy (L),138,Brooklyn,1676
12/25/23,Canarsie-Rockaway Pkwy (L),138,Brooklyn,725
12/23/23,Canarsie-Rockaway Pkwy (L),138,Brooklyn,1140
12/22/23,Canarsie-Rockaway Pkwy (L),138,Brooklyn,2024
12/21/23,Canarsie-Rockaway Pkwy (L),138,Brooklyn,2111
12/20/23,Canarsie-Rockaway Pkwy (L),138,Brooklyn,2063
12/19/23,Canarsie-Rockaway Pkwy (L),138,Brooklyn,2167
12/18/23,Canarsie-Rockaway Pkwy (L),138,Brooklyn,1985
12/17/23,Canarsie-Rockaway Pkwy (L),138,Brooklyn,970
12/16/23,Canarsie-Rockaway Pkwy (L),138,Brooklyn,1348
12/15/23,Canarsie-Rockaway Pkwy (L),138,Brooklyn,2151
12/14/23,Canarsie-Rockaway Pkwy (L),138,Brooklyn,2259
12/13/23,Canarsie-Rockaway Pkwy (L),138,Brooklyn,2236
12/12/23,Canarsie-Rockaway Pkwy (L),138,Brooklyn,2217
12/11/23,Canarsie-Rockaway Pkwy (L),138,Brooklyn,2141
12/10/23,Canarsie-Rockaway Pkwy (L),138,Brooklyn,876
12/9/23,Canarsie-Rockaway Pkwy (L),138,Brooklyn,1319
12/8/23,Canarsie-Rockaway Pkwy (L),138,Brooklyn,2149
12/6/23,Canarsie-Rockaway Pkwy (L),138,Brooklyn,2270
12/5/23,Canarsie-Rockaway Pkwy (L),138,Brooklyn,2373
12/4/23,Canarsie-Rockaway Pkwy (L),138,Brooklyn,2320
12/3/23,Canarsie-Rockaway Pkwy (L),138,Brooklyn,917
12/2/23,Canarsie-Rockaway Pkwy (L),138,Brooklyn,1231
12/1/23,Canarsie-Rockaway Pkwy (L),138,Brooklyn,2234
11/24/23,Canarsie-Rockaway Pkwy (L),138,Brooklyn,884
11/7/23,Canarsie-Rockaway Pkwy (L),138,Brooklyn,2321
12/31/23,"Carroll St (F,G)",237,Brooklyn,56
12/30/23,"Carroll St (F,G)",237,Brooklyn,4936
12/29/23,"Carroll St (F,G)",237,Brooklyn,6165
12/28/23,"Carroll St (F,G)",237,Brooklyn,5734
12/27/23,"Carroll St (F,G)",237,Brooklyn,5399
12/26/23,"Carroll St (F,G)",237,Brooklyn,4157
12/25/23,"Carroll St (F,G)",237,Brooklyn,1489
12/23/23,"Carroll St (F,G)",237,Brooklyn,4313
12/22/23,"Carroll St (F,G)",237,Brooklyn,8035
12/21/23,"Carroll St (F,G)",237,Brooklyn,9047
12/20/23,"Carroll St (F,G)",237,Brooklyn,9645
12/19/23,"Carroll St (F,G)",237,Brooklyn,9482
12/18/23,"Carroll St (F,G)",237,Brooklyn,8447
12/17/23,"Carroll St (F,G)",237,Brooklyn,4775
12/16/23,"Carroll St (F,G)",237,Brooklyn,6826
12/15/23,"Carroll St (F,G)",237,Brooklyn,9814
12/14/23,"Carroll St (F,G)",237,Brooklyn,10716
12/13/23,"Carroll St (F,G)",237,Brooklyn,10218
12/12/23,"Carroll St (F,G)",237,Brooklyn,10247
12/11/23,"Carroll St (F,G)",237,Brooklyn,9252
12/10/23,"Carroll St (F,G)",237,Brooklyn,4310
12/9/23,"Carroll St (F,G)",237,Brooklyn,6828
12/8/23,"Carroll St (F,G)",237,Brooklyn,9665
12/6/23,"Carroll St (F,G)",237,Brooklyn,10417
12/5/23,"Carroll St (F,G)",237,Brooklyn,10183
12/4/23,"Carroll St (F,G)",237,Brooklyn,9122
12/3/23,"Carroll St (F,G)",237,Brooklyn,4441
12/2/23,"Carroll St (F,G)",237,Brooklyn,6562
12/1/23,"Carroll St (F,G)",237,Brooklyn,9257
11/24/23,"Carroll St (F,G)",237,Brooklyn,2669
11/7/23,"Carroll St (F,G)",237,Brooklyn,10843
12/31/23,Castle Hill Av (6),365,Bronx,10
12/30/23,Castle Hill Av (6),365,Bronx,1955
12/29/23,Castle Hill Av (6),365,Bronx,3279
12/28/23,Castle Hill Av (6),365,Bronx,3176
12/27/23,Castle Hill Av (6),365,Bronx,3122
12/26/23,Castle Hill Av (6),365,Bronx,2841
12/25/23,Castle Hill Av (6),365,Bronx,1229
12/23/23,Castle Hill Av (6),365,Bronx,1312
12/22/23,Castle Hill Av (6),365,Bronx,2558
12/21/23,Castle Hill Av (6),365,Bronx,4051
12/20/23,Castle Hill Av (6),365,Bronx,4003
12/19/23,Castle Hill Av (6),365,Bronx,3924
12/18/23,Castle Hill Av (6),365,Bronx,3525
12/17/23,Castle Hill Av (6),365,Bronx,1047
12/16/23,Castle Hill Av (6),365,Bronx,1847
12/15/23,Castle Hill Av (6),365,Bronx,4079
12/14/23,Castle Hill Av (6),365,Bronx,4246
12/13/23,Castle Hill Av (6),365,Bronx,4150
12/12/23,Castle Hill Av (6),365,Bronx,4126
12/11/23,Castle Hill Av (6),365,Bronx,3708
12/10/23,Castle Hill Av (6),365,Bronx,1366
12/9/23,Castle Hill Av (6),365,Bronx,2173
12/8/23,Castle Hill Av (6),365,Bronx,4123
12/6/23,Castle Hill Av (6),365,Bronx,4255
12/5/23,Castle Hill Av (6),365,Bronx,4159
12/4/23,Castle Hill Av (6),365,Bronx,3917
12/3/23,Castle Hill Av (6),365,Bronx,1494
12/2/23,Castle Hill Av (6),365,Bronx,2130
12/1/23,Castle Hill Av (6),365,Bronx,3876
11/24/23,Castle Hill Av (6),365,Bronx,1133
11/7/23,Castle Hill Av (6),365,Bronx,4215
12/31/23,Cathedral Pkwy (110 St) (1),308,Manhattan,56
12/30/23,Cathedral Pkwy (110 St) (1),308,Manhattan,5872
12/29/23,Cathedral Pkwy (110 St) (1),308,Manhattan,6764
12/28/23,Cathedral Pkwy (110 St) (1),308,Manhattan,6567
12/27/23,Cathedral Pkwy (110 St) (1),308,Manhattan,6253
12/26/23,Cathedral Pkwy (110 St) (1),308,Manhattan,5686
12/25/23,Cathedral Pkwy (110 St) (1),308,Manhattan,3681
12/23/23,Cathedral Pkwy (110 St) (1),308,Manhattan,5783
12/22/23,Cathedral Pkwy (110 St) (1),308,Manhattan,8813
12/21/23,Cathedral Pkwy (110 St) (1),308,Manhattan,9521
12/20/23,Cathedral Pkwy (110 St) (1),308,Manhattan,9628
12/19/23,Cathedral Pkwy (110 St) (1),308,Manhattan,9558
12/18/23,Cathedral Pkwy (110 St) (1),308,Manhattan,8341
12/17/23,Cathedral Pkwy (110 St) (1),308,Manhattan,5548
12/16/23,Cathedral Pkwy (110 St) (1),308,Manhattan,7352
12/15/23,Cathedral Pkwy (110 St) (1),308,Manhattan,10119
12/14/23,Cathedral Pkwy (110 St) (1),308,Manhattan,9610
12/13/23,Cathedral Pkwy (110 St) (1),308,Manhattan,9770
12/12/23,Cathedral Pkwy (110 St) (1),308,Manhattan,9762
12/11/23,Cathedral Pkwy (110 St) (1),308,Manhattan,8945
12/10/23,Cathedral Pkwy (110 St) (1),308,Manhattan,5067
12/9/23,Cathedral Pkwy (110 St) (1),308,Manhattan,7916
12/8/23,Cathedral Pkwy (110 St) (1),308,Manhattan,10268
12/6/23,Cathedral Pkwy (110 St) (1),308,Manhattan,9767
12/5/23,Cathedral Pkwy (110 St) (1),308,Manhattan,9493
12/4/23,Cathedral Pkwy (110 St) (1),308,Manhattan,8783
12/3/23,Cathedral Pkwy (110 St) (1),308,Manhattan,6247
12/2/23,Cathedral Pkwy (110 St) (1),308,Manhattan,8641
12/1/23,Cathedral Pkwy (110 St) (1),308,Manhattan,10525
11/24/23,Cathedral Pkwy (110 St) (1),308,Manhattan,4637
11/7/23,Cathedral Pkwy (110 St) (1),308,Manhattan,9917
12/31/23,"Cathedral Pkwy (110 St) (C,B)",155,Manhattan,24
12/30/23,"Cathedral Pkwy (110 St) (C,B)",155,Manhattan,3241
12/29/23,"Cathedral Pkwy (110 St) (C,B)",155,Manhattan,4049
12/28/23,"Cathedral Pkwy (110 St) (C,B)",155,Manhattan,4001
12/27/23,"Cathedral Pkwy (110 St) (C,B)",155,Manhattan,3750
12/26/23,"Cathedral Pkwy (110 St) (C,B)",155,Manhattan,3283
12/25/23,"Cathedral Pkwy (110 St) (C,B)",155,Manhattan,1888
12/23/23,"Cathedral Pkwy (110 St) (C,B)",155,Manhattan,2883
12/22/23,"Cathedral Pkwy (110 St) (C,B)",155,Manhattan,4874
12/21/23,"Cathedral Pkwy (110 St) (C,B)",155,Manhattan,5358
12/20/23,"Cathedral Pkwy (110 St) (C,B)",155,Manhattan,5227
12/19/23,"Cathedral Pkwy (110 St) (C,B)",155,Manhattan,5196
12/18/23,"Cathedral Pkwy (110 St) (C,B)",155,Manhattan,4641
12/17/23,"Cathedral Pkwy (110 St) (C,B)",155,Manhattan,2800
12/16/23,"Cathedral Pkwy (110 St) (C,B)",155,Manhattan,4248
12/15/23,"Cathedral Pkwy (110 St) (C,B)",155,Manhattan,5803
12/14/23,"Cathedral Pkwy (110 St) (C,B)",155,Manhattan,5630
12/13/23,"Cathedral Pkwy (110 St) (C,B)",155,Manhattan,5455
12/12/23,"Cathedral Pkwy (110 St) (C,B)",155,Manhattan,5455
12/11/23,"Cathedral Pkwy (110 St) (C,B)",155,Manhattan,4888
12/10/23,"Cathedral Pkwy (110 St) (C,B)",155,Manhattan,1216
12/9/23,"Cathedral Pkwy (110 St) (C,B)",155,Manhattan,1851
12/8/23,"Cathedral Pkwy (110 St) (C,B)",155,Manhattan,5666
12/6/23,"Cathedral Pkwy (110 St) (C,B)",155,Manhattan,5521
12/5/23,"Cathedral Pkwy (110 St) (C,B)",155,Manhattan,5416
12/4/23,"Cathedral Pkwy (110 St) (C,B)",155,Manhattan,5084
12/3/23,"Cathedral Pkwy (110 St) (C,B)",155,Manhattan,2209
12/2/23,"Cathedral Pkwy (110 St) (C,B)",155,Manhattan,3061
12/1/23,"Cathedral Pkwy (110 St) (C,B)",155,Manhattan,5555
11/24/23,"Cathedral Pkwy (110 St) (C,B)",155,Manhattan,2312
11/7/23,"Cathedral Pkwy (110 St) (C,B)",155,Manhattan,5639
12/31/23,Central Av (M),114,Brooklyn,27
12/30/23,Central Av (M),114,Brooklyn,1273
12/29/23,Central Av (M),114,Brooklyn,2215
12/28/23,Central Av (M),114,Brooklyn,2026
12/27/23,Central Av (M),114,Brooklyn,1731
12/26/23,Central Av (M),114,Brooklyn,1579
12/25/23,Central Av (M),114,Brooklyn,591
12/23/23,Central Av (M),114,Brooklyn,1067
12/22/23,Central Av (M),114,Brooklyn,2413
12/21/23,Central Av (M),114,Brooklyn,2539
12/20/23,Central Av (M),114,Brooklyn,2718
12/19/23,Central Av (M),114,Brooklyn,2772
12/18/23,Central Av (M),114,Brooklyn,2405
12/17/23,Central Av (M),114,Brooklyn,1150
12/16/23,Central Av (M),114,Brooklyn,1667
12/15/23,Central Av (M),114,Brooklyn,3036
12/14/23,Central Av (M),114,Brooklyn,2946
12/13/23,Central Av (M),114,Brooklyn,3054
12/12/23,Central Av (M),114,Brooklyn,2997
12/11/23,Central Av (M),114,Brooklyn,2526
12/10/23,Central Av (M),114,Brooklyn,1115
12/9/23,Central Av (M),114,Brooklyn,1793
12/8/23,Central Av (M),114,Brooklyn,2941
12/6/23,Central Av (M),114,Brooklyn,3001
12/5/23,Central Av (M),114,Brooklyn,3027
12/4/23,Central Av (M),114,Brooklyn,2669
12/3/23,Central Av (M),114,Brooklyn,1247
12/2/23,Central Av (M),114,Brooklyn,1761
12/1/23,Central Av (M),114,Brooklyn,2882
11/24/23,Central Av (M),114,Brooklyn,791
11/7/23,Central Av (M),114,Brooklyn,2995
12/31/23,"Central Park North (110 St) (2,3)",441,Manhattan,26
12/30/23,"Central Park North (110 St) (2,3)",441,Manhattan,3034
12/29/23,"Central Park North (110 St) (2,3)",441,Manhattan,3824
12/28/23,"Central Park North (110 St) (2,3)",441,Manhattan,3399
12/27/23,"Central Park North (110 St) (2,3)",441,Manhattan,3262
12/26/23,"Central Park North (110 St) (2,3)",441,Manhattan,3167
12/25/23,"Central Park North (110 St) (2,3)",441,Manhattan,2046
12/23/23,"Central Park North (110 St) (2,3)",441,Manhattan,2944
12/22/23,"Central Park North (110 St) (2,3)",441,Manhattan,4299
12/21/23,"Central Park North (110 St) (2,3)",441,Manhattan,4510
12/20/23,"Central Park North (110 St) (2,3)",441,Manhattan,4792
12/19/23,"Central Park North (110 St) (2,3)",441,Manhattan,4865
12/18/23,"Central Park North (110 St) (2,3)",441,Manhattan,4327
12/17/23,"Central Park North (110 St) (2,3)",441,Manhattan,2725
12/16/23,"Central Park North (110 St) (2,3)",441,Manhattan,3807
12/15/23,"Central Park North (110 St) (2,3)",441,Manhattan,5245
12/14/23,"Central Park North (110 St) (2,3)",441,Manhattan,5163
12/13/23,"Central Park North (110 St) (2,3)",441,Manhattan,5251
12/12/23,"Central Park North (110 St) (2,3)",441,Manhattan,5119
12/11/23,"Central Park North (110 St) (2,3)",441,Manhattan,4693
12/10/23,"Central Park North (110 St) (2,3)",441,Manhattan,3109
12/9/23,"Central Park North (110 St) (2,3)",441,Manhattan,4830
12/8/23,"Central Park North (110 St) (2,3)",441,Manhattan,5248
12/6/23,"Central Park North (110 St) (2,3)",441,Manhattan,5341
12/5/23,"Central Park North (110 St) (2,3)",441,Manhattan,5292
12/4/23,"Central Park North (110 St) (2,3)",441,Manhattan,5091
12/3/23,"Central Park North (110 St) (2,3)",441,Manhattan,2748
12/2/23,"Central Park North (110 St) (2,3)",441,Manhattan,4111
12/1/23,"Central Park North (110 St) (2,3)",441,Manhattan,5012
11/24/23,"Central Park North (110 St) (2,3)",441,Manhattan,2405
11/7/23,"Central Park North (110 St) (2,3)",441,Manhattan,5247
12/31/23,"Chambers St (1,2,3)",327,Manhattan,75
12/30/23,"Chambers St (1,2,3)",327,Manhattan,4955
12/29/23,"Chambers St (1,2,3)",327,Manhattan,7274
12/28/23,"Chambers St (1,2,3)",327,Manhattan,7141
12/27/23,"Chambers St (1,2,3)",327,Manhattan,6801
12/26/23,"Chambers St (1,2,3)",327,Manhattan,5996
12/25/23,"Chambers St (1,2,3)",327,Manhattan,2243
12/23/23,"Chambers St (1,2,3)",327,Manhattan,4442
12/22/23,"Chambers St (1,2,3)",327,Manhattan,9698
12/21/23,"Chambers St (1,2,3)",327,Manhattan,11855
12/20/23,"Chambers St (1,2,3)",327,Manhattan,13028
12/19/23,"Chambers St (1,2,3)",327,Manhattan,13826
12/18/23,"Chambers St (1,2,3)",327,Manhattan,11984
12/17/23,"Chambers St (1,2,3)",327,Manhattan,4872
12/16/23,"Chambers St (1,2,3)",327,Manhattan,7523
12/15/23,"Chambers St (1,2,3)",327,Manhattan,12523
12/14/23,"Chambers St (1,2,3)",327,Manhattan,15450
12/13/23,"Chambers St (1,2,3)",327,Manhattan,15200
12/12/23,"Chambers St (1,2,3)",327,Manhattan,14835
12/11/23,"Chambers St (1,2,3)",327,Manhattan,14082
12/10/23,"Chambers St (1,2,3)",327,Manhattan,4700
12/9/23,"Chambers St (1,2,3)",327,Manhattan,7636
12/8/23,"Chambers St (1,2,3)",327,Manhattan,13351
12/6/23,"Chambers St (1,2,3)",327,Manhattan,16334
12/5/23,"Chambers St (1,2,3)",327,Manhattan,16026
12/4/23,"Chambers St (1,2,3)",327,Manhattan,14424
12/3/23,"Chambers St (1,2,3)",327,Manhattan,5291
12/2/23,"Chambers St (1,2,3)",327,Manhattan,8206
12/1/23,"Chambers St (1,2,3)",327,Manhattan,12832
11/24/23,"Chambers St (1,2,3)",327,Manhattan,2939
11/7/23,"Chambers St (1,2,3)",327,Manhattan,16316
12/31/23,"Chambers St (A,C)/WTC (E)/Park Pl (2,3)/Cortlandt (R,W)",624,Manhattan,209
12/30/23,"Chambers St (A,C)/WTC (E)/Park Pl (2,3)/Cortlandt (R,W)",624,Manhattan,21047
12/29/23,"Chambers St (A,C)/WTC (E)/Park Pl (2,3)/Cortlandt (R,W)",624,Manhattan,37078
12/28/23,"Chambers St (A,C)/WTC (E)/Park Pl (2,3)/Cortlandt (R,W)",624,Manhattan,33391
12/27/23,"Chambers St (A,C)/WTC (E)/Park Pl (2,3)/Cortlandt (R,W)",624,Manhattan,32244
12/26/23,"Chambers St (A,C)/WTC (E)/Park Pl (2,3)/Cortlandt (R,W)",624,Manhattan,29173
12/25/23,"Chambers St (A,C)/WTC (E)/Park Pl (2,3)/Cortlandt (R,W)",624,Manhattan,12190
12/23/23,"Chambers St (A,C)/WTC (E)/Park Pl (2,3)/Cortlandt (R,W)",624,Manhattan,18243
12/22/23,"Chambers St (A,C)/WTC (E)/Park Pl (2,3)/Cortlandt (R,W)",624,Manhattan,31320
12/21/23,"Chambers St (A,C)/WTC (E)/Park Pl (2,3)/Cortlandt (R,W)",624,Manhattan,39458
12/20/23,"Chambers St (A,C)/WTC (E)/Park Pl (2,3)/Cortlandt (R,W)",624,Manhattan,42902
12/19/23,"Chambers St (A,C)/WTC (E)/Park Pl (2,3)/Cortlandt (R,W)",624,Manhattan,44823
12/18/23,"Chambers St (A,C)/WTC (E)/Park Pl (2,3)/Cortlandt (R,W)",624,Manhattan,37891
12/17/23,"Chambers St (A,C)/WTC (E)/Park Pl (2,3)/Cortlandt (R,W)",624,Manhattan,13336
12/16/23,"Chambers St (A,C)/WTC (E)/Park Pl (2,3)/Cortlandt (R,W)",624,Manhattan,20816
12/15/23,"Chambers St (A,C)/WTC (E)/Park Pl (2,3)/Cortlandt (R,W)",624,Manhattan,41030
12/14/23,"Chambers St (A,C)/WTC (E)/Park Pl (2,3)/Cortlandt (R,W)",624,Manhattan,48943
12/13/23,"Chambers St (A,C)/WTC (E)/Park Pl (2,3)/Cortlandt (R,W)",624,Manhattan,49938
12/12/23,"Chambers St (A,C)/WTC (E)/Park Pl (2,3)/Cortlandt (R,W)",624,Manhattan,47462
12/11/23,"Chambers St (A,C)/WTC (E)/Park Pl (2,3)/Cortlandt (R,W)",624,Manhattan,41090
12/10/23,"Chambers St (A,C)/WTC (E)/Park Pl (2,3)/Cortlandt (R,W)",624,Manhattan,13209
12/9/23,"Chambers St (A,C)/WTC (E)/Park Pl (2,3)/Cortlandt (R,W)",624,Manhattan,22851
12/8/23,"Chambers St (A,C)/WTC (E)/Park Pl (2,3)/Cortlandt (R,W)",624,Manhattan,40675
12/6/23,"Chambers St (A,C)/WTC (E)/Park Pl (2,3)/Cortlandt (R,W)",624,Manhattan,50238
12/5/23,"Chambers St (A,C)/WTC (E)/Park Pl (2,3)/Cortlandt (R,W)",624,Manhattan,49360
12/4/23,"Chambers St (A,C)/WTC (E)/Park Pl (2,3)/Cortlandt (R,W)",624,Manhattan,43055
12/3/23,"Chambers St (A,C)/WTC (E)/Park Pl (2,3)/Cortlandt (R,W)",624,Manhattan,11328
12/2/23,"Chambers St (A,C)/WTC (E)/Park Pl (2,3)/Cortlandt (R,W)",624,Manhattan,18589
12/1/23,"Chambers St (A,C)/WTC (E)/Park Pl (2,3)/Cortlandt (R,W)",624,Manhattan,39911
11/24/23,"Chambers St (A,C)/WTC (E)/Park Pl (2,3)/Cortlandt (R,W)",624,Manhattan,14230
11/7/23,"Chambers St (A,C)/WTC (E)/Park Pl (2,3)/Cortlandt (R,W)",624,Manhattan,48279
12/31/23,"Chauncey St (J,Z)",93,Brooklyn,8
12/30/23,"Chauncey St (J,Z)",93,Brooklyn,1169
12/29/23,"Chauncey St (J,Z)",93,Brooklyn,1503
12/28/23,"Chauncey St (J,Z)",93,Brooklyn,1380
12/27/23,"Chauncey St (J,Z)",93,Brooklyn,1258
12/26/23,"Chauncey St (J,Z)",93,Brooklyn,1073
12/25/23,"Chauncey St (J,Z)",93,Brooklyn,578
12/23/23,"Chauncey St (J,Z)",93,Brooklyn,1076
12/22/23,"Chauncey St (J,Z)",93,Brooklyn,1652
12/21/23,"Chauncey St (J,Z)",93,Brooklyn,1654
12/20/23,"Chauncey St (J,Z)",93,Brooklyn,1916
12/19/23,"Chauncey St (J,Z)",93,Brooklyn,1781
12/18/23,"Chauncey St (J,Z)",93,Brooklyn,1553
12/17/23,"Chauncey St (J,Z)",93,Brooklyn,988
12/16/23,"Chauncey St (J,Z)",93,Brooklyn,1229
12/15/23,"Chauncey St (J,Z)",93,Brooklyn,1963
12/14/23,"Chauncey St (J,Z)",93,Brooklyn,2020
12/13/23,"Chauncey St (J,Z)",93,Brooklyn,1953
12/12/23,"Chauncey St (J,Z)",93,Brooklyn,1993
12/11/23,"Chauncey St (J,Z)",93,Brooklyn,1631
12/10/23,"Chauncey St (J,Z)",93,Brooklyn,859
12/9/23,"Chauncey St (J,Z)",93,Brooklyn,1337
12/8/23,"Chauncey St (J,Z)",93,Brooklyn,2259
12/6/23,"Chauncey St (J,Z)",93,Brooklyn,1837
12/5/23,"Chauncey St (J,Z)",93,Brooklyn,1870
12/4/23,"Chauncey St (J,Z)",93,Brooklyn,1839
12/3/23,"Chauncey St (J,Z)",93,Brooklyn,1032
12/2/23,"Chauncey St (J,Z)",93,Brooklyn,1518
12/1/23,"Chauncey St (J,Z)",93,Brooklyn,1923
11/24/23,"Chauncey St (J,Z)",93,Brooklyn,861
11/7/23,"Chauncey St (J,Z)",93,Brooklyn,1990
12/31/23,Christopher St-Sheridan Sq (1),323,Manhattan,349
12/30/23,Christopher St-Sheridan Sq (1),323,Manhattan,9019
12/29/23,Christopher St-Sheridan Sq (1),323,Manhattan,8751
12/28/23,Christopher St-Sheridan Sq (1),323,Manhattan,7960
12/27/23,Christopher St-Sheridan Sq (1),323,Manhattan,7307
12/26/23,Christopher St-Sheridan Sq (1),323,Manhattan,6213
12/25/23,Christopher St-Sheridan Sq (1),323,Manhattan,3255
12/23/23,Christopher St-Sheridan Sq (1),323,Manhattan,7087
12/22/23,Christopher St-Sheridan Sq (1),323,Manhattan,8224
12/21/23,Christopher St-Sheridan Sq (1),323,Manhattan,8675
12/20/23,Christopher St-Sheridan Sq (1),323,Manhattan,9298
12/19/23,Christopher St-Sheridan Sq (1),323,Manhattan,9462
12/18/23,Christopher St-Sheridan Sq (1),323,Manhattan,7660
12/17/23,Christopher St-Sheridan Sq (1),323,Manhattan,7971
12/16/23,Christopher St-Sheridan Sq (1),323,Manhattan,11421
12/15/23,Christopher St-Sheridan Sq (1),323,Manhattan,10906
12/14/23,Christopher St-Sheridan Sq (1),323,Manhattan,10182
12/13/23,Christopher St-Sheridan Sq (1),323,Manhattan,9545
12/12/23,Christopher St-Sheridan Sq (1),323,Manhattan,9496
12/11/23,Christopher St-Sheridan Sq (1),323,Manhattan,8187
12/10/23,Christopher St-Sheridan Sq (1),323,Manhattan,7682
12/9/23,Christopher St-Sheridan Sq (1),323,Manhattan,12082
12/8/23,Christopher St-Sheridan Sq (1),323,Manhattan,10695
12/6/23,Christopher St-Sheridan Sq (1),323,Manhattan,9928
12/5/23,Christopher St-Sheridan Sq (1),323,Manhattan,9035
12/4/23,Christopher St-Sheridan Sq (1),323,Manhattan,7829
12/3/23,Christopher St-Sheridan Sq (1),323,Manhattan,7902
12/2/23,Christopher St-Sheridan Sq (1),323,Manhattan,10793
12/1/23,Christopher St-Sheridan Sq (1),323,Manhattan,9586
11/24/23,Christopher St-Sheridan Sq (1),323,Manhattan,4547
11/7/23,Christopher St-Sheridan Sq (1),323,Manhattan,10137
12/31/23,"Church Av (2,5)",356,Brooklyn,23
12/30/23,"Church Av (2,5)",356,Brooklyn,3880
12/29/23,"Church Av (2,5)",356,Brooklyn,5336
12/28/23,"Church Av (2,5)",356,Brooklyn,5287
12/27/23,"Church Av (2,5)",356,Brooklyn,5263
12/26/23,"Church Av (2,5)",356,Brooklyn,4517
12/25/23,"Church Av (2,5)",356,Brooklyn,1980
12/23/23,"Church Av (2,5)",356,Brooklyn,4136
12/22/23,"Church Av (2,5)",356,Brooklyn,6402
12/21/23,"Church Av (2,5)",356,Brooklyn,6282
12/20/23,"Church Av (2,5)",356,Brooklyn,6423
12/19/23,"Church Av (2,5)",356,Brooklyn,6796
12/18/23,"Church Av (2,5)",356,Brooklyn,5609
12/17/23,"Church Av (2,5)",356,Brooklyn,2992
12/16/23,"Church Av (2,5)",356,Brooklyn,4090
12/15/23,"Church Av (2,5)",356,Brooklyn,6946
12/14/23,"Church Av (2,5)",356,Brooklyn,6792
12/13/23,"Church Av (2,5)",356,Brooklyn,6839
12/12/23,"Church Av (2,5)",356,Brooklyn,6934
12/11/23,"Church Av (2,5)",356,Brooklyn,6329
12/10/23,"Church Av (2,5)",356,Brooklyn,2869
12/9/23,"Church Av (2,5)",356,Brooklyn,4603
12/8/23,"Church Av (2,5)",356,Brooklyn,6886
12/6/23,"Church Av (2,5)",356,Brooklyn,6791
12/5/23,"Church Av (2,5)",356,Brooklyn,6904
12/4/23,"Church Av (2,5)",356,Brooklyn,6794
12/3/23,"Church Av (2,5)",356,Brooklyn,3004
12/2/23,"Church Av (2,5)",356,Brooklyn,4309
12/1/23,"Church Av (2,5)",356,Brooklyn,6764
11/24/23,"Church Av (2,5)",356,Brooklyn,3111
11/7/23,"Church Av (2,5)",356,Brooklyn,6799
12/31/23,"Church Av (B,Q)",44,Brooklyn,29
12/30/23,"Church Av (B,Q)",44,Brooklyn,5918
12/29/23,"Church Av (B,Q)",44,Brooklyn,9343
12/28/23,"Church Av (B,Q)",44,Brooklyn,8939
12/27/23,"Church Av (B,Q)",44,Brooklyn,8549
12/26/23,"Church Av (B,Q)",44,Brooklyn,7846
12/25/23,"Church Av (B,Q)",44,Brooklyn,3257
12/23/23,"Church Av (B,Q)",44,Brooklyn,6133
12/22/23,"Church Av (B,Q)",44,Brooklyn,11298
12/21/23,"Church Av (B,Q)",44,Brooklyn,11717
12/20/23,"Church Av (B,Q)",44,Brooklyn,11967
12/19/23,"Church Av (B,Q)",44,Brooklyn,12269
12/18/23,"Church Av (B,Q)",44,Brooklyn,10741
12/17/23,"Church Av (B,Q)",44,Brooklyn,4960
12/16/23,"Church Av (B,Q)",44,Brooklyn,7141
12/15/23,"Church Av (B,Q)",44,Brooklyn,12465
12/14/23,"Church Av (B,Q)",44,Brooklyn,12566
12/13/23,"Church Av (B,Q)",44,Brooklyn,12561
12/12/23,"Church Av (B,Q)",44,Brooklyn,12593
12/11/23,"Church Av (B,Q)",44,Brooklyn,11643
12/10/23,"Church Av (B,Q)",44,Brooklyn,4511
12/9/23,"Church Av (B,Q)",44,Brooklyn,6884
12/8/23,"Church Av (B,Q)",44,Brooklyn,12746
12/6/23,"Church Av (B,Q)",44,Brooklyn,12817
12/5/23,"Church Av (B,Q)",44,Brooklyn,12935
12/4/23,"Church Av (B,Q)",44,Brooklyn,12278
12/3/23,"Church Av (B,Q)",44,Brooklyn,4371
12/2/23,"Church Av (B,Q)",44,Brooklyn,6364
12/1/23,"Church Av (B,Q)",44,Brooklyn,11714
11/24/23,"Church Av (B,Q)",44,Brooklyn,4609
11/7/23,"Church Av (B,Q)",44,Brooklyn,12466
12/31/23,"Church Av (F,G)",243,Brooklyn,21
12/30/23,"Church Av (F,G)",243,Brooklyn,4135
12/29/23,"Church Av (F,G)",243,Brooklyn,5680
12/28/23,"Church Av (F,G)",243,Brooklyn,5871
12/27/23,"Church Av (F,G)",243,Brooklyn,5547
12/26/23,"Church Av (F,G)",243,Brooklyn,5133
12/25/23,"Church Av (F,G)",243,Brooklyn,2626
12/23/23,"Church Av (F,G)",243,Brooklyn,4052
12/22/23,"Church Av (F,G)",243,Brooklyn,6822
12/21/23,"Church Av (F,G)",243,Brooklyn,7313
12/20/23,"Church Av (F,G)",243,Brooklyn,7635
12/19/23,"Church Av (F,G)",243,Brooklyn,7626
12/18/23,"Church Av (F,G)",243,Brooklyn,6694
12/17/23,"Church Av (F,G)",243,Brooklyn,3619
12/16/23,"Church Av (F,G)",243,Brooklyn,4690
12/15/23,"Church Av (F,G)",243,Brooklyn,7062
12/14/23,"Church Av (F,G)",243,Brooklyn,7366
12/13/23,"Church Av (F,G)",243,Brooklyn,7704
12/12/23,"Church Av (F,G)",243,Brooklyn,7433
12/11/23,"Church Av (F,G)",243,Brooklyn,7156
12/10/23,"Church Av (F,G)",243,Brooklyn,5446
12/9/23,"Church Av (F,G)",243,Brooklyn,7381
12/8/23,"Church Av (F,G)",243,Brooklyn,7716
12/6/23,"Church Av (F,G)",243,Brooklyn,7783
12/5/23,"Church Av (F,G)",243,Brooklyn,7608
12/4/23,"Church Av (F,G)",243,Brooklyn,7279
12/3/23,"Church Av (F,G)",243,Brooklyn,3363
12/2/23,"Church Av (F,G)",243,Brooklyn,4697
12/1/23,"Church Av (F,G)",243,Brooklyn,7488
11/24/23,"Church Av (F,G)",243,Brooklyn,3158
11/7/23,"Church Av (F,G)",243,Brooklyn,7769
12/31/23,"City Hall (R,W)",20,Manhattan,20
12/30/23,"City Hall (R,W)",20,Manhattan,1219
12/29/23,"City Hall (R,W)",20,Manhattan,3604
12/28/23,"City Hall (R,W)",20,Manhattan,2969
12/27/23,"City Hall (R,W)",20,Manhattan,2931
12/26/23,"City Hall (R,W)",20,Manhattan,2793
12/25/23,"City Hall (R,W)",20,Manhattan,754
12/23/23,"City Hall (R,W)",20,Manhattan,1398
12/22/23,"City Hall (R,W)",20,Manhattan,3221
12/21/23,"City Hall (R,W)",20,Manhattan,3737
12/20/23,"City Hall (R,W)",20,Manhattan,4262
12/19/23,"City Hall (R,W)",20,Manhattan,4436
12/18/23,"City Hall (R,W)",20,Manhattan,3731
12/17/23,"City Hall (R,W)",20,Manhattan,9
12/16/23,"City Hall (R,W)",20,Manhattan,19
12/15/23,"City Hall (R,W)",20,Manhattan,4236
12/14/23,"City Hall (R,W)",20,Manhattan,4787
12/13/23,"City Hall (R,W)",20,Manhattan,4674
12/12/23,"City Hall (R,W)",20,Manhattan,4446
12/11/23,"City Hall (R,W)",20,Manhattan,4056
12/10/23,"City Hall (R,W)",20,Manhattan,258
12/9/23,"City Hall (R,W)",20,Manhattan,661
12/8/23,"City Hall (R,W)",20,Manhattan,4265
12/6/23,"City Hall (R,W)",20,Manhattan,4683
12/5/23,"City Hall (R,W)",20,Manhattan,4554
12/4/23,"City Hall (R,W)",20,Manhattan,4105
12/3/23,"City Hall (R,W)",20,Manhattan,10
12/2/23,"City Hall (R,W)",20,Manhattan,9
12/1/23,"City Hall (R,W)",20,Manhattan,3797
11/24/23,"City Hall (R,W)",20,Manhattan,958
11/7/23,"City Hall (R,W)",20,Manhattan,4455
12/31/23,"Clark St (2,3)",334,Brooklyn,22
12/30/23,"Clark St (2,3)",334,Brooklyn,3928
12/29/23,"Clark St (2,3)",334,Brooklyn,3920
12/28/23,"Clark St (2,3)",334,Brooklyn,3531
12/27/23,"Clark St (2,3)",334,Brooklyn,3483
12/26/23,"Clark St (2,3)",334,Brooklyn,3133
12/25/23,"Clark St (2,3)",334,Brooklyn,2470
12/23/23,"Clark St (2,3)",334,Brooklyn,3657
12/22/23,"Clark St (2,3)",334,Brooklyn,4123
12/21/23,"Clark St (2,3)",334,Brooklyn,4255
12/20/23,"Clark St (2,3)",334,Brooklyn,4741
12/19/23,"Clark St (2,3)",334,Brooklyn,4375
12/18/23,"Clark St (2,3)",334,Brooklyn,3675
12/17/23,"Clark St (2,3)",334,Brooklyn,3071
12/16/23,"Clark St (2,3)",334,Brooklyn,4948
12/15/23,"Clark St (2,3)",334,Brooklyn,4627
12/14/23,"Clark St (2,3)",334,Brooklyn,5028
12/13/23,"Clark St (2,3)",334,Brooklyn,4798
12/12/23,"Clark St (2,3)",334,Brooklyn,4705
12/11/23,"Clark St (2,3)",334,Brooklyn,4208
12/10/23,"Clark St (2,3)",334,Brooklyn,2914
12/9/23,"Clark St (2,3)",334,Brooklyn,5204
12/8/23,"Clark St (2,3)",334,Brooklyn,5184
12/6/23,"Clark St (2,3)",334,Brooklyn,4984
12/5/23,"Clark St (2,3)",334,Brooklyn,5002
12/4/23,"Clark St (2,3)",334,Brooklyn,4476
12/3/23,"Clark St (2,3)",334,Brooklyn,3872
12/2/23,"Clark St (2,3)",334,Brooklyn,7652
12/1/23,"Clark St (2,3)",334,Brooklyn,4351
11/24/23,"Clark St (2,3)",334,Brooklyn,2781
11/7/23,"Clark St (2,3)",334,Brooklyn,5039
12/31/23,Classon Av (G),290,Brooklyn,27
12/30/23,Classon Av (G),290,Brooklyn,2432
12/29/23,Classon Av (G),290,Brooklyn,2967
12/28/23,Classon Av (G),290,Brooklyn,2727
12/27/23,Classon Av (G),290,Brooklyn,2392
12/26/23,Classon Av (G),290,Brooklyn,2099
12/25/23,Classon Av (G),290,Brooklyn,989
12/23/23,Classon Av (G),290,Brooklyn,2149
12/22/23,Classon Av (G),290,Brooklyn,3469
12/21/23,Classon Av (G),290,Brooklyn,3867
12/20/23,Classon Av (G),290,Brooklyn,4205
12/19/23,Classon Av (G),290,Brooklyn,4145
12/18/23,Classon Av (G),290,Brooklyn,3849
12/17/23,Classon Av (G),290,Brooklyn,2665
12/16/23,Classon Av (G),290,Brooklyn,3863
12/15/23,Classon Av (G),290,Brooklyn,4885
12/14/23,Classon Av (G),290,Brooklyn,4797
12/13/23,Classon Av (G),290,Brooklyn,4699
12/12/23,Classon Av (G),290,Brooklyn,4530
12/11/23,Classon Av (G),290,Brooklyn,4034
12/10/23,Classon Av (G),290,Brooklyn,2552
12/9/23,Classon Av (G),290,Brooklyn,3694
12/8/23,Classon Av (G),290,Brooklyn,4861
12/6/23,Classon Av (G),290,Brooklyn,4748
12/5/23,Classon Av (G),290,Brooklyn,4638
12/4/23,Classon Av (G),290,Brooklyn,4196
12/3/23,Classon Av (G),290,Brooklyn,2686
12/2/23,Classon Av (G),290,Brooklyn,3978
12/1/23,Classon Av (G),290,Brooklyn,4609
11/24/23,Classon Av (G),290,Brooklyn,1628
11/7/23,Classon Av (G),290,Brooklyn,4734
12/31/23,Cleveland St (J),89,Brooklyn,4
12/30/23,Cleveland St (J),89,Brooklyn,750
12/29/23,Cleveland St (J),89,Brooklyn,1121
12/28/23,Cleveland St (J),89,Brooklyn,946
12/27/23,Cleveland St (J),89,Brooklyn,998
12/26/23,Cleveland St (J),89,Brooklyn,958
12/25/23,Cleveland St (J),89,Brooklyn,459
12/23/23,Cleveland St (J),89,Brooklyn,769
12/22/23,Cleveland St (J),89,Brooklyn,1260
12/21/23,Cleveland St (J),89,Brooklyn,1302
12/20/23,Cleveland St (J),89,Brooklyn,1313
12/19/23,Cleveland St (J),89,Brooklyn,1318
12/18/23,Cleveland St (J),89,Brooklyn,1133
12/17/23,Cleveland St (J),89,Brooklyn,545
12/16/23,Cleveland St (J),89,Brooklyn,799
12/15/23,Cleveland St (J),89,Brooklyn,1371
12/14/23,Cleveland St (J),89,Brooklyn,1276
12/13/23,Cleveland St (J),89,Brooklyn,1405
12/12/23,Cleveland St (J),89,Brooklyn,1281
12/11/23,Cleveland St (J),89,Brooklyn,1274
12/10/23,Cleveland St (J),89,Brooklyn,521
12/9/23,Cleveland St (J),89,Brooklyn,752
12/8/23,Cleveland St (J),89,Brooklyn,1335
12/6/23,Cleveland St (J),89,Brooklyn,1373
12/5/23,Cleveland St (J),89,Brooklyn,1466
12/4/23,Cleveland St (J),89,Brooklyn,1437
12/3/23,Cleveland St (J),89,Brooklyn,461
12/2/23,Cleveland St (J),89,Brooklyn,768
12/1/23,Cleveland St (J),89,Brooklyn,1234
11/24/23,Cleveland St (J),89,Brooklyn,592
11/7/23,Cleveland St (J),89,Brooklyn,1334
12/31/23,Clinton-Washington Avs (C),177,Brooklyn,22
12/30/23,Clinton-Washington Avs (C),177,Brooklyn,2894
12/29/23,Clinton-Washington Avs (C),177,Brooklyn,3531
12/28/23,Clinton-Washington Avs (C),177,Brooklyn,3286
12/27/23,Clinton-Washington Avs (C),177,Brooklyn,2898
12/26/23,Clinton-Washington Avs (C),177,Brooklyn,2307
12/25/23,Clinton-Washington Avs (C),177,Brooklyn,1044
12/23/23,Clinton-Washington Avs (C),177,Brooklyn,2449
12/22/23,Clinton-Washington Avs (C),177,Brooklyn,4138
12/21/23,Clinton-Washington Avs (C),177,Brooklyn,4520
12/20/23,Clinton-Washington Avs (C),177,Brooklyn,5095
12/19/23,Clinton-Washington Avs (C),177,Brooklyn,5318
12/18/23,Clinton-Washington Avs (C),177,Brooklyn,4229
12/17/23,Clinton-Washington Avs (C),177,Brooklyn,2738
12/16/23,Clinton-Washington Avs (C),177,Brooklyn,3885
12/15/23,Clinton-Washington Avs (C),177,Brooklyn,5467
12/14/23,Clinton-Washington Avs (C),177,Brooklyn,6094
12/13/23,Clinton-Washington Avs (C),177,Brooklyn,5980
12/12/23,Clinton-Washington Avs (C),177,Brooklyn,5725
12/11/23,Clinton-Washington Avs (C),177,Brooklyn,4838
12/10/23,Clinton-Washington Avs (C),177,Brooklyn,2453
12/9/23,Clinton-Washington Avs (C),177,Brooklyn,4044
12/8/23,Clinton-Washington Avs (C),177,Brooklyn,5442
12/6/23,Clinton-Washington Avs (C),177,Brooklyn,6171
12/5/23,Clinton-Washington Avs (C),177,Brooklyn,5799
12/4/23,Clinton-Washington Avs (C),177,Brooklyn,4901
12/3/23,Clinton-Washington Avs (C),177,Brooklyn,33
12/2/23,Clinton-Washington Avs (C),177,Brooklyn,28
12/1/23,Clinton-Washington Avs (C),177,Brooklyn,5438
11/24/23,Clinton-Washington Avs (C),177,Brooklyn,1605
11/7/23,Clinton-Washington Avs (C),177,Brooklyn,6110
12/31/23,Clinton-Washington Avs (G),291,Brooklyn,33
12/30/23,Clinton-Washington Avs (G),291,Brooklyn,2209
12/29/23,Clinton-Washington Avs (G),291,Brooklyn,2663
12/28/23,Clinton-Washington Avs (G),291,Brooklyn,2492
12/27/23,Clinton-Washington Avs (G),291,Brooklyn,2234
12/26/23,Clinton-Washington Avs (G),291,Brooklyn,1829
12/25/23,Clinton-Washington Avs (G),291,Brooklyn,701
12/23/23,Clinton-Washington Avs (G),291,Brooklyn,1864
12/22/23,Clinton-Washington Avs (G),291,Brooklyn,3154
12/21/23,Clinton-Washington Avs (G),291,Brooklyn,3611
12/20/23,Clinton-Washington Avs (G),291,Brooklyn,3774
12/19/23,Clinton-Washington Avs (G),291,Brooklyn,4053
12/18/23,Clinton-Washington Avs (G),291,Brooklyn,3425
12/17/23,Clinton-Washington Avs (G),291,Brooklyn,2291
12/16/23,Clinton-Washington Avs (G),291,Brooklyn,3320
12/15/23,Clinton-Washington Avs (G),291,Brooklyn,4531
12/14/23,Clinton-Washington Avs (G),291,Brooklyn,4637
12/13/23,Clinton-Washington Avs (G),291,Brooklyn,4630
12/12/23,Clinton-Washington Avs (G),291,Brooklyn,4555
12/11/23,Clinton-Washington Avs (G),291,Brooklyn,4048
12/10/23,Clinton-Washington Avs (G),291,Brooklyn,2378
12/9/23,Clinton-Washington Avs (G),291,Brooklyn,3646
12/8/23,Clinton-Washington Avs (G),291,Brooklyn,4693
12/6/23,Clinton-Washington Avs (G),291,Brooklyn,4852
12/5/23,Clinton-Washington Avs (G),291,Brooklyn,4743
12/4/23,Clinton-Washington Avs (G),291,Brooklyn,4232
12/3/23,Clinton-Washington Avs (G),291,Brooklyn,2587
12/2/23,Clinton-Washington Avs (G),291,Brooklyn,3952
12/1/23,Clinton-Washington Avs (G),291,Brooklyn,4592
11/24/23,Clinton-Washington Avs (G),291,Brooklyn,1156
11/7/23,Clinton-Washington Avs (G),291,Brooklyn,4661
12/31/23,"Coney Island-Stillwell Av (D,F,N,Q)",58,Brooklyn,74
12/30/23,"Coney Island-Stillwell Av (D,F,N,Q)",58,Brooklyn,6451
12/29/23,"Coney Island-Stillwell Av (D,F,N,Q)",58,Brooklyn,9492
12/28/23,"Coney Island-Stillwell Av (D,F,N,Q)",58,Brooklyn,8639
12/27/23,"Coney Island-Stillwell Av (D,F,N,Q)",58,Brooklyn,8580
12/26/23,"Coney Island-Stillwell Av (D,F,N,Q)",58,Brooklyn,8287
12/25/23,"Coney Island-Stillwell Av (D,F,N,Q)",58,Brooklyn,4721
12/23/23,"Coney Island-Stillwell Av (D,F,N,Q)",58,Brooklyn,5718
12/22/23,"Coney Island-Stillwell Av (D,F,N,Q)",58,Brooklyn,9341
12/21/23,"Coney Island-Stillwell Av (D,F,N,Q)",58,Brooklyn,9361
12/20/23,"Coney Island-Stillwell Av (D,F,N,Q)",58,Brooklyn,9410
12/19/23,"Coney Island-Stillwell Av (D,F,N,Q)",58,Brooklyn,9441
12/18/23,"Coney Island-Stillwell Av (D,F,N,Q)",58,Brooklyn,8222
12/17/23,"Coney Island-Stillwell Av (D,F,N,Q)",58,Brooklyn,4794
12/16/23,"Coney Island-Stillwell Av (D,F,N,Q)",58,Brooklyn,6691
12/15/23,"Coney Island-Stillwell Av (D,F,N,Q)",58,Brooklyn,9932
12/14/23,"Coney Island-Stillwell Av (D,F,N,Q)",58,Brooklyn,9863
12/13/23,"Coney Island-Stillwell Av (D,F,N,Q)",58,Brooklyn,9597
12/12/23,"Coney Island-Stillwell Av (D,F,N,Q)",58,Brooklyn,9315
12/11/23,"Coney Island-Stillwell Av (D,F,N,Q)",58,Brooklyn,9341
12/10/23,"Coney Island-Stillwell Av (D,F,N,Q)",58,Brooklyn,4119
12/9/23,"Coney Island-Stillwell Av (D,F,N,Q)",58,Brooklyn,6559
12/8/23,"Coney Island-Stillwell Av (D,F,N,Q)",58,Brooklyn,9980
12/6/23,"Coney Island-Stillwell Av (D,F,N,Q)",58,Brooklyn,9755
12/5/23,"Coney Island-Stillwell Av (D,F,N,Q)",58,Brooklyn,9693
12/4/23,"Coney Island-Stillwell Av (D,F,N,Q)",58,Brooklyn,9768
12/3/23,"Coney Island-Stillwell Av (D,F,N,Q)",58,Brooklyn,4243
12/2/23,"Coney Island-Stillwell Av (D,F,N,Q)",58,Brooklyn,5987
12/1/23,"Coney Island-Stillwell Av (D,F,N,Q)",58,Brooklyn,9491
11/24/23,"Coney Island-Stillwell Av (D,F,N,Q)",58,Brooklyn,5031
11/7/23,"Coney Island-Stillwell Av (D,F,N,Q)",58,Brooklyn,9772
12/31/23,Cortelyou Rd (Q),46,Brooklyn,13
12/30/23,Cortelyou Rd (Q),46,Brooklyn,2401
12/29/23,Cortelyou Rd (Q),46,Brooklyn,3081
12/28/23,Cortelyou Rd (Q),46,Brooklyn,3210
12/27/23,Cortelyou Rd (Q),46,Brooklyn,3174
12/26/23,Cortelyou Rd (Q),46,Brooklyn,2804
12/25/23,Cortelyou Rd (Q),46,Brooklyn,1544
12/23/23,Cortelyou Rd (Q),46,Brooklyn,2542
12/22/23,Cortelyou Rd (Q),46,Brooklyn,4006
12/21/23,Cortelyou Rd (Q),46,Brooklyn,4218
12/20/23,Cortelyou Rd (Q),46,Brooklyn,4179
12/19/23,Cortelyou Rd (Q),46,Brooklyn,4464
12/18/23,Cortelyou Rd (Q),46,Brooklyn,3874
12/17/23,Cortelyou Rd (Q),46,Brooklyn,2245
12/16/23,Cortelyou Rd (Q),46,Brooklyn,3184
12/15/23,Cortelyou Rd (Q),46,Brooklyn,4436
12/14/23,Cortelyou Rd (Q),46,Brooklyn,4624
12/13/23,Cortelyou Rd (Q),46,Brooklyn,4535
12/12/23,Cortelyou Rd (Q),46,Brooklyn,4308
12/11/23,Cortelyou Rd (Q),46,Brooklyn,4259
12/10/23,Cortelyou Rd (Q),46,Brooklyn,2054
12/9/23,Cortelyou Rd (Q),46,Brooklyn,3191
12/8/23,Cortelyou Rd (Q),46,Brooklyn,4341
12/6/23,Cortelyou Rd (Q),46,Brooklyn,4552
12/5/23,Cortelyou Rd (Q),46,Brooklyn,4295
12/4/23,Cortelyou Rd (Q),46,Brooklyn,4278
12/3/23,Cortelyou Rd (Q),46,Brooklyn,2065
12/2/23,Cortelyou Rd (Q),46,Brooklyn,2962
12/1/23,Cortelyou Rd (Q),46,Brooklyn,4293
11/24/23,Cortelyou Rd (Q),46,Brooklyn,1973
11/7/23,Cortelyou Rd (Q),46,Brooklyn,4524
12/31/23,"Court Sq (E,G,M,7)",606,Queens,107
12/30/23,"Court Sq (E,G,M,7)",606,Queens,9557
12/29/23,"Court Sq (E,G,M,7)",606,Queens,13778
12/28/23,"Court Sq (E,G,M,7)",606,Queens,13348
12/27/23,"Court Sq (E,G,M,7)",606,Queens,12646
12/26/23,"Court Sq (E,G,M,7)",606,Queens,11242
12/25/23,"Court Sq (E,G,M,7)",606,Queens,4018
12/23/23,"Court Sq (E,G,M,7)",606,Queens,8954
12/22/23,"Court Sq (E,G,M,7)",606,Queens,15646
12/21/23,"Court Sq (E,G,M,7)",606,Queens,17568
12/20/23,"Court Sq (E,G,M,7)",606,Queens,18204
12/19/23,"Court Sq (E,G,M,7)",606,Queens,19230
12/18/23,"Court Sq (E,G,M,7)",606,Queens,16128
12/17/23,"Court Sq (E,G,M,7)",606,Queens,8323
12/16/23,"Court Sq (E,G,M,7)",606,Queens,12798
12/15/23,"Court Sq (E,G,M,7)",606,Queens,18816
12/14/23,"Court Sq (E,G,M,7)",606,Queens,20066
12/13/23,"Court Sq (E,G,M,7)",606,Queens,20676
12/12/23,"Court Sq (E,G,M,7)",606,Queens,20373
12/11/23,"Court Sq (E,G,M,7)",606,Queens,17753
12/10/23,"Court Sq (E,G,M,7)",606,Queens,8183
12/9/23,"Court Sq (E,G,M,7)",606,Queens,12533
12/8/23,"Court Sq (E,G,M,7)",606,Queens,18334
12/6/23,"Court Sq (E,G,M,7)",606,Queens,20939
12/5/23,"Court Sq (E,G,M,7)",606,Queens,20833
12/4/23,"Court Sq (E,G,M,7)",606,Queens,18926
12/3/23,"Court Sq (E,G,M,7)",606,Queens,8165
12/2/23,"Court Sq (E,G,M,7)",606,Queens,12437
12/1/23,"Court Sq (E,G,M,7)",606,Queens,17809
11/24/23,"Court Sq (E,G,M,7)",606,Queens,6426
11/7/23,"Court Sq (E,G,M,7)",606,Queens,20482
12/31/23,"Court St (R)/Borough Hall (2,3,4,5)",620,Brooklyn,73
12/30/23,"Court St (R)/Borough Hall (2,3,4,5)",620,Brooklyn,8813
12/29/23,"Court St (R)/Borough Hall (2,3,4,5)",620,Brooklyn,14824
12/28/23,"Court St (R)/Borough Hall (2,3,4,5)",620,Brooklyn,15116
12/27/23,"Court St (R)/Borough Hall (2,3,4,5)",620,Brooklyn,14088
12/26/23,"Court St (R)/Borough Hall (2,3,4,5)",620,Brooklyn,11836
12/25/23,"Court St (R)/Borough Hall (2,3,4,5)",620,Brooklyn,3488
12/23/23,"Court St (R)/Borough Hall (2,3,4,5)",620,Brooklyn,7689
12/22/23,"Court St (R)/Borough Hall (2,3,4,5)",620,Brooklyn,17428
12/21/23,"Court St (R)/Borough Hall (2,3,4,5)",620,Brooklyn,21082
12/20/23,"Court St (R)/Borough Hall (2,3,4,5)",620,Brooklyn,23028
12/19/23,"Court St (R)/Borough Hall (2,3,4,5)",620,Brooklyn,23829
12/18/23,"Court St (R)/Borough Hall (2,3,4,5)",620,Brooklyn,19903
12/17/23,"Court St (R)/Borough Hall (2,3,4,5)",620,Brooklyn,7321
12/16/23,"Court St (R)/Borough Hall (2,3,4,5)",620,Brooklyn,11219
12/15/23,"Court St (R)/Borough Hall (2,3,4,5)",620,Brooklyn,21785
12/14/23,"Court St (R)/Borough Hall (2,3,4,5)",620,Brooklyn,25083
12/13/23,"Court St (R)/Borough Hall (2,3,4,5)",620,Brooklyn,24685
12/12/23,"Court St (R)/Borough Hall (2,3,4,5)",620,Brooklyn,24722
12/11/23,"Court St (R)/Borough Hall (2,3,4,5)",620,Brooklyn,22291
12/10/23,"Court St (R)/Borough Hall (2,3,4,5)",620,Brooklyn,7023
12/9/23,"Court St (R)/Borough Hall (2,3,4,5)",620,Brooklyn,11385
12/8/23,"Court St (R)/Borough Hall (2,3,4,5)",620,Brooklyn,21647
12/6/23,"Court St (R)/Borough Hall (2,3,4,5)",620,Brooklyn,25580
12/5/23,"Court St (R)/Borough Hall (2,3,4,5)",620,Brooklyn,25048
12/4/23,"Court St (R)/Borough Hall (2,3,4,5)",620,Brooklyn,23606
12/3/23,"Court St (R)/Borough Hall (2,3,4,5)",620,Brooklyn,8105
12/2/23,"Court St (R)/Borough Hall (2,3,4,5)",620,Brooklyn,13115
12/1/23,"Court St (R)/Borough Hall (2,3,4,5)",620,Brooklyn,21240
11/24/23,"Court St (R)/Borough Hall (2,3,4,5)",620,Brooklyn,5674
11/7/23,"Court St (R)/Borough Hall (2,3,4,5)",620,Brooklyn,24986
12/31/23,"Crescent St (J,Z)",87,Brooklyn,5
12/30/23,"Crescent St (J,Z)",87,Brooklyn,1416
12/29/23,"Crescent St (J,Z)",87,Brooklyn,2088
12/28/23,"Crescent St (J,Z)",87,Brooklyn,2026
12/27/23,"Crescent St (J,Z)",87,Brooklyn,1945
12/26/23,"Crescent St (J,Z)",87,Brooklyn,1841
12/25/23,"Crescent St (J,Z)",87,Brooklyn,860
12/23/23,"Crescent St (J,Z)",87,Brooklyn,1443
12/22/23,"Crescent St (J,Z)",87,Brooklyn,2261
12/21/23,"Crescent St (J,Z)",87,Brooklyn,2188
12/20/23,"Crescent St (J,Z)",87,Brooklyn,2163
12/19/23,"Crescent St (J,Z)",87,Brooklyn,2230
12/18/23,"Crescent St (J,Z)",87,Brooklyn,1980
12/17/23,"Crescent St (J,Z)",87,Brooklyn,1201
12/16/23,"Crescent St (J,Z)",87,Brooklyn,1117
12/15/23,"Crescent St (J,Z)",87,Brooklyn,2495
12/14/23,"Crescent St (J,Z)",87,Brooklyn,2280
12/13/23,"Crescent St (J,Z)",87,Brooklyn,2312
12/12/23,"Crescent St (J,Z)",87,Brooklyn,2231
12/11/23,"Crescent St (J,Z)",87,Brooklyn,2230
12/10/23,"Crescent St (J,Z)",87,Brooklyn,1139
12/9/23,"Crescent St (J,Z)",87,Brooklyn,1673
12/8/23,"Crescent St (J,Z)",87,Brooklyn,2558
12/6/23,"Crescent St (J,Z)",87,Brooklyn,2433
12/5/23,"Crescent St (J,Z)",87,Brooklyn,2443
12/4/23,"Crescent St (J,Z)",87,Brooklyn,2426
12/3/23,"Crescent St (J,Z)",87,Brooklyn,647
12/2/23,"Crescent St (J,Z)",87,Brooklyn,1827
12/1/23,"Crescent St (J,Z)",87,Brooklyn,2497
11/24/23,"Crescent St (J,Z)",87,Brooklyn,1120
11/7/23,"Crescent St (J,Z)",87,Brooklyn,2431
12/31/23,"Crown Hts-Utica Av (3,4)",345,Brooklyn,74
12/30/23,"Crown Hts-Utica Av (3,4)",345,Brooklyn,10141
12/29/23,"Crown Hts-Utica Av (3,4)",345,Brooklyn,16046
12/28/23,"Crown Hts-Utica Av (3,4)",345,Brooklyn,15183
12/27/23,"Crown Hts-Utica Av (3,4)",345,Brooklyn,14598
12/26/23,"Crown Hts-Utica Av (3,4)",345,Brooklyn,13504
12/25/23,"Crown Hts-Utica Av (3,4)",345,Brooklyn,5551
12/23/23,"Crown Hts-Utica Av (3,4)",345,Brooklyn,10658
12/22/23,"Crown Hts-Utica Av (3,4)",345,Brooklyn,17548
12/21/23,"Crown Hts-Utica Av (3,4)",345,Brooklyn,18543
12/20/23,"Crown Hts-Utica Av (3,4)",345,Brooklyn,19375
12/19/23,"Crown Hts-Utica Av (3,4)",345,Brooklyn,19347
12/18/23,"Crown Hts-Utica Av (3,4)",345,Brooklyn,16639
12/17/23,"Crown Hts-Utica Av (3,4)",345,Brooklyn,8405
12/16/23,"Crown Hts-Utica Av (3,4)",345,Brooklyn,11706
12/15/23,"Crown Hts-Utica Av (3,4)",345,Brooklyn,18790
12/14/23,"Crown Hts-Utica Av (3,4)",345,Brooklyn,19910
12/13/23,"Crown Hts-Utica Av (3,4)",345,Brooklyn,20118
12/12/23,"Crown Hts-Utica Av (3,4)",345,Brooklyn,19979
12/11/23,"Crown Hts-Utica Av (3,4)",345,Brooklyn,18954
12/10/23,"Crown Hts-Utica Av (3,4)",345,Brooklyn,7754
12/9/23,"Crown Hts-Utica Av (3,4)",345,Brooklyn,12299
12/8/23,"Crown Hts-Utica Av (3,4)",345,Brooklyn,19579
12/6/23,"Crown Hts-Utica Av (3,4)",345,Brooklyn,20191
12/5/23,"Crown Hts-Utica Av (3,4)",345,Brooklyn,20334
12/4/23,"Crown Hts-Utica Av (3,4)",345,Brooklyn,20323
12/3/23,"Crown Hts-Utica Av (3,4)",345,Brooklyn,9172
12/2/23,"Crown Hts-Utica Av (3,4)",345,Brooklyn,13402
12/1/23,"Crown Hts-Utica Av (3,4)",345,Brooklyn,19530
11/24/23,"Crown Hts-Utica Av (3,4)",345,Brooklyn,8682
11/7/23,"Crown Hts-Utica Av (3,4)",345,Brooklyn,19938
12/31/23,Cypress Av (6),375,Bronx,3
12/30/23,Cypress Av (6),375,Bronx,785
12/29/23,Cypress Av (6),375,Bronx,1656
12/28/23,Cypress Av (6),375,Bronx,1665
12/27/23,Cypress Av (6),375,Bronx,1514
12/26/23,Cypress Av (6),375,Bronx,1316
12/25/23,Cypress Av (6),375,Bronx,479
12/23/23,Cypress Av (6),375,Bronx,864
12/22/23,Cypress Av (6),375,Bronx,1807
12/21/23,Cypress Av (6),375,Bronx,1867
12/20/23,Cypress Av (6),375,Bronx,2072
12/19/23,Cypress Av (6),375,Bronx,1614
12/18/23,Cypress Av (6),375,Bronx,1487
12/17/23,Cypress Av (6),375,Bronx,641
12/16/23,Cypress Av (6),375,Bronx,845
12/15/23,Cypress Av (6),375,Bronx,1826
12/14/23,Cypress Av (6),375,Bronx,1703
12/13/23,Cypress Av (6),375,Bronx,1652
12/12/23,Cypress Av (6),375,Bronx,1654
12/11/23,Cypress Av (6),375,Bronx,1587
12/10/23,Cypress Av (6),375,Bronx,570
12/9/23,Cypress Av (6),375,Bronx,796
12/8/23,Cypress Av (6),375,Bronx,1646
12/6/23,Cypress Av (6),375,Bronx,1647
12/5/23,Cypress Av (6),375,Bronx,1703
12/4/23,Cypress Av (6),375,Bronx,1642
12/3/23,Cypress Av (6),375,Bronx,552
12/2/23,Cypress Av (6),375,Bronx,839
12/1/23,Cypress Av (6),375,Bronx,1611
11/24/23,Cypress Av (6),375,Bronx,577
11/7/23,Cypress Av (6),375,Bronx,1642
12/31/23,Cypress Hills (J),86,Brooklyn,2
12/30/23,Cypress Hills (J),86,Brooklyn,448
12/29/23,Cypress Hills (J),86,Brooklyn,915
12/28/23,Cypress Hills (J),86,Brooklyn,825
12/27/23,Cypress Hills (J),86,Brooklyn,846
12/26/23,Cypress Hills (J),86,Brooklyn,793
12/25/23,Cypress Hills (J),86,Brooklyn,321
12/23/23,Cypress Hills (J),86,Brooklyn,459
12/22/23,Cypress Hills (J),86,Brooklyn,1102
12/21/23,Cypress Hills (J),86,Brooklyn,1125
12/20/23,Cypress Hills (J),86,Brooklyn,1196
12/19/23,Cypress Hills (J),86,Brooklyn,1218
12/18/23,Cypress Hills (J),86,Brooklyn,861
12/17/23,Cypress Hills (J),86,Brooklyn,2
12/15/23,Cypress Hills (J),86,Brooklyn,1141
12/14/23,Cypress Hills (J),86,Brooklyn,1238
12/13/23,Cypress Hills (J),86,Brooklyn,1315
12/12/23,Cypress Hills (J),86,Brooklyn,1285
12/11/23,Cypress Hills (J),86,Brooklyn,1121
12/8/23,Cypress Hills (J),86,Brooklyn,1262
12/6/23,Cypress Hills (J),86,Brooklyn,1251
12/5/23,Cypress Hills (J),86,Brooklyn,1215
12/4/23,Cypress Hills (J),86,Brooklyn,1096
12/2/23,Cypress Hills (J),86,Brooklyn,1
12/1/23,Cypress Hills (J),86,Brooklyn,792
11/24/23,Cypress Hills (J),86,Brooklyn,390
11/7/23,Cypress Hills (J),86,Brooklyn,1297
12/31/23,"DeKalb Av (B,Q,R)",26,Brooklyn,89
12/30/23,"DeKalb Av (B,Q,R)",26,Brooklyn,7516
12/29/23,"DeKalb Av (B,Q,R)",26,Brooklyn,11797
12/28/23,"DeKalb Av (B,Q,R)",26,Brooklyn,10675
12/27/23,"DeKalb Av (B,Q,R)",26,Brooklyn,10237
12/26/23,"DeKalb Av (B,Q,R)",26,Brooklyn,9295
12/25/23,"DeKalb Av (B,Q,R)",26,Brooklyn,3417
12/23/23,"DeKalb Av (B,Q,R)",26,Brooklyn,7248
12/22/23,"DeKalb Av (B,Q,R)",26,Brooklyn,14624
12/21/23,"DeKalb Av (B,Q,R)",26,Brooklyn,15621
12/20/23,"DeKalb Av (B,Q,R)",26,Brooklyn,16455
12/19/23,"DeKalb Av (B,Q,R)",26,Brooklyn,16969
12/18/23,"DeKalb Av (B,Q,R)",26,Brooklyn,14320
12/17/23,"DeKalb Av (B,Q,R)",26,Brooklyn,8117
12/16/23,"DeKalb Av (B,Q,R)",26,Brooklyn,11959
12/15/23,"DeKalb Av (B,Q,R)",26,Brooklyn,15408
12/14/23,"DeKalb Av (B,Q,R)",26,Brooklyn,16114
12/13/23,"DeKalb Av (B,Q,R)",26,Brooklyn,16159
12/12/23,"DeKalb Av (B,Q,R)",26,Brooklyn,16468
12/11/23,"DeKalb Av (B,Q,R)",26,Brooklyn,14711
12/10/23,"DeKalb Av (B,Q,R)",26,Brooklyn,6452
12/9/23,"DeKalb Av (B,Q,R)",26,Brooklyn,10274
12/8/23,"DeKalb Av (B,Q,R)",26,Brooklyn,15264
12/6/23,"DeKalb Av (B,Q,R)",26,Brooklyn,16385
12/5/23,"DeKalb Av (B,Q,R)",26,Brooklyn,17063
12/4/23,"DeKalb Av (B,Q,R)",26,Brooklyn,15426
12/3/23,"DeKalb Av (B,Q,R)",26,Brooklyn,6207
12/2/23,"DeKalb Av (B,Q,R)",26,Brooklyn,9793
12/1/23,"DeKalb Av (B,Q,R)",26,Brooklyn,14375
11/24/23,"DeKalb Av (B,Q,R)",26,Brooklyn,5002
11/7/23,"DeKalb Av (B,Q,R)",26,Brooklyn,16258
12/31/23,DeKalb Av (L),127,Brooklyn,47
12/30/23,DeKalb Av (L),127,Brooklyn,6396
12/29/23,DeKalb Av (L),127,Brooklyn,7378
12/28/23,DeKalb Av (L),127,Brooklyn,6769
12/27/23,DeKalb Av (L),127,Brooklyn,6459
12/26/23,DeKalb Av (L),127,Brooklyn,5449
12/25/23,DeKalb Av (L),127,Brooklyn,2271
12/23/23,DeKalb Av (L),127,Brooklyn,4936
12/22/23,DeKalb Av (L),127,Brooklyn,7874
12/21/23,DeKalb Av (L),127,Brooklyn,8470
12/20/23,DeKalb Av (L),127,Brooklyn,8927
12/19/23,DeKalb Av (L),127,Brooklyn,8677
12/18/23,DeKalb Av (L),127,Brooklyn,7736
12/17/23,DeKalb Av (L),127,Brooklyn,5215
12/16/23,DeKalb Av (L),127,Brooklyn,7619
12/15/23,DeKalb Av (L),127,Brooklyn,9462
12/14/23,DeKalb Av (L),127,Brooklyn,9585
12/13/23,DeKalb Av (L),127,Brooklyn,9365
12/12/23,DeKalb Av (L),127,Brooklyn,9624
12/11/23,DeKalb Av (L),127,Brooklyn,8985
12/10/23,DeKalb Av (L),127,Brooklyn,5080
12/9/23,DeKalb Av (L),127,Brooklyn,7965
12/8/23,DeKalb Av (L),127,Brooklyn,9921
12/6/23,DeKalb Av (L),127,Brooklyn,9854
12/5/23,DeKalb Av (L),127,Brooklyn,9874
12/4/23,DeKalb Av (L),127,Brooklyn,9553
12/3/23,DeKalb Av (L),127,Brooklyn,5327
12/2/23,DeKalb Av (L),127,Brooklyn,7599
12/1/23,DeKalb Av (L),127,Brooklyn,9847
11/24/23,DeKalb Av (L),127,Brooklyn,3362
11/7/23,DeKalb Av (L),127,Brooklyn,9908
12/31/23,"Delancey St (F)/Essex St (J,M,Z)",625,Manhattan,587
12/30/23,"Delancey St (F)/Essex St (J,M,Z)",625,Manhattan,17441
12/29/23,"Delancey St (F)/Essex St (J,M,Z)",625,Manhattan,19062
12/28/23,"Delancey St (F)/Essex St (J,M,Z)",625,Manhattan,17972
12/27/23,"Delancey St (F)/Essex St (J,M,Z)",625,Manhattan,15693
12/26/23,"Delancey St (F)/Essex St (J,M,Z)",625,Manhattan,13711
12/25/23,"Delancey St (F)/Essex St (J,M,Z)",625,Manhattan,6826
12/23/23,"Delancey St (F)/Essex St (J,M,Z)",625,Manhattan,14015
12/22/23,"Delancey St (F)/Essex St (J,M,Z)",625,Manhattan,19752
12/21/23,"Delancey St (F)/Essex St (J,M,Z)",625,Manhattan,21439
12/20/23,"Delancey St (F)/Essex St (J,M,Z)",625,Manhattan,21380
12/19/23,"Delancey St (F)/Essex St (J,M,Z)",625,Manhattan,21540
12/18/23,"Delancey St (F)/Essex St (J,M,Z)",625,Manhattan,18766
12/17/23,"Delancey St (F)/Essex St (J,M,Z)",625,Manhattan,16290
12/16/23,"Delancey St (F)/Essex St (J,M,Z)",625,Manhattan,22388
12/15/23,"Delancey St (F)/Essex St (J,M,Z)",625,Manhattan,25713
12/14/23,"Delancey St (F)/Essex St (J,M,Z)",625,Manhattan,25659
12/13/23,"Delancey St (F)/Essex St (J,M,Z)",625,Manhattan,24317
12/12/23,"Delancey St (F)/Essex St (J,M,Z)",625,Manhattan,24174
12/11/23,"Delancey St (F)/Essex St (J,M,Z)",625,Manhattan,21369
12/10/23,"Delancey St (F)/Essex St (J,M,Z)",625,Manhattan,16083
12/9/23,"Delancey St (F)/Essex St (J,M,Z)",625,Manhattan,23732
12/8/23,"Delancey St (F)/Essex St (J,M,Z)",625,Manhattan,25356
12/6/23,"Delancey St (F)/Essex St (J,M,Z)",625,Manhattan,23727
12/5/23,"Delancey St (F)/Essex St (J,M,Z)",625,Manhattan,23179
12/4/23,"Delancey St (F)/Essex St (J,M,Z)",625,Manhattan,21582
12/3/23,"Delancey St (F)/Essex St (J,M,Z)",625,Manhattan,16122
12/2/23,"Delancey St (F)/Essex St (J,M,Z)",625,Manhattan,22914
12/1/23,"Delancey St (F)/Essex St (J,M,Z)",625,Manhattan,24428
11/24/23,"Delancey St (F)/Essex St (J,M,Z)",625,Manhattan,9731
11/7/23,"Delancey St (F)/Essex St (J,M,Z)",625,Manhattan,24025
12/31/23,Ditmas Av (F),244,Brooklyn,9
12/30/23,Ditmas Av (F),244,Brooklyn,1191
12/29/23,Ditmas Av (F),244,Brooklyn,2342
12/28/23,Ditmas Av (F),244,Brooklyn,2562
12/27/23,Ditmas Av (F),244,Brooklyn,2513
12/26/23,Ditmas Av (F),244,Brooklyn,2345
12/25/23,Ditmas Av (F),244,Brooklyn,1153
12/23/23,Ditmas Av (F),244,Brooklyn,1279
12/22/23,Ditmas Av (F),244,Brooklyn,2866
12/21/23,Ditmas Av (F),244,Brooklyn,3161
12/20/23,Ditmas Av (F),244,Brooklyn,3295
12/19/23,Ditmas Av (F),244,Brooklyn,3275
12/18/23,Ditmas Av (F),244,Brooklyn,2803
12/17/23,Ditmas Av (F),244,Brooklyn,1305
12/16/23,Ditmas Av (F),244,Brooklyn,1352
12/15/23,Ditmas Av (F),244,Brooklyn,3001
12/14/23,Ditmas Av (F),244,Brooklyn,3284
12/13/23,Ditmas Av (F),244,Brooklyn,3236
12/12/23,Ditmas Av (F),244,Brooklyn,3256
12/11/23,Ditmas Av (F),244,Brooklyn,2908
12/10/23,Ditmas Av (F),244,Brooklyn,4
12/9/23,Ditmas Av (F),244,Brooklyn,3
12/8/23,Ditmas Av (F),244,Brooklyn,2960
12/6/23,Ditmas Av (F),244,Brooklyn,3401
12/5/23,Ditmas Av (F),244,Brooklyn,3357
12/4/23,Ditmas Av (F),244,Brooklyn,3277
12/3/23,Ditmas Av (F),244,Brooklyn,1154
12/2/23,Ditmas Av (F),244,Brooklyn,1334
12/1/23,Ditmas Av (F),244,Brooklyn,2748
11/24/23,Ditmas Av (F),244,Brooklyn,1166
11/7/23,Ditmas Av (F),244,Brooklyn,3317
12/31/23,Dyckman St (1),299,Manhattan,35
12/30/23,Dyckman St (1),299,Manhattan,2941
12/29/23,Dyckman St (1),299,Manhattan,3905
12/28/23,Dyckman St (1),299,Manhattan,3658
12/27/23,Dyckman St (1),299,Manhattan,3296
12/26/23,Dyckman St (1),299,Manhattan,3356
12/25/23,Dyckman St (1),299,Manhattan,1688
12/23/23,Dyckman St (1),299,Manhattan,3011
12/22/23,Dyckman St (1),299,Manhattan,4483
12/21/23,Dyckman St (1),299,Manhattan,4426
12/20/23,Dyckman St (1),299,Manhattan,4787
12/19/23,Dyckman St (1),299,Manhattan,5040
12/18/23,Dyckman St (1),299,Manhattan,4071
12/17/23,Dyckman St (1),299,Manhattan,676
12/16/23,Dyckman St (1),299,Manhattan,1021
12/15/23,Dyckman St (1),299,Manhattan,4690
12/14/23,Dyckman St (1),299,Manhattan,4814
12/13/23,Dyckman St (1),299,Manhattan,5004
12/12/23,Dyckman St (1),299,Manhattan,5014
12/11/23,Dyckman St (1),299,Manhattan,4645
12/10/23,Dyckman St (1),299,Manhattan,2363
12/9/23,Dyckman St (1),299,Manhattan,3519
12/8/23,Dyckman St (1),299,Manhattan,4989
12/6/23,Dyckman St (1),299,Manhattan,5069
12/5/23,Dyckman St (1),299,Manhattan,5036
12/4/23,Dyckman St (1),299,Manhattan,4653
12/3/23,Dyckman St (1),299,Manhattan,2399
12/2/23,Dyckman St (1),299,Manhattan,3477
12/1/23,Dyckman St (1),299,Manhattan,4807
11/24/23,Dyckman St (1),299,Manhattan,2168
11/7/23,Dyckman St (1),299,Manhattan,4923
12/31/23,Dyckman St (A),144,Manhattan,15
12/30/23,Dyckman St (A),144,Manhattan,2869
12/29/23,Dyckman St (A),144,Manhattan,3658
12/28/23,Dyckman St (A),144,Manhattan,3389
12/27/23,Dyckman St (A),144,Manhattan,3273
12/26/23,Dyckman St (A),144,Manhattan,3137
12/25/23,Dyckman St (A),144,Manhattan,1300
12/23/23,Dyckman St (A),144,Manhattan,2705
12/22/23,Dyckman St (A),144,Manhattan,4276
12/21/23,Dyckman St (A),144,Manhattan,4507
12/20/23,Dyckman St (A),144,Manhattan,4355
12/19/23,Dyckman St (A),144,Manhattan,4326
12/18/23,Dyckman St (A),144,Manhattan,3952
12/17/23,Dyckman St (A),144,Manhattan,4250
12/16/23,Dyckman St (A),144,Manhattan,6788
12/15/23,Dyckman St (A),144,Manhattan,4579
12/14/23,Dyckman St (A),144,Manhattan,4636
12/13/23,Dyckman St (A),144,Manhattan,4444
12/12/23,Dyckman St (A),144,Manhattan,4402
12/11/23,Dyckman St (A),144,Manhattan,4211
12/10/23,Dyckman St (A),144,Manhattan,1886
12/9/23,Dyckman St (A),144,Manhattan,3222
12/8/23,Dyckman St (A),144,Manhattan,4570
12/6/23,Dyckman St (A),144,Manhattan,4359
12/5/23,Dyckman St (A),144,Manhattan,4604
12/4/23,Dyckman St (A),144,Manhattan,4208
12/3/23,Dyckman St (A),144,Manhattan,1811
12/2/23,Dyckman St (A),144,Manhattan,2868
12/1/23,Dyckman St (A),144,Manhattan,4334
11/24/23,Dyckman St (A),144,Manhattan,1964
11/7/23,Dyckman St (A),144,Manhattan,4680
12/31/23,E 143 St-St Mary's St (6),374,Bronx,1
12/30/23,E 143 St-St Mary's St (6),374,Bronx,321
12/29/23,E 143 St-St Mary's St (6),374,Bronx,527
12/28/23,E 143 St-St Mary's St (6),374,Bronx,526
12/27/23,E 143 St-St Mary's St (6),374,Bronx,444
12/26/23,E 143 St-St Mary's St (6),374,Bronx,526
12/25/23,E 143 St-St Mary's St (6),374,Bronx,141
12/23/23,E 143 St-St Mary's St (6),374,Bronx,318
12/22/23,E 143 St-St Mary's St (6),374,Bronx,597
12/21/23,E 143 St-St Mary's St (6),374,Bronx,874
12/20/23,E 143 St-St Mary's St (6),374,Bronx,827
12/19/23,E 143 St-St Mary's St (6),374,Bronx,1022
12/18/23,E 143 St-St Mary's St (6),374,Bronx,859
12/17/23,E 143 St-St Mary's St (6),374,Bronx,187
12/16/23,E 143 St-St Mary's St (6),374,Bronx,359
12/15/23,E 143 St-St Mary's St (6),374,Bronx,831
12/14/23,E 143 St-St Mary's St (6),374,Bronx,954
12/13/23,E 143 St-St Mary's St (6),374,Bronx,864
12/12/23,E 143 St-St Mary's St (6),374,Bronx,994
12/11/23,E 143 St-St Mary's St (6),374,Bronx,892
12/10/23,E 143 St-St Mary's St (6),374,Bronx,183
12/9/23,E 143 St-St Mary's St (6),374,Bronx,351
12/8/23,E 143 St-St Mary's St (6),374,Bronx,795
12/6/23,E 143 St-St Mary's St (6),374,Bronx,900
12/5/23,E 143 St-St Mary's St (6),374,Bronx,991
12/4/23,E 143 St-St Mary's St (6),374,Bronx,946
12/3/23,E 143 St-St Mary's St (6),374,Bronx,176
12/2/23,E 143 St-St Mary's St (6),374,Bronx,322
12/1/23,E 143 St-St Mary's St (6),374,Bronx,823
11/24/23,E 143 St-St Mary's St (6),374,Bronx,158
11/7/23,E 143 St-St Mary's St (6),374,Bronx,956
12/31/23,E 149 St (6),373,Bronx,12
12/30/23,E 149 St (6),373,Bronx,1657
12/29/23,E 149 St (6),373,Bronx,2425
12/28/23,E 149 St (6),373,Bronx,2410
12/27/23,E 149 St (6),373,Bronx,2553
12/26/23,E 149 St (6),373,Bronx,2275
12/25/23,E 149 St (6),373,Bronx,970
12/23/23,E 149 St (6),373,Bronx,1759
12/22/23,E 149 St (6),373,Bronx,2794
12/21/23,E 149 St (6),373,Bronx,3152
12/20/23,E 149 St (6),373,Bronx,3108
12/19/23,E 149 St (6),373,Bronx,2989
12/18/23,E 149 St (6),373,Bronx,2557
12/17/23,E 149 St (6),373,Bronx,1298
12/16/23,E 149 St (6),373,Bronx,1832
12/15/23,E 149 St (6),373,Bronx,3200
12/14/23,E 149 St (6),373,Bronx,3211
12/13/23,E 149 St (6),373,Bronx,3323
12/12/23,E 149 St (6),373,Bronx,3175
12/11/23,E 149 St (6),373,Bronx,2917
12/10/23,E 149 St (6),373,Bronx,1100
12/9/23,E 149 St (6),373,Bronx,1721
12/8/23,E 149 St (6),373,Bronx,3076
12/6/23,E 149 St (6),373,Bronx,3242
12/5/23,E 149 St (6),373,Bronx,3211
12/4/23,E 149 St (6),373,Bronx,3061
12/3/23,E 149 St (6),373,Bronx,1185
12/2/23,E 149 St (6),373,Bronx,1601
12/1/23,E 149 St (6),373,Bronx,3055
11/24/23,E 149 St (6),373,Bronx,1370
11/7/23,E 149 St (6),373,Bronx,3237
12/31/23,"E 180 St (2,5)",426,Bronx,24
12/30/23,"E 180 St (2,5)",426,Bronx,3418
12/29/23,"E 180 St (2,5)",426,Bronx,5302
12/28/23,"E 180 St (2,5)",426,Bronx,5352
12/27/23,"E 180 St (2,5)",426,Bronx,5288
12/26/23,"E 180 St (2,5)",426,Bronx,4652
12/25/23,"E 180 St (2,5)",426,Bronx,1902
12/23/23,"E 180 St (2,5)",426,Bronx,3228
12/22/23,"E 180 St (2,5)",426,Bronx,5662
12/21/23,"E 180 St (2,5)",426,Bronx,6337
12/20/23,"E 180 St (2,5)",426,Bronx,6674
12/19/23,"E 180 St (2,5)",426,Bronx,6766
12/18/23,"E 180 St (2,5)",426,Bronx,5419
12/17/23,"E 180 St (2,5)",426,Bronx,2600
12/16/23,"E 180 St (2,5)",426,Bronx,3945
12/15/23,"E 180 St (2,5)",426,Bronx,6267
12/14/23,"E 180 St (2,5)",426,Bronx,6713
12/13/23,"E 180 St (2,5)",426,Bronx,6699
12/12/23,"E 180 St (2,5)",426,Bronx,6396
12/11/23,"E 180 St (2,5)",426,Bronx,5905
12/10/23,"E 180 St (2,5)",426,Bronx,2600
12/9/23,"E 180 St (2,5)",426,Bronx,4053
12/8/23,"E 180 St (2,5)",426,Bronx,6472
12/6/23,"E 180 St (2,5)",426,Bronx,7033
12/5/23,"E 180 St (2,5)",426,Bronx,6823
12/4/23,"E 180 St (2,5)",426,Bronx,6125
12/3/23,"E 180 St (2,5)",426,Bronx,2861
12/2/23,"E 180 St (2,5)",426,Bronx,3962
12/1/23,"E 180 St (2,5)",426,Bronx,6482
11/24/23,"E 180 St (2,5)",426,Bronx,2484
11/7/23,"E 180 St (2,5)",426,Bronx,6527
12/31/23,East 105 St (L),137,Brooklyn,7
12/30/23,East 105 St (L),137,Brooklyn,1019
12/29/23,East 105 St (L),137,Brooklyn,1579
12/28/23,East 105 St (L),137,Brooklyn,1735
12/27/23,East 105 St (L),137,Brooklyn,1527
12/26/23,East 105 St (L),137,Brooklyn,1404
12/25/23,East 105 St (L),137,Brooklyn,616
12/23/23,East 105 St (L),137,Brooklyn,843
12/22/23,East 105 St (L),137,Brooklyn,1914
12/21/23,East 105 St (L),137,Brooklyn,2092
12/20/23,East 105 St (L),137,Brooklyn,2044
12/19/23,East 105 St (L),137,Brooklyn,2161
12/18/23,East 105 St (L),137,Brooklyn,1847
12/17/23,East 105 St (L),137,Brooklyn,810
12/16/23,East 105 St (L),137,Brooklyn,1147
12/15/23,East 105 St (L),137,Brooklyn,2180
12/14/23,East 105 St (L),137,Brooklyn,2347
12/13/23,East 105 St (L),137,Brooklyn,2153
12/12/23,East 105 St (L),137,Brooklyn,2191
12/11/23,East 105 St (L),137,Brooklyn,2128
12/10/23,East 105 St (L),137,Brooklyn,737
12/9/23,East 105 St (L),137,Brooklyn,1156
12/8/23,East 105 St (L),137,Brooklyn,2011
12/6/23,East 105 St (L),137,Brooklyn,2169
12/5/23,East 105 St (L),137,Brooklyn,2221
12/4/23,East 105 St (L),137,Brooklyn,2143
12/3/23,East 105 St (L),137,Brooklyn,782
12/2/23,East 105 St (L),137,Brooklyn,1192
12/1/23,East 105 St (L),137,Brooklyn,2303
11/24/23,East 105 St (L),137,Brooklyn,827
11/7/23,East 105 St (L),137,Brooklyn,2240
12/31/23,East Broadway (F),234,Manhattan,147
12/30/23,East Broadway (F),234,Manhattan,10254
12/29/23,East Broadway (F),234,Manhattan,12228
12/28/23,East Broadway (F),234,Manhattan,10857
12/27/23,East Broadway (F),234,Manhattan,10547
12/26/23,East Broadway (F),234,Manhattan,9891
12/25/23,East Broadway (F),234,Manhattan,6379
12/23/23,East Broadway (F),234,Manhattan,7828
12/22/23,East Broadway (F),234,Manhattan,11769
12/21/23,East Broadway (F),234,Manhattan,11786
12/20/23,East Broadway (F),234,Manhattan,11940
12/19/23,East Broadway (F),234,Manhattan,12438
12/18/23,East Broadway (F),234,Manhattan,10340
12/17/23,East Broadway (F),234,Manhattan,7786
12/16/23,East Broadway (F),234,Manhattan,11411
12/15/23,East Broadway (F),234,Manhattan,13261
12/14/23,East Broadway (F),234,Manhattan,12839
12/13/23,East Broadway (F),234,Manhattan,12656
12/12/23,East Broadway (F),234,Manhattan,12520
12/11/23,East Broadway (F),234,Manhattan,11796
12/10/23,East Broadway (F),234,Manhattan,7293
12/9/23,East Broadway (F),234,Manhattan,11402
12/8/23,East Broadway (F),234,Manhattan,12805
12/6/23,East Broadway (F),234,Manhattan,12154
12/5/23,East Broadway (F),234,Manhattan,12199
12/4/23,East Broadway (F),234,Manhattan,11616
12/3/23,East Broadway (F),234,Manhattan,7545
12/2/23,East Broadway (F),234,Manhattan,11457
12/1/23,East Broadway (F),234,Manhattan,12965
11/24/23,East Broadway (F),234,Manhattan,6646
11/7/23,East Broadway (F),234,Manhattan,12089
12/31/23,Eastchester-Dyre Av (5),442,Bronx,5
12/30/23,Eastchester-Dyre Av (5),442,Bronx,1183
12/29/23,Eastchester-Dyre Av (5),442,Bronx,2207
12/28/23,Eastchester-Dyre Av (5),442,Bronx,2382
12/27/23,Eastchester-Dyre Av (5),442,Bronx,2068
12/26/23,Eastchester-Dyre Av (5),442,Bronx,1831
12/25/23,Eastchester-Dyre Av (5),442,Bronx,538
12/23/23,Eastchester-Dyre Av (5),442,Bronx,1041
12/22/23,Eastchester-Dyre Av (5),442,Bronx,2574
12/21/23,Eastchester-Dyre Av (5),442,Bronx,2919
12/20/23,Eastchester-Dyre Av (5),442,Bronx,3064
12/19/23,Eastchester-Dyre Av (5),442,Bronx,3085
12/18/23,Eastchester-Dyre Av (5),442,Bronx,2515
12/17/23,Eastchester-Dyre Av (5),442,Bronx,713
12/16/23,Eastchester-Dyre Av (5),442,Bronx,1097
12/15/23,Eastchester-Dyre Av (5),442,Bronx,3086
12/14/23,Eastchester-Dyre Av (5),442,Bronx,3622
12/13/23,Eastchester-Dyre Av (5),442,Bronx,3356
12/12/23,Eastchester-Dyre Av (5),442,Bronx,3363
12/11/23,Eastchester-Dyre Av (5),442,Bronx,2891
12/10/23,Eastchester-Dyre Av (5),442,Bronx,667
12/9/23,Eastchester-Dyre Av (5),442,Bronx,1191
12/8/23,Eastchester-Dyre Av (5),442,Bronx,2971
12/6/23,Eastchester-Dyre Av (5),442,Bronx,3272
12/5/23,Eastchester-Dyre Av (5),442,Bronx,3141
12/4/23,Eastchester-Dyre Av (5),442,Bronx,3069
12/3/23,Eastchester-Dyre Av (5),442,Bronx,661
12/2/23,Eastchester-Dyre Av (5),442,Bronx,1079
12/1/23,Eastchester-Dyre Av (5),442,Bronx,3037
11/24/23,Eastchester-Dyre Av (5),442,Bronx,683
11/7/23,Eastchester-Dyre Av (5),442,Bronx,3254
12/31/23,"Eastern Pkwy-Brooklyn Museum (2,3)",341,Brooklyn,14
12/30/23,"Eastern Pkwy-Brooklyn Museum (2,3)",341,Brooklyn,2973
12/29/23,"Eastern Pkwy-Brooklyn Museum (2,3)",341,Brooklyn,3132
12/28/23,"Eastern Pkwy-Brooklyn Museum (2,3)",341,Brooklyn,2722
12/27/23,"Eastern Pkwy-Brooklyn Museum (2,3)",341,Brooklyn,2663
12/26/23,"Eastern Pkwy-Brooklyn Museum (2,3)",341,Brooklyn,2100
12/25/23,"Eastern Pkwy-Brooklyn Museum (2,3)",341,Brooklyn,613
12/23/23,"Eastern Pkwy-Brooklyn Museum (2,3)",341,Brooklyn,2563
12/22/23,"Eastern Pkwy-Brooklyn Museum (2,3)",341,Brooklyn,3075
12/21/23,"Eastern Pkwy-Brooklyn Museum (2,3)",341,Brooklyn,3394
12/20/23,"Eastern Pkwy-Brooklyn Museum (2,3)",341,Brooklyn,4113
12/19/23,"Eastern Pkwy-Brooklyn Museum (2,3)",341,Brooklyn,2989
12/18/23,"Eastern Pkwy-Brooklyn Museum (2,3)",341,Brooklyn,2441
12/17/23,"Eastern Pkwy-Brooklyn Museum (2,3)",341,Brooklyn,2364
12/16/23,"Eastern Pkwy-Brooklyn Museum (2,3)",341,Brooklyn,3778
12/15/23,"Eastern Pkwy-Brooklyn Museum (2,3)",341,Brooklyn,3764
12/14/23,"Eastern Pkwy-Brooklyn Museum (2,3)",341,Brooklyn,4042
12/13/23,"Eastern Pkwy-Brooklyn Museum (2,3)",341,Brooklyn,3397
12/12/23,"Eastern Pkwy-Brooklyn Museum (2,3)",341,Brooklyn,3205
12/11/23,"Eastern Pkwy-Brooklyn Museum (2,3)",341,Brooklyn,2709
12/10/23,"Eastern Pkwy-Brooklyn Museum (2,3)",341,Brooklyn,2069
12/9/23,"Eastern Pkwy-Brooklyn Museum (2,3)",341,Brooklyn,3967
12/8/23,"Eastern Pkwy-Brooklyn Museum (2,3)",341,Brooklyn,3547
12/6/23,"Eastern Pkwy-Brooklyn Museum (2,3)",341,Brooklyn,3418
12/5/23,"Eastern Pkwy-Brooklyn Museum (2,3)",341,Brooklyn,3244
12/4/23,"Eastern Pkwy-Brooklyn Museum (2,3)",341,Brooklyn,3284
12/3/23,"Eastern Pkwy-Brooklyn Museum (2,3)",341,Brooklyn,2406
12/2/23,"Eastern Pkwy-Brooklyn Museum (2,3)",341,Brooklyn,3742
12/1/23,"Eastern Pkwy-Brooklyn Museum (2,3)",341,Brooklyn,3529
11/24/23,"Eastern Pkwy-Brooklyn Museum (2,3)",341,Brooklyn,1904
11/7/23,"Eastern Pkwy-Brooklyn Museum (2,3)",341,Brooklyn,4153
12/31/23,Elder Av (6),369,Bronx,20
12/30/23,Elder Av (6),369,Bronx,2362
12/29/23,Elder Av (6),369,Bronx,3469
12/28/23,Elder Av (6),369,Bronx,3404
12/27/23,Elder Av (6),369,Bronx,3041
12/26/23,Elder Av (6),369,Bronx,2802
12/25/23,Elder Av (6),369,Bronx,1494
12/23/23,Elder Av (6),369,Bronx,2206
12/22/23,Elder Av (6),369,Bronx,3566
12/21/23,Elder Av (6),369,Bronx,3561
12/20/23,Elder Av (6),369,Bronx,3999
12/19/23,Elder Av (6),369,Bronx,3702
12/18/23,Elder Av (6),369,Bronx,3407
12/17/23,Elder Av (6),369,Bronx,1771
12/16/23,Elder Av (6),369,Bronx,2120
12/15/23,Elder Av (6),369,Bronx,3773
12/14/23,Elder Av (6),369,Bronx,3648
12/13/23,Elder Av (6),369,Bronx,3847
12/12/23,Elder Av (6),369,Bronx,3829
12/11/23,Elder Av (6),369,Bronx,3669
12/10/23,Elder Av (6),369,Bronx,1918
12/9/23,Elder Av (6),369,Bronx,2360
12/8/23,Elder Av (6),369,Bronx,3818
12/6/23,Elder Av (6),369,Bronx,3939
12/5/23,Elder Av (6),369,Bronx,3709
12/4/23,Elder Av (6),369,Bronx,3636
12/3/23,Elder Av (6),369,Bronx,1796
12/2/23,Elder Av (6),369,Bronx,2336
12/1/23,Elder Av (6),369,Bronx,3684
11/24/23,Elder Av (6),369,Bronx,1960
11/7/23,Elder Av (6),369,Bronx,4032
12/31/23,"Elmhurst Av (M,R)",266,Queens,17
12/30/23,"Elmhurst Av (M,R)",266,Queens,5802
12/29/23,"Elmhurst Av (M,R)",266,Queens,7937
12/28/23,"Elmhurst Av (M,R)",266,Queens,7781
12/27/23,"Elmhurst Av (M,R)",266,Queens,7553
12/26/23,"Elmhurst Av (M,R)",266,Queens,7499
12/25/23,"Elmhurst Av (M,R)",266,Queens,3742
12/23/23,"Elmhurst Av (M,R)",266,Queens,5916
12/22/23,"Elmhurst Av (M,R)",266,Queens,8947
12/21/23,"Elmhurst Av (M,R)",266,Queens,9136
12/20/23,"Elmhurst Av (M,R)",266,Queens,9409
12/19/23,"Elmhurst Av (M,R)",266,Queens,9522
12/18/23,"Elmhurst Av (M,R)",266,Queens,8595
12/17/23,"Elmhurst Av (M,R)",266,Queens,4681
12/16/23,"Elmhurst Av (M,R)",266,Queens,6311
12/15/23,"Elmhurst Av (M,R)",266,Queens,9764
12/14/23,"Elmhurst Av (M,R)",266,Queens,9181
12/13/23,"Elmhurst Av (M,R)",266,Queens,9263
12/12/23,"Elmhurst Av (M,R)",266,Queens,8988
12/11/23,"Elmhurst Av (M,R)",266,Queens,8895
12/10/23,"Elmhurst Av (M,R)",266,Queens,4453
12/9/23,"Elmhurst Av (M,R)",266,Queens,6432
12/8/23,"Elmhurst Av (M,R)",266,Queens,9351
12/6/23,"Elmhurst Av (M,R)",266,Queens,9494
12/5/23,"Elmhurst Av (M,R)",266,Queens,9442
12/4/23,"Elmhurst Av (M,R)",266,Queens,9232
12/3/23,"Elmhurst Av (M,R)",266,Queens,4535
12/2/23,"Elmhurst Av (M,R)",266,Queens,6208
12/1/23,"Elmhurst Av (M,R)",266,Queens,9119
11/24/23,"Elmhurst Av (M,R)",266,Queens,4747
11/7/23,"Elmhurst Av (M,R)",266,Queens,9324
12/31/23,"Euclid Av (A,C)",188,Brooklyn,23
12/30/23,"Euclid Av (A,C)",188,Brooklyn,3981
12/29/23,"Euclid Av (A,C)",188,Brooklyn,6356
12/28/23,"Euclid Av (A,C)",188,Brooklyn,6179
12/27/23,"Euclid Av (A,C)",188,Brooklyn,6186
12/26/23,"Euclid Av (A,C)",188,Brooklyn,5442
12/25/23,"Euclid Av (A,C)",188,Brooklyn,2584
12/23/23,"Euclid Av (A,C)",188,Brooklyn,4200
12/22/23,"Euclid Av (A,C)",188,Brooklyn,7251
12/21/23,"Euclid Av (A,C)",188,Brooklyn,7837
12/20/23,"Euclid Av (A,C)",188,Brooklyn,7786
12/19/23,"Euclid Av (A,C)",188,Brooklyn,8214
12/18/23,"Euclid Av (A,C)",188,Brooklyn,6668
12/17/23,"Euclid Av (A,C)",188,Brooklyn,3135
12/16/23,"Euclid Av (A,C)",188,Brooklyn,4514
12/15/23,"Euclid Av (A,C)",188,Brooklyn,7855
12/14/23,"Euclid Av (A,C)",188,Brooklyn,8326
12/13/23,"Euclid Av (A,C)",188,Brooklyn,7906
12/12/23,"Euclid Av (A,C)",188,Brooklyn,8083
12/11/23,"Euclid Av (A,C)",188,Brooklyn,7841
12/10/23,"Euclid Av (A,C)",188,Brooklyn,2911
12/9/23,"Euclid Av (A,C)",188,Brooklyn,4755
12/8/23,"Euclid Av (A,C)",188,Brooklyn,8218
12/6/23,"Euclid Av (A,C)",188,Brooklyn,7968
12/5/23,"Euclid Av (A,C)",188,Brooklyn,8340
12/4/23,"Euclid Av (A,C)",188,Brooklyn,7994
12/3/23,"Euclid Av (A,C)",188,Brooklyn,2424
12/2/23,"Euclid Av (A,C)",188,Brooklyn,4189
12/1/23,"Euclid Av (A,C)",188,Brooklyn,8028
11/24/23,"Euclid Av (A,C)",188,Brooklyn,3317
11/7/23,"Euclid Av (A,C)",188,Brooklyn,8264
12/31/23,Far Rockaway-Mott Av (A),209,Queens,9
12/30/23,Far Rockaway-Mott Av (A),209,Queens,1910
12/29/23,Far Rockaway-Mott Av (A),209,Queens,2966
12/28/23,Far Rockaway-Mott Av (A),209,Queens,2824
12/27/23,Far Rockaway-Mott Av (A),209,Queens,2699
12/26/23,Far Rockaway-Mott Av (A),209,Queens,2429
12/25/23,Far Rockaway-Mott Av (A),209,Queens,1242
12/23/23,Far Rockaway-Mott Av (A),209,Queens,1544
12/22/23,Far Rockaway-Mott Av (A),209,Queens,3063
12/21/23,Far Rockaway-Mott Av (A),209,Queens,3290
12/20/23,Far Rockaway-Mott Av (A),209,Queens,3520
12/19/23,Far Rockaway-Mott Av (A),209,Queens,3182
12/18/23,Far Rockaway-Mott Av (A),209,Queens,2735
12/17/23,Far Rockaway-Mott Av (A),209,Queens,1318
12/16/23,Far Rockaway-Mott Av (A),209,Queens,1875
12/15/23,Far Rockaway-Mott Av (A),209,Queens,3248
12/14/23,Far Rockaway-Mott Av (A),209,Queens,3345
12/13/23,Far Rockaway-Mott Av (A),209,Queens,3163
12/12/23,Far Rockaway-Mott Av (A),209,Queens,3152
12/11/23,Far Rockaway-Mott Av (A),209,Queens,2931
12/10/23,Far Rockaway-Mott Av (A),209,Queens,385
12/9/23,Far Rockaway-Mott Av (A),209,Queens,669
12/8/23,Far Rockaway-Mott Av (A),209,Queens,3543
12/6/23,Far Rockaway-Mott Av (A),209,Queens,3566
12/5/23,Far Rockaway-Mott Av (A),209,Queens,3568
12/4/23,Far Rockaway-Mott Av (A),209,Queens,3184
12/3/23,Far Rockaway-Mott Av (A),209,Queens,1140
12/2/23,Far Rockaway-Mott Av (A),209,Queens,1602
12/1/23,Far Rockaway-Mott Av (A),209,Queens,3298
11/24/23,Far Rockaway-Mott Av (A),209,Queens,1404
11/7/23,Far Rockaway-Mott Av (A),209,Queens,3591
12/31/23,"Flatbush Av-Brooklyn College (2,5)",359,Brooklyn,43
12/30/23,"Flatbush Av-Brooklyn College (2,5)",359,Brooklyn,7234
12/29/23,"Flatbush Av-Brooklyn College (2,5)",359,Brooklyn,11699
12/28/23,"Flatbush Av-Brooklyn College (2,5)",359,Brooklyn,11869
12/27/23,"Flatbush Av-Brooklyn College (2,5)",359,Brooklyn,11660
12/26/23,"Flatbush Av-Brooklyn College (2,5)",359,Brooklyn,10197
12/25/23,"Flatbush Av-Brooklyn College (2,5)",359,Brooklyn,3956
12/23/23,"Flatbush Av-Brooklyn College (2,5)",359,Brooklyn,7410
12/22/23,"Flatbush Av-Brooklyn College (2,5)",359,Brooklyn,13365
12/21/23,"Flatbush Av-Brooklyn College (2,5)",359,Brooklyn,14550
12/20/23,"Flatbush Av-Brooklyn College (2,5)",359,Brooklyn,15543
12/19/23,"Flatbush Av-Brooklyn College (2,5)",359,Brooklyn,16132
12/18/23,"Flatbush Av-Brooklyn College (2,5)",359,Brooklyn,14055
12/17/23,"Flatbush Av-Brooklyn College (2,5)",359,Brooklyn,5405
12/16/23,"Flatbush Av-Brooklyn College (2,5)",359,Brooklyn,7739
12/15/23,"Flatbush Av-Brooklyn College (2,5)",359,Brooklyn,15043
12/14/23,"Flatbush Av-Brooklyn College (2,5)",359,Brooklyn,16355
12/13/23,"Flatbush Av-Brooklyn College (2,5)",359,Brooklyn,16673
12/12/23,"Flatbush Av-Brooklyn College (2,5)",359,Brooklyn,16442
12/11/23,"Flatbush Av-Brooklyn College (2,5)",359,Brooklyn,15780
12/10/23,"Flatbush Av-Brooklyn College (2,5)",359,Brooklyn,5250
12/9/23,"Flatbush Av-Brooklyn College (2,5)",359,Brooklyn,8004
12/8/23,"Flatbush Av-Brooklyn College (2,5)",359,Brooklyn,15612
12/6/23,"Flatbush Av-Brooklyn College (2,5)",359,Brooklyn,17744
12/5/23,"Flatbush Av-Brooklyn College (2,5)",359,Brooklyn,17605
12/4/23,"Flatbush Av-Brooklyn College (2,5)",359,Brooklyn,16769
12/3/23,"Flatbush Av-Brooklyn College (2,5)",359,Brooklyn,5099
12/2/23,"Flatbush Av-Brooklyn College (2,5)",359,Brooklyn,7742
12/1/23,"Flatbush Av-Brooklyn College (2,5)",359,Brooklyn,15000
11/24/23,"Flatbush Av-Brooklyn College (2,5)",359,Brooklyn,5674
11/7/23,"Flatbush Av-Brooklyn College (2,5)",359,Brooklyn,17037
12/31/23,Flushing Av (G),287,Brooklyn,22
12/30/23,Flushing Av (G),287,Brooklyn,1034
12/29/23,Flushing Av (G),287,Brooklyn,1916
12/28/23,Flushing Av (G),287,Brooklyn,1989
12/27/23,Flushing Av (G),287,Brooklyn,1941
12/26/23,Flushing Av (G),287,Brooklyn,1813
12/25/23,Flushing Av (G),287,Brooklyn,760
12/23/23,Flushing Av (G),287,Brooklyn,932
12/22/23,Flushing Av (G),287,Brooklyn,2188
12/21/23,Flushing Av (G),287,Brooklyn,2334
12/20/23,Flushing Av (G),287,Brooklyn,2333
12/19/23,Flushing Av (G),287,Brooklyn,2288
12/18/23,Flushing Av (G),287,Brooklyn,2336
12/17/23,Flushing Av (G),287,Brooklyn,1179
12/16/23,Flushing Av (G),287,Brooklyn,1195
12/15/23,Flushing Av (G),287,Brooklyn,2548
12/14/23,Flushing Av (G),287,Brooklyn,2701
12/13/23,Flushing Av (G),287,Brooklyn,2573
12/12/23,Flushing Av (G),287,Brooklyn,2673
12/11/23,Flushing Av (G),287,Brooklyn,2542
12/10/23,Flushing Av (G),287,Brooklyn,1149
12/9/23,Flushing Av (G),287,Brooklyn,1256
12/8/23,Flushing Av (G),287,Brooklyn,2567
12/6/23,Flushing Av (G),287,Brooklyn,2616
12/5/23,Flushing Av (G),287,Brooklyn,2666
12/4/23,Flushing Av (G),287,Brooklyn,2631
12/3/23,Flushing Av (G),287,Brooklyn,1100
12/2/23,Flushing Av (G),287,Brooklyn,1243
12/1/23,Flushing Av (G),287,Brooklyn,2411
11/24/23,Flushing Av (G),287,Brooklyn,951
11/7/23,Flushing Av (G),287,Brooklyn,2708
12/31/23,"Flushing Av (M,J)",98,Brooklyn,31
12/30/23,"Flushing Av (M,J)",98,Brooklyn,2917
12/29/23,"Flushing Av (M,J)",98,Brooklyn,4740
12/28/23,"Flushing Av (M,J)",98,Brooklyn,4585
12/27/23,"Flushing Av (M,J)",98,Brooklyn,4487
12/26/23,"Flushing Av (M,J)",98,Brooklyn,4259
12/25/23,"Flushing Av (M,J)",98,Brooklyn,1544
12/23/23,"Flushing Av (M,J)",98,Brooklyn,2761
12/22/23,"Flushing Av (M,J)",98,Brooklyn,5184
12/21/23,"Flushing Av (M,J)",98,Brooklyn,5219
12/20/23,"Flushing Av (M,J)",98,Brooklyn,5888
12/19/23,"Flushing Av (M,J)",98,Brooklyn,5729
12/18/23,"Flushing Av (M,J)",98,Brooklyn,4993
12/17/23,"Flushing Av (M,J)",98,Brooklyn,2295
12/16/23,"Flushing Av (M,J)",98,Brooklyn,3204
12/15/23,"Flushing Av (M,J)",98,Brooklyn,5404
12/14/23,"Flushing Av (M,J)",98,Brooklyn,5686
12/13/23,"Flushing Av (M,J)",98,Brooklyn,5274
12/12/23,"Flushing Av (M,J)",98,Brooklyn,5257
12/11/23,"Flushing Av (M,J)",98,Brooklyn,5623
12/10/23,"Flushing Av (M,J)",98,Brooklyn,2246
12/9/23,"Flushing Av (M,J)",98,Brooklyn,3236
12/8/23,"Flushing Av (M,J)",98,Brooklyn,6092
12/6/23,"Flushing Av (M,J)",98,Brooklyn,6176
12/5/23,"Flushing Av (M,J)",98,Brooklyn,6130
12/4/23,"Flushing Av (M,J)",98,Brooklyn,5916
12/3/23,"Flushing Av (M,J)",98,Brooklyn,2380
12/2/23,"Flushing Av (M,J)",98,Brooklyn,3511
12/1/23,"Flushing Av (M,J)",98,Brooklyn,5897
11/24/23,"Flushing Av (M,J)",98,Brooklyn,2106
11/7/23,"Flushing Av (M,J)",98,Brooklyn,5943
12/31/23,Flushing-Main St (7),447,Queens,272
12/30/23,Flushing-Main St (7),447,Queens,41082
12/29/23,Flushing-Main St (7),447,Queens,56210
12/28/23,Flushing-Main St (7),447,Queens,52635
12/27/23,Flushing-Main St (7),447,Queens,51588
12/26/23,Flushing-Main St (7),447,Queens,49132
12/25/23,Flushing-Main St (7),447,Queens,26279
12/23/23,Flushing-Main St (7),447,Queens,40254
12/22/23,Flushing-Main St (7),447,Queens,57530
12/21/23,Flushing-Main St (7),447,Queens,59203
12/20/23,Flushing-Main St (7),447,Queens,59933
12/19/23,Flushing-Main St (7),447,Queens,60039
12/18/23,Flushing-Main St (7),447,Queens,50804
12/17/23,Flushing-Main St (7),447,Queens,29077
12/16/23,Flushing-Main St (7),447,Queens,41896
12/15/23,Flushing-Main St (7),447,Queens,53129
12/14/23,Flushing-Main St (7),447,Queens,59764
12/13/23,Flushing-Main St (7),447,Queens,59299
12/12/23,Flushing-Main St (7),447,Queens,59638
12/11/23,Flushing-Main St (7),447,Queens,56626
12/10/23,Flushing-Main St (7),447,Queens,26520
12/9/23,Flushing-Main St (7),447,Queens,42022
12/8/23,Flushing-Main St (7),447,Queens,59618
12/6/23,Flushing-Main St (7),447,Queens,61057
12/5/23,Flushing-Main St (7),447,Queens,61766
12/4/23,Flushing-Main St (7),447,Queens,58521
12/3/23,Flushing-Main St (7),447,Queens,26757
12/2/23,Flushing-Main St (7),447,Queens,40975
12/1/23,Flushing-Main St (7),447,Queens,56759
11/24/23,Flushing-Main St (7),447,Queens,32122
11/7/23,Flushing-Main St (7),447,Queens,59587
12/31/23,Fordham Rd (4),382,Bronx,40
12/30/23,Fordham Rd (4),382,Bronx,4358
12/29/23,Fordham Rd (4),382,Bronx,5595
12/28/23,Fordham Rd (4),382,Bronx,5252
12/27/23,Fordham Rd (4),382,Bronx,5173
12/26/23,Fordham Rd (4),382,Bronx,4945
12/25/23,Fordham Rd (4),382,Bronx,2204
12/23/23,Fordham Rd (4),382,Bronx,4300
12/22/23,Fordham Rd (4),382,Bronx,5926
12/21/23,Fordham Rd (4),382,Bronx,6172
12/20/23,Fordham Rd (4),382,Bronx,6355
12/19/23,Fordham Rd (4),382,Bronx,6640
12/18/23,Fordham Rd (4),382,Bronx,5817
12/17/23,Fordham Rd (4),382,Bronx,5660
12/16/23,Fordham Rd (4),382,Bronx,7857
12/15/23,Fordham Rd (4),382,Bronx,6580
12/14/23,Fordham Rd (4),382,Bronx,6357
12/13/23,Fordham Rd (4),382,Bronx,6658
12/12/23,Fordham Rd (4),382,Bronx,6541
12/11/23,Fordham Rd (4),382,Bronx,6451
12/10/23,Fordham Rd (4),382,Bronx,3215
12/9/23,Fordham Rd (4),382,Bronx,5027
12/8/23,Fordham Rd (4),382,Bronx,7036
12/6/23,Fordham Rd (4),382,Bronx,7637
12/5/23,Fordham Rd (4),382,Bronx,7225
12/4/23,Fordham Rd (4),382,Bronx,6932
12/3/23,Fordham Rd (4),382,Bronx,4894
12/2/23,Fordham Rd (4),382,Bronx,7099
12/1/23,Fordham Rd (4),382,Bronx,6839
11/24/23,Fordham Rd (4),382,Bronx,2911
11/7/23,Fordham Rd (4),382,Bronx,6874
12/31/23,"Fordham Rd (B,D)",213,Bronx,28
12/30/23,"Fordham Rd (B,D)",213,Bronx,3256
12/29/23,"Fordham Rd (B,D)",213,Bronx,5288
12/28/23,"Fordham Rd (B,D)",213,Bronx,4925
12/27/23,"Fordham Rd (B,D)",213,Bronx,4870
12/26/23,"Fordham Rd (B,D)",213,Bronx,4661
12/25/23,"Fordham Rd (B,D)",213,Bronx,1803
12/23/23,"Fordham Rd (B,D)",213,Bronx,3322
12/22/23,"Fordham Rd (B,D)",213,Bronx,5654
12/21/23,"Fordham Rd (B,D)",213,Bronx,6001
12/20/23,"Fordham Rd (B,D)",213,Bronx,6209
12/19/23,"Fordham Rd (B,D)",213,Bronx,6269
12/18/23,"Fordham Rd (B,D)",213,Bronx,5136
12/17/23,"Fordham Rd (B,D)",213,Bronx,30
12/16/23,"Fordham Rd (B,D)",213,Bronx,20
12/15/23,"Fordham Rd (B,D)",213,Bronx,6288
12/14/23,"Fordham Rd (B,D)",213,Bronx,6410
12/13/23,"Fordham Rd (B,D)",213,Bronx,6292
12/12/23,"Fordham Rd (B,D)",213,Bronx,6414
12/11/23,"Fordham Rd (B,D)",213,Bronx,5646
12/10/23,"Fordham Rd (B,D)",213,Bronx,2091
12/9/23,"Fordham Rd (B,D)",213,Bronx,3359
12/8/23,"Fordham Rd (B,D)",213,Bronx,6265
12/6/23,"Fordham Rd (B,D)",213,Bronx,6311
12/5/23,"Fordham Rd (B,D)",213,Bronx,6228
12/4/23,"Fordham Rd (B,D)",213,Bronx,6065
12/3/23,"Fordham Rd (B,D)",213,Bronx,32
12/2/23,"Fordham Rd (B,D)",213,Bronx,14
12/1/23,"Fordham Rd (B,D)",213,Bronx,5968
11/24/23,"Fordham Rd (B,D)",213,Bronx,2553
11/7/23,"Fordham Rd (B,D)",213,Bronx,6459
12/31/23,Forest Av (M),110,Queens,5
12/30/23,Forest Av (M),110,Queens,1480
12/29/23,Forest Av (M),110,Queens,2555
12/28/23,Forest Av (M),110,Queens,2501
12/27/23,Forest Av (M),110,Queens,2327
12/26/23,Forest Av (M),110,Queens,2156
12/25/23,Forest Av (M),110,Queens,777
12/23/23,Forest Av (M),110,Queens,1365
12/22/23,Forest Av (M),110,Queens,2970
12/21/23,Forest Av (M),110,Queens,3266
12/20/23,Forest Av (M),110,Queens,3397
12/19/23,Forest Av (M),110,Queens,3396
12/18/23,Forest Av (M),110,Queens,2934
12/17/23,Forest Av (M),110,Queens,1257
12/16/23,Forest Av (M),110,Queens,1869
12/15/23,Forest Av (M),110,Queens,3432
12/14/23,Forest Av (M),110,Queens,3532
12/13/23,Forest Av (M),110,Queens,3510
12/12/23,Forest Av (M),110,Queens,3410
12/11/23,Forest Av (M),110,Queens,2970
12/10/23,Forest Av (M),110,Queens,1128
12/9/23,Forest Av (M),110,Queens,1927
12/8/23,Forest Av (M),110,Queens,3401
12/6/23,Forest Av (M),110,Queens,3561
12/5/23,Forest Av (M),110,Queens,3464
12/4/23,Forest Av (M),110,Queens,3252
12/3/23,Forest Av (M),110,Queens,1166
12/2/23,Forest Av (M),110,Queens,1749
12/1/23,Forest Av (M),110,Queens,3394
11/24/23,Forest Av (M),110,Queens,972
11/7/23,Forest Av (M),110,Queens,3514
12/31/23,"Forest Hills-71 Av (E,F,M,R)",261,Queens,107
12/30/23,"Forest Hills-71 Av (E,F,M,R)",261,Queens,10963
12/29/23,"Forest Hills-71 Av (E,F,M,R)",261,Queens,17537
12/28/23,"Forest Hills-71 Av (E,F,M,R)",261,Queens,17349
12/27/23,"Forest Hills-71 Av (E,F,M,R)",261,Queens,17104
12/26/23,"Forest Hills-71 Av (E,F,M,R)",261,Queens,16273
12/25/23,"Forest Hills-71 Av (E,F,M,R)",261,Queens,5527
12/23/23,"Forest Hills-71 Av (E,F,M,R)",261,Queens,11546
12/22/23,"Forest Hills-71 Av (E,F,M,R)",261,Queens,19800
12/21/23,"Forest Hills-71 Av (E,F,M,R)",261,Queens,22294
12/20/23,"Forest Hills-71 Av (E,F,M,R)",261,Queens,22851
12/19/23,"Forest Hills-71 Av (E,F,M,R)",261,Queens,22459
12/18/23,"Forest Hills-71 Av (E,F,M,R)",261,Queens,19371
12/17/23,"Forest Hills-71 Av (E,F,M,R)",261,Queens,8679
12/16/23,"Forest Hills-71 Av (E,F,M,R)",261,Queens,13107
12/15/23,"Forest Hills-71 Av (E,F,M,R)",261,Queens,21316
12/14/23,"Forest Hills-71 Av (E,F,M,R)",261,Queens,23281
12/13/23,"Forest Hills-71 Av (E,F,M,R)",261,Queens,23488
12/12/23,"Forest Hills-71 Av (E,F,M,R)",261,Queens,23133
12/11/23,"Forest Hills-71 Av (E,F,M,R)",261,Queens,21209
12/10/23,"Forest Hills-71 Av (E,F,M,R)",261,Queens,7722
12/9/23,"Forest Hills-71 Av (E,F,M,R)",261,Queens,12790
12/8/23,"Forest Hills-71 Av (E,F,M,R)",261,Queens,21454
12/6/23,"Forest Hills-71 Av (E,F,M,R)",261,Queens,23536
12/5/23,"Forest Hills-71 Av (E,F,M,R)",261,Queens,22037
12/4/23,"Forest Hills-71 Av (E,F,M,R)",261,Queens,17259
12/3/23,"Forest Hills-71 Av (E,F,M,R)",261,Queens,3481
12/2/23,"Forest Hills-71 Av (E,F,M,R)",261,Queens,12500
12/1/23,"Forest Hills-71 Av (E,F,M,R)",261,Queens,20709
11/24/23,"Forest Hills-71 Av (E,F,M,R)",261,Queens,8080
11/7/23,"Forest Hills-71 Av (E,F,M,R)",261,Queens,23325
12/31/23,Fort Hamilton Pkwy (D),60,Brooklyn,6
12/30/23,Fort Hamilton Pkwy (D),60,Brooklyn,1403
12/29/23,Fort Hamilton Pkwy (D),60,Brooklyn,2334
12/28/23,Fort Hamilton Pkwy (D),60,Brooklyn,2488
12/27/23,Fort Hamilton Pkwy (D),60,Brooklyn,2465
12/26/23,Fort Hamilton Pkwy (D),60,Brooklyn,2304
12/25/23,Fort Hamilton Pkwy (D),60,Brooklyn,1201
12/23/23,Fort Hamilton Pkwy (D),60,Brooklyn,1350
12/22/23,Fort Hamilton Pkwy (D),60,Brooklyn,2695
12/21/23,Fort Hamilton Pkwy (D),60,Brooklyn,3063
12/20/23,Fort Hamilton Pkwy (D),60,Brooklyn,2992
12/19/23,Fort Hamilton Pkwy (D),60,Brooklyn,2975
12/18/23,Fort Hamilton Pkwy (D),60,Brooklyn,2709
12/17/23,Fort Hamilton Pkwy (D),60,Brooklyn,1317
12/16/23,Fort Hamilton Pkwy (D),60,Brooklyn,1425
12/15/23,Fort Hamilton Pkwy (D),60,Brooklyn,2932
12/14/23,Fort Hamilton Pkwy (D),60,Brooklyn,3105
12/13/23,Fort Hamilton Pkwy (D),60,Brooklyn,3050
12/12/23,Fort Hamilton Pkwy (D),60,Brooklyn,2947
12/11/23,Fort Hamilton Pkwy (D),60,Brooklyn,2966
12/10/23,Fort Hamilton Pkwy (D),60,Brooklyn,1158
12/9/23,Fort Hamilton Pkwy (D),60,Brooklyn,1472
12/8/23,Fort Hamilton Pkwy (D),60,Brooklyn,2850
12/6/23,Fort Hamilton Pkwy (D),60,Brooklyn,3090
12/5/23,Fort Hamilton Pkwy (D),60,Brooklyn,3079
12/4/23,Fort Hamilton Pkwy (D),60,Brooklyn,3149
12/3/23,Fort Hamilton Pkwy (D),60,Brooklyn,1198
12/2/23,Fort Hamilton Pkwy (D),60,Brooklyn,1364
12/1/23,Fort Hamilton Pkwy (D),60,Brooklyn,2789
11/24/23,Fort Hamilton Pkwy (D),60,Brooklyn,1294
11/7/23,Fort Hamilton Pkwy (D),60,Brooklyn,2952
12/31/23,"Fort Hamilton Pkwy (F,G)",242,Brooklyn,9
12/30/23,"Fort Hamilton Pkwy (F,G)",242,Brooklyn,2261
12/29/23,"Fort Hamilton Pkwy (F,G)",242,Brooklyn,3003
12/28/23,"Fort Hamilton Pkwy (F,G)",242,Brooklyn,2924
12/27/23,"Fort Hamilton Pkwy (F,G)",242,Brooklyn,2671
12/26/23,"Fort Hamilton Pkwy (F,G)",242,Brooklyn,2379
12/25/23,"Fort Hamilton Pkwy (F,G)",242,Brooklyn,912
12/23/23,"Fort Hamilton Pkwy (F,G)",242,Brooklyn,2224
12/22/23,"Fort Hamilton Pkwy (F,G)",242,Brooklyn,4123
12/21/23,"Fort Hamilton Pkwy (F,G)",242,Brooklyn,4551
12/20/23,"Fort Hamilton Pkwy (F,G)",242,Brooklyn,4860
12/19/23,"Fort Hamilton Pkwy (F,G)",242,Brooklyn,4877
12/18/23,"Fort Hamilton Pkwy (F,G)",242,Brooklyn,4081
12/17/23,"Fort Hamilton Pkwy (F,G)",242,Brooklyn,2146
12/16/23,"Fort Hamilton Pkwy (F,G)",242,Brooklyn,3080
12/15/23,"Fort Hamilton Pkwy (F,G)",242,Brooklyn,4789
12/14/23,"Fort Hamilton Pkwy (F,G)",242,Brooklyn,5019
12/13/23,"Fort Hamilton Pkwy (F,G)",242,Brooklyn,5007
12/12/23,"Fort Hamilton Pkwy (F,G)",242,Brooklyn,4923
12/11/23,"Fort Hamilton Pkwy (F,G)",242,Brooklyn,4306
12/10/23,"Fort Hamilton Pkwy (F,G)",242,Brooklyn,1956
12/9/23,"Fort Hamilton Pkwy (F,G)",242,Brooklyn,3313
12/8/23,"Fort Hamilton Pkwy (F,G)",242,Brooklyn,4623
12/6/23,"Fort Hamilton Pkwy (F,G)",242,Brooklyn,4850
12/5/23,"Fort Hamilton Pkwy (F,G)",242,Brooklyn,4919
12/4/23,"Fort Hamilton Pkwy (F,G)",242,Brooklyn,4430
12/3/23,"Fort Hamilton Pkwy (F,G)",242,Brooklyn,1835
12/2/23,"Fort Hamilton Pkwy (F,G)",242,Brooklyn,3064
12/1/23,"Fort Hamilton Pkwy (F,G)",242,Brooklyn,4525
11/24/23,"Fort Hamilton Pkwy (F,G)",242,Brooklyn,1560
11/7/23,"Fort Hamilton Pkwy (F,G)",242,Brooklyn,4898
12/31/23,Fort Hamilton Pkwy (N),72,Brooklyn,15
12/30/23,Fort Hamilton Pkwy (N),72,Brooklyn,3407
12/29/23,Fort Hamilton Pkwy (N),72,Brooklyn,4607
12/28/23,Fort Hamilton Pkwy (N),72,Brooklyn,4257
12/27/23,Fort Hamilton Pkwy (N),72,Brooklyn,4082
12/26/23,Fort Hamilton Pkwy (N),72,Brooklyn,4034
12/25/23,Fort Hamilton Pkwy (N),72,Brooklyn,2842
12/23/23,Fort Hamilton Pkwy (N),72,Brooklyn,3478
12/22/23,Fort Hamilton Pkwy (N),72,Brooklyn,5243
12/21/23,Fort Hamilton Pkwy (N),72,Brooklyn,5454
12/20/23,Fort Hamilton Pkwy (N),72,Brooklyn,5649
12/19/23,Fort Hamilton Pkwy (N),72,Brooklyn,5682
12/18/23,Fort Hamilton Pkwy (N),72,Brooklyn,4845
12/17/23,Fort Hamilton Pkwy (N),72,Brooklyn,2384
12/16/23,Fort Hamilton Pkwy (N),72,Brooklyn,3501
12/15/23,Fort Hamilton Pkwy (N),72,Brooklyn,5399
12/14/23,Fort Hamilton Pkwy (N),72,Brooklyn,5596
12/13/23,Fort Hamilton Pkwy (N),72,Brooklyn,5458
12/12/23,Fort Hamilton Pkwy (N),72,Brooklyn,5489
12/11/23,Fort Hamilton Pkwy (N),72,Brooklyn,5310
12/10/23,Fort Hamilton Pkwy (N),72,Brooklyn,2235
12/9/23,Fort Hamilton Pkwy (N),72,Brooklyn,3680
12/8/23,Fort Hamilton Pkwy (N),72,Brooklyn,5690
12/6/23,Fort Hamilton Pkwy (N),72,Brooklyn,5677
12/5/23,Fort Hamilton Pkwy (N),72,Brooklyn,5795
12/4/23,Fort Hamilton Pkwy (N),72,Brooklyn,5758
12/3/23,Fort Hamilton Pkwy (N),72,Brooklyn,2331
12/2/23,Fort Hamilton Pkwy (N),72,Brooklyn,3450
12/1/23,Fort Hamilton Pkwy (N),72,Brooklyn,5439
11/24/23,Fort Hamilton Pkwy (N),72,Brooklyn,2988
11/7/23,Fort Hamilton Pkwy (N),72,Brooklyn,5579
12/31/23,"Franklin Av (2,3,4,5)/Botanic Garden (S)",626,Brooklyn,62
12/30/23,"Franklin Av (2,3,4,5)/Botanic Garden (S)",626,Brooklyn,6519
12/29/23,"Franklin Av (2,3,4,5)/Botanic Garden (S)",626,Brooklyn,7825
12/28/23,"Franklin Av (2,3,4,5)/Botanic Garden (S)",626,Brooklyn,7237
12/27/23,"Franklin Av (2,3,4,5)/Botanic Garden (S)",626,Brooklyn,6739
12/26/23,"Franklin Av (2,3,4,5)/Botanic Garden (S)",626,Brooklyn,5694
12/25/23,"Franklin Av (2,3,4,5)/Botanic Garden (S)",626,Brooklyn,2768
12/23/23,"Franklin Av (2,3,4,5)/Botanic Garden (S)",626,Brooklyn,6052
12/22/23,"Franklin Av (2,3,4,5)/Botanic Garden (S)",626,Brooklyn,9104
12/21/23,"Franklin Av (2,3,4,5)/Botanic Garden (S)",626,Brooklyn,9782
12/20/23,"Franklin Av (2,3,4,5)/Botanic Garden (S)",626,Brooklyn,10650
12/19/23,"Franklin Av (2,3,4,5)/Botanic Garden (S)",626,Brooklyn,10832
12/18/23,"Franklin Av (2,3,4,5)/Botanic Garden (S)",626,Brooklyn,9283
12/17/23,"Franklin Av (2,3,4,5)/Botanic Garden (S)",626,Brooklyn,6052
12/16/23,"Franklin Av (2,3,4,5)/Botanic Garden (S)",626,Brooklyn,8863
12/15/23,"Franklin Av (2,3,4,5)/Botanic Garden (S)",626,Brooklyn,11109
12/14/23,"Franklin Av (2,3,4,5)/Botanic Garden (S)",626,Brooklyn,12034
12/13/23,"Franklin Av (2,3,4,5)/Botanic Garden (S)",626,Brooklyn,11692
12/12/23,"Franklin Av (2,3,4,5)/Botanic Garden (S)",626,Brooklyn,11806
12/11/23,"Franklin Av (2,3,4,5)/Botanic Garden (S)",626,Brooklyn,10575
12/10/23,"Franklin Av (2,3,4,5)/Botanic Garden (S)",626,Brooklyn,6015
12/9/23,"Franklin Av (2,3,4,5)/Botanic Garden (S)",626,Brooklyn,9100
12/8/23,"Franklin Av (2,3,4,5)/Botanic Garden (S)",626,Brooklyn,11320
12/6/23,"Franklin Av (2,3,4,5)/Botanic Garden (S)",626,Brooklyn,12105
12/5/23,"Franklin Av (2,3,4,5)/Botanic Garden (S)",626,Brooklyn,11944
12/4/23,"Franklin Av (2,3,4,5)/Botanic Garden (S)",626,Brooklyn,10984
12/3/23,"Franklin Av (2,3,4,5)/Botanic Garden (S)",626,Brooklyn,7117
12/2/23,"Franklin Av (2,3,4,5)/Botanic Garden (S)",626,Brooklyn,10468
12/1/23,"Franklin Av (2,3,4,5)/Botanic Garden (S)",626,Brooklyn,11058
11/24/23,"Franklin Av (2,3,4,5)/Botanic Garden (S)",626,Brooklyn,4400
11/7/23,"Franklin Av (2,3,4,5)/Botanic Garden (S)",626,Brooklyn,12105
12/31/23,"Franklin Av (C,S)",627,Brooklyn,59
12/30/23,"Franklin Av (C,S)",627,Brooklyn,2539
12/29/23,"Franklin Av (C,S)",627,Brooklyn,3376
12/28/23,"Franklin Av (C,S)",627,Brooklyn,2893
12/27/23,"Franklin Av (C,S)",627,Brooklyn,2764
12/26/23,"Franklin Av (C,S)",627,Brooklyn,2461
12/25/23,"Franklin Av (C,S)",627,Brooklyn,1132
12/23/23,"Franklin Av (C,S)",627,Brooklyn,2150
12/22/23,"Franklin Av (C,S)",627,Brooklyn,3574
12/21/23,"Franklin Av (C,S)",627,Brooklyn,3814
12/20/23,"Franklin Av (C,S)",627,Brooklyn,4027
12/19/23,"Franklin Av (C,S)",627,Brooklyn,4085
12/18/23,"Franklin Av (C,S)",627,Brooklyn,3546
12/17/23,"Franklin Av (C,S)",627,Brooklyn,2424
12/16/23,"Franklin Av (C,S)",627,Brooklyn,3280
12/15/23,"Franklin Av (C,S)",627,Brooklyn,4397
12/14/23,"Franklin Av (C,S)",627,Brooklyn,4350
12/13/23,"Franklin Av (C,S)",627,Brooklyn,4464
12/12/23,"Franklin Av (C,S)",627,Brooklyn,4353
12/11/23,"Franklin Av (C,S)",627,Brooklyn,3938
12/10/23,"Franklin Av (C,S)",627,Brooklyn,2342
12/9/23,"Franklin Av (C,S)",627,Brooklyn,3454
12/8/23,"Franklin Av (C,S)",627,Brooklyn,4248
12/6/23,"Franklin Av (C,S)",627,Brooklyn,4399
12/5/23,"Franklin Av (C,S)",627,Brooklyn,4252
12/4/23,"Franklin Av (C,S)",627,Brooklyn,3895
12/3/23,"Franklin Av (C,S)",627,Brooklyn,1795
12/2/23,"Franklin Av (C,S)",627,Brooklyn,2763
12/1/23,"Franklin Av (C,S)",627,Brooklyn,4212
11/24/23,"Franklin Av (C,S)",627,Brooklyn,1731
11/7/23,"Franklin Av (C,S)",627,Brooklyn,4529
12/31/23,Franklin St (1),326,Manhattan,54
12/30/23,Franklin St (1),326,Manhattan,2618
12/29/23,Franklin St (1),326,Manhattan,3219
12/28/23,Franklin St (1),326,Manhattan,3236
12/27/23,Franklin St (1),326,Manhattan,2911
12/26/23,Franklin St (1),326,Manhattan,2439
12/25/23,Franklin St (1),326,Manhattan,1016
12/23/23,Franklin St (1),326,Manhattan,2196
12/22/23,Franklin St (1),326,Manhattan,3344
12/21/23,Franklin St (1),326,Manhattan,3893
12/20/23,Franklin St (1),326,Manhattan,4238
12/19/23,Franklin St (1),326,Manhattan,4540
12/18/23,Franklin St (1),326,Manhattan,3703
12/17/23,Franklin St (1),326,Manhattan,2311
12/16/23,Franklin St (1),326,Manhattan,3524
12/15/23,Franklin St (1),326,Manhattan,4526
12/14/23,Franklin St (1),326,Manhattan,5697
12/13/23,Franklin St (1),326,Manhattan,5571
12/12/23,Franklin St (1),326,Manhattan,5613
12/11/23,Franklin St (1),326,Manhattan,4687
12/10/23,Franklin St (1),326,Manhattan,2285
12/9/23,Franklin St (1),326,Manhattan,3568
12/8/23,Franklin St (1),326,Manhattan,4646
12/6/23,Franklin St (1),326,Manhattan,5798
12/5/23,Franklin St (1),326,Manhattan,5715
12/4/23,Franklin St (1),326,Manhattan,4680
12/3/23,Franklin St (1),326,Manhattan,2490
12/2/23,Franklin St (1),326,Manhattan,3685
12/1/23,Franklin St (1),326,Manhattan,4675
11/24/23,Franklin St (1),326,Manhattan,1371
11/7/23,Franklin St (1),326,Manhattan,5716
12/31/23,"Freeman St (2,5)",429,Bronx,8
12/30/23,"Freeman St (2,5)",429,Bronx,1693
12/29/23,"Freeman St (2,5)",429,Bronx,2393
12/28/23,"Freeman St (2,5)",429,Bronx,2264
12/27/23,"Freeman St (2,5)",429,Bronx,2084
12/26/23,"Freeman St (2,5)",429,Bronx,2088
12/25/23,"Freeman St (2,5)",429,Bronx,1020
12/23/23,"Freeman St (2,5)",429,Bronx,1579
12/22/23,"Freeman St (2,5)",429,Bronx,2817
12/21/23,"Freeman St (2,5)",429,Bronx,2835
12/20/23,"Freeman St (2,5)",429,Bronx,2808
12/19/23,"Freeman St (2,5)",429,Bronx,3109
12/18/23,"Freeman St (2,5)",429,Bronx,2460
12/17/23,"Freeman St (2,5)",429,Bronx,1380
12/16/23,"Freeman St (2,5)",429,Bronx,1875
12/15/23,"Freeman St (2,5)",429,Bronx,3237
12/14/23,"Freeman St (2,5)",429,Bronx,3126
12/13/23,"Freeman St (2,5)",429,Bronx,2586
12/12/23,"Freeman St (2,5)",429,Bronx,3114
12/11/23,"Freeman St (2,5)",429,Bronx,2936
12/10/23,"Freeman St (2,5)",429,Bronx,1158
12/9/23,"Freeman St (2,5)",429,Bronx,1948
12/8/23,"Freeman St (2,5)",429,Bronx,3179
12/6/23,"Freeman St (2,5)",429,Bronx,2941
12/5/23,"Freeman St (2,5)",429,Bronx,3152
12/4/23,"Freeman St (2,5)",429,Bronx,3021
12/3/23,"Freeman St (2,5)",429,Bronx,1334
12/2/23,"Freeman St (2,5)",429,Bronx,1872
12/1/23,"Freeman St (2,5)",429,Bronx,2982
11/24/23,"Freeman St (2,5)",429,Bronx,1132
11/7/23,"Freeman St (2,5)",429,Bronx,3090
12/31/23,Fresh Pond Rd (M),109,Queens,13
12/30/23,Fresh Pond Rd (M),109,Queens,2021
12/29/23,Fresh Pond Rd (M),109,Queens,3565
12/28/23,Fresh Pond Rd (M),109,Queens,3508
12/27/23,Fresh Pond Rd (M),109,Queens,3300
12/26/23,Fresh Pond Rd (M),109,Queens,3128
12/25/23,Fresh Pond Rd (M),109,Queens,997
12/23/23,Fresh Pond Rd (M),109,Queens,1908
12/22/23,Fresh Pond Rd (M),109,Queens,4009
12/21/23,Fresh Pond Rd (M),109,Queens,4236
12/20/23,Fresh Pond Rd (M),109,Queens,4175
12/19/23,Fresh Pond Rd (M),109,Queens,4546
12/18/23,Fresh Pond Rd (M),109,Queens,3866
12/17/23,Fresh Pond Rd (M),109,Queens,1613
12/16/23,Fresh Pond Rd (M),109,Queens,2316
12/15/23,Fresh Pond Rd (M),109,Queens,4650
12/14/23,Fresh Pond Rd (M),109,Queens,4617
12/13/23,Fresh Pond Rd (M),109,Queens,4555
12/12/23,Fresh Pond Rd (M),109,Queens,4507
12/11/23,Fresh Pond Rd (M),109,Queens,4182
12/10/23,Fresh Pond Rd (M),109,Queens,1491
12/9/23,Fresh Pond Rd (M),109,Queens,2471
12/8/23,Fresh Pond Rd (M),109,Queens,4491
12/6/23,Fresh Pond Rd (M),109,Queens,4549
12/5/23,Fresh Pond Rd (M),109,Queens,4732
12/4/23,Fresh Pond Rd (M),109,Queens,4403
12/3/23,Fresh Pond Rd (M),109,Queens,1509
12/2/23,Fresh Pond Rd (M),109,Queens,2352
12/1/23,Fresh Pond Rd (M),109,Queens,4588
11/24/23,Fresh Pond Rd (M),109,Queens,1364
11/7/23,Fresh Pond Rd (M),109,Queens,4604
12/31/23,"Fulton St (A,C,J,Z,2,3,4,5)",628,Manhattan,466
12/30/23,"Fulton St (A,C,J,Z,2,3,4,5)",628,Manhattan,39451
12/29/23,"Fulton St (A,C,J,Z,2,3,4,5)",628,Manhattan,50342
12/28/23,"Fulton St (A,C,J,Z,2,3,4,5)",628,Manhattan,47914
12/27/23,"Fulton St (A,C,J,Z,2,3,4,5)",628,Manhattan,45444
12/26/23,"Fulton St (A,C,J,Z,2,3,4,5)",628,Manhattan,40480
12/25/23,"Fulton St (A,C,J,Z,2,3,4,5)",628,Manhattan,20148
12/23/23,"Fulton St (A,C,J,Z,2,3,4,5)",628,Manhattan,32025
12/22/23,"Fulton St (A,C,J,Z,2,3,4,5)",628,Manhattan,47333
12/21/23,"Fulton St (A,C,J,Z,2,3,4,5)",628,Manhattan,55729
12/20/23,"Fulton St (A,C,J,Z,2,3,4,5)",628,Manhattan,60318
12/19/23,"Fulton St (A,C,J,Z,2,3,4,5)",628,Manhattan,62151
12/18/23,"Fulton St (A,C,J,Z,2,3,4,5)",628,Manhattan,50138
12/17/23,"Fulton St (A,C,J,Z,2,3,4,5)",628,Manhattan,31470
12/16/23,"Fulton St (A,C,J,Z,2,3,4,5)",628,Manhattan,47535
12/15/23,"Fulton St (A,C,J,Z,2,3,4,5)",628,Manhattan,55896
12/14/23,"Fulton St (A,C,J,Z,2,3,4,5)",628,Manhattan,66307
12/13/23,"Fulton St (A,C,J,Z,2,3,4,5)",628,Manhattan,67067
12/12/23,"Fulton St (A,C,J,Z,2,3,4,5)",628,Manhattan,66709
12/11/23,"Fulton St (A,C,J,Z,2,3,4,5)",628,Manhattan,55851
12/10/23,"Fulton St (A,C,J,Z,2,3,4,5)",628,Manhattan,27920
12/9/23,"Fulton St (A,C,J,Z,2,3,4,5)",628,Manhattan,46495
12/8/23,"Fulton St (A,C,J,Z,2,3,4,5)",628,Manhattan,56423
12/6/23,"Fulton St (A,C,J,Z,2,3,4,5)",628,Manhattan,67793
12/5/23,"Fulton St (A,C,J,Z,2,3,4,5)",628,Manhattan,66906
12/4/23,"Fulton St (A,C,J,Z,2,3,4,5)",628,Manhattan,57559
12/3/23,"Fulton St (A,C,J,Z,2,3,4,5)",628,Manhattan,25750
12/2/23,"Fulton St (A,C,J,Z,2,3,4,5)",628,Manhattan,41611
12/1/23,"Fulton St (A,C,J,Z,2,3,4,5)",628,Manhattan,54373
11/24/23,"Fulton St (A,C,J,Z,2,3,4,5)",628,Manhattan,24307
11/7/23,"Fulton St (A,C,J,Z,2,3,4,5)",628,Manhattan,66009
12/31/23,Fulton St (G),292,Brooklyn,54
12/30/23,Fulton St (G),292,Brooklyn,3078
12/29/23,Fulton St (G),292,Brooklyn,3732
12/28/23,Fulton St (G),292,Brooklyn,3164
12/27/23,Fulton St (G),292,Brooklyn,3186
12/26/23,Fulton St (G),292,Brooklyn,2482
12/25/23,Fulton St (G),292,Brooklyn,861
12/23/23,Fulton St (G),292,Brooklyn,3037
12/22/23,Fulton St (G),292,Brooklyn,5376
12/21/23,Fulton St (G),292,Brooklyn,4931
12/20/23,Fulton St (G),292,Brooklyn,5308
12/19/23,Fulton St (G),292,Brooklyn,4547
12/18/23,Fulton St (G),292,Brooklyn,4975
12/17/23,Fulton St (G),292,Brooklyn,3258
12/16/23,Fulton St (G),292,Brooklyn,3988
12/15/23,Fulton St (G),292,Brooklyn,6321
12/14/23,Fulton St (G),292,Brooklyn,5754
12/13/23,Fulton St (G),292,Brooklyn,5441
12/12/23,Fulton St (G),292,Brooklyn,5510
12/11/23,Fulton St (G),292,Brooklyn,4864
12/10/23,Fulton St (G),292,Brooklyn,3034
12/9/23,Fulton St (G),292,Brooklyn,4772
12/8/23,Fulton St (G),292,Brooklyn,6422
12/6/23,Fulton St (G),292,Brooklyn,5481
12/5/23,Fulton St (G),292,Brooklyn,5128
12/4/23,Fulton St (G),292,Brooklyn,4952
12/3/23,Fulton St (G),292,Brooklyn,3467
12/2/23,Fulton St (G),292,Brooklyn,5175
12/1/23,Fulton St (G),292,Brooklyn,5937
11/24/23,Fulton St (G),292,Brooklyn,1748
11/7/23,Fulton St (G),292,Brooklyn,4803
12/31/23,"Gates Av (J,Z)",95,Brooklyn,24
12/30/23,"Gates Av (J,Z)",95,Brooklyn,3040
12/29/23,"Gates Av (J,Z)",95,Brooklyn,3643
12/28/23,"Gates Av (J,Z)",95,Brooklyn,3237
12/27/23,"Gates Av (J,Z)",95,Brooklyn,3070
12/26/23,"Gates Av (J,Z)",95,Brooklyn,2768
12/25/23,"Gates Av (J,Z)",95,Brooklyn,1442
12/23/23,"Gates Av (J,Z)",95,Brooklyn,2806
12/22/23,"Gates Av (J,Z)",95,Brooklyn,3951
12/21/23,"Gates Av (J,Z)",95,Brooklyn,4343
12/20/23,"Gates Av (J,Z)",95,Brooklyn,4533
12/19/23,"Gates Av (J,Z)",95,Brooklyn,4544
12/18/23,"Gates Av (J,Z)",95,Brooklyn,3960
12/17/23,"Gates Av (J,Z)",95,Brooklyn,2304
12/16/23,"Gates Av (J,Z)",95,Brooklyn,3348
12/15/23,"Gates Av (J,Z)",95,Brooklyn,4784
12/14/23,"Gates Av (J,Z)",95,Brooklyn,4920
12/13/23,"Gates Av (J,Z)",95,Brooklyn,4826
12/12/23,"Gates Av (J,Z)",95,Brooklyn,4648
12/11/23,"Gates Av (J,Z)",95,Brooklyn,4036
12/10/23,"Gates Av (J,Z)",95,Brooklyn,2193
12/9/23,"Gates Av (J,Z)",95,Brooklyn,3620
12/8/23,"Gates Av (J,Z)",95,Brooklyn,4788
12/6/23,"Gates Av (J,Z)",95,Brooklyn,4716
12/5/23,"Gates Av (J,Z)",95,Brooklyn,4995
12/4/23,"Gates Av (J,Z)",95,Brooklyn,4659
12/3/23,"Gates Av (J,Z)",95,Brooklyn,2641
12/2/23,"Gates Av (J,Z)",95,Brooklyn,3739
12/1/23,"Gates Av (J,Z)",95,Brooklyn,4612
11/24/23,"Gates Av (J,Z)",95,Brooklyn,1926
11/7/23,"Gates Av (J,Z)",95,Brooklyn,4974
12/31/23,Graham Av (L),122,Brooklyn,74
12/30/23,Graham Av (L),122,Brooklyn,4715
12/29/23,Graham Av (L),122,Brooklyn,5858
12/28/23,Graham Av (L),122,Brooklyn,4864
12/27/23,Graham Av (L),122,Brooklyn,4286
12/26/23,Graham Av (L),122,Brooklyn,3455
12/25/23,Graham Av (L),122,Brooklyn,1422
12/23/23,Graham Av (L),122,Brooklyn,3465
12/22/23,Graham Av (L),122,Brooklyn,5649
12/21/23,Graham Av (L),122,Brooklyn,6684
12/20/23,Graham Av (L),122,Brooklyn,6756
12/19/23,Graham Av (L),122,Brooklyn,7347
12/18/23,Graham Av (L),122,Brooklyn,6034
12/17/23,Graham Av (L),122,Brooklyn,4225
12/16/23,Graham Av (L),122,Brooklyn,6188
12/15/23,Graham Av (L),122,Brooklyn,7233
12/14/23,Graham Av (L),122,Brooklyn,7965
12/13/23,Graham Av (L),122,Brooklyn,7916
12/12/23,Graham Av (L),122,Brooklyn,8185
12/11/23,Graham Av (L),122,Brooklyn,6754
12/10/23,Graham Av (L),122,Brooklyn,4185
12/9/23,Graham Av (L),122,Brooklyn,6310
12/8/23,Graham Av (L),122,Brooklyn,7503
12/6/23,Graham Av (L),122,Brooklyn,7987
12/5/23,Graham Av (L),122,Brooklyn,7840
12/4/23,Graham Av (L),122,Brooklyn,6827
12/3/23,Graham Av (L),122,Brooklyn,4236
12/2/23,Graham Av (L),122,Brooklyn,6244
12/1/23,Graham Av (L),122,Brooklyn,7364
11/24/23,Graham Av (L),122,Brooklyn,2015
11/7/23,Graham Av (L),122,Brooklyn,8030
12/31/23,"Grand Army Plaza (2,3)",340,Brooklyn,20
12/30/23,"Grand Army Plaza (2,3)",340,Brooklyn,2935
12/29/23,"Grand Army Plaza (2,3)",340,Brooklyn,3495
12/28/23,"Grand Army Plaza (2,3)",340,Brooklyn,3292
12/27/23,"Grand Army Plaza (2,3)",340,Brooklyn,3065
12/26/23,"Grand Army Plaza (2,3)",340,Brooklyn,2541
12/25/23,"Grand Army Plaza (2,3)",340,Brooklyn,1153
12/23/23,"Grand Army Plaza (2,3)",340,Brooklyn,2744
12/22/23,"Grand Army Plaza (2,3)",340,Brooklyn,4515
12/21/23,"Grand Army Plaza (2,3)",340,Brooklyn,5272
12/20/23,"Grand Army Plaza (2,3)",340,Brooklyn,5537
12/19/23,"Grand Army Plaza (2,3)",340,Brooklyn,5621
12/18/23,"Grand Army Plaza (2,3)",340,Brooklyn,4768
12/17/23,"Grand Army Plaza (2,3)",340,Brooklyn,2778
12/16/23,"Grand Army Plaza (2,3)",340,Brooklyn,4212
12/15/23,"Grand Army Plaza (2,3)",340,Brooklyn,5517
12/14/23,"Grand Army Plaza (2,3)",340,Brooklyn,6064
12/13/23,"Grand Army Plaza (2,3)",340,Brooklyn,5968
12/12/23,"Grand Army Plaza (2,3)",340,Brooklyn,5987
12/11/23,"Grand Army Plaza (2,3)",340,Brooklyn,5316
12/10/23,"Grand Army Plaza (2,3)",340,Brooklyn,2788
12/9/23,"Grand Army Plaza (2,3)",340,Brooklyn,4670
12/8/23,"Grand Army Plaza (2,3)",340,Brooklyn,5496
12/6/23,"Grand Army Plaza (2,3)",340,Brooklyn,6104
12/5/23,"Grand Army Plaza (2,3)",340,Brooklyn,6065
12/4/23,"Grand Army Plaza (2,3)",340,Brooklyn,5941
12/3/23,"Grand Army Plaza (2,3)",340,Brooklyn,2573
12/2/23,"Grand Army Plaza (2,3)",340,Brooklyn,4280
12/1/23,"Grand Army Plaza (2,3)",340,Brooklyn,5573
11/24/23,"Grand Army Plaza (2,3)",340,Brooklyn,1865
11/7/23,"Grand Army Plaza (2,3)",340,Brooklyn,6183
12/31/23,"Grand Av-Newtown (M,R)",265,Queens,27
12/30/23,"Grand Av-Newtown (M,R)",265,Queens,8477
12/29/23,"Grand Av-Newtown (M,R)",265,Queens,12764
12/28/23,"Grand Av-Newtown (M,R)",265,Queens,12422
12/27/23,"Grand Av-Newtown (M,R)",265,Queens,12355
12/26/23,"Grand Av-Newtown (M,R)",265,Queens,11851
12/25/23,"Grand Av-Newtown (M,R)",265,Queens,4798
12/23/23,"Grand Av-Newtown (M,R)",265,Queens,9082
12/22/23,"Grand Av-Newtown (M,R)",265,Queens,14608
12/21/23,"Grand Av-Newtown (M,R)",265,Queens,15532
12/20/23,"Grand Av-Newtown (M,R)",265,Queens,15882
12/19/23,"Grand Av-Newtown (M,R)",265,Queens,16085
12/18/23,"Grand Av-Newtown (M,R)",265,Queens,14615
12/17/23,"Grand Av-Newtown (M,R)",265,Queens,6523
12/16/23,"Grand Av-Newtown (M,R)",265,Queens,9424
12/15/23,"Grand Av-Newtown (M,R)",265,Queens,16013
12/14/23,"Grand Av-Newtown (M,R)",265,Queens,15905
12/13/23,"Grand Av-Newtown (M,R)",265,Queens,15902
12/12/23,"Grand Av-Newtown (M,R)",265,Queens,16020
12/11/23,"Grand Av-Newtown (M,R)",265,Queens,15320
12/10/23,"Grand Av-Newtown (M,R)",265,Queens,6085
12/9/23,"Grand Av-Newtown (M,R)",265,Queens,9532
12/8/23,"Grand Av-Newtown (M,R)",265,Queens,15783
12/6/23,"Grand Av-Newtown (M,R)",265,Queens,16236
12/5/23,"Grand Av-Newtown (M,R)",265,Queens,16422
12/4/23,"Grand Av-Newtown (M,R)",265,Queens,15680
12/3/23,"Grand Av-Newtown (M,R)",265,Queens,6099
12/2/23,"Grand Av-Newtown (M,R)",265,Queens,9478
12/1/23,"Grand Av-Newtown (M,R)",265,Queens,15388
11/24/23,"Grand Av-Newtown (M,R)",265,Queens,6662
11/7/23,"Grand Av-Newtown (M,R)",265,Queens,16105
12/31/23,"Grand Central-42 St (S,4,5,6,7)",610,Manhattan,838
12/30/23,"Grand Central-42 St (S,4,5,6,7)",610,Manhattan,62079
12/29/23,"Grand Central-42 St (S,4,5,6,7)",610,Manhattan,83096
12/28/23,"Grand Central-42 St (S,4,5,6,7)",610,Manhattan,85321
12/27/23,"Grand Central-42 St (S,4,5,6,7)",610,Manhattan,83498
12/26/23,"Grand Central-42 St (S,4,5,6,7)",610,Manhattan,75511
12/25/23,"Grand Central-42 St (S,4,5,6,7)",610,Manhattan,35466
12/23/23,"Grand Central-42 St (S,4,5,6,7)",610,Manhattan,54046
12/22/23,"Grand Central-42 St (S,4,5,6,7)",610,Manhattan,85823
12/21/23,"Grand Central-42 St (S,4,5,6,7)",610,Manhattan,105577
12/20/23,"Grand Central-42 St (S,4,5,6,7)",610,Manhattan,113132
12/19/23,"Grand Central-42 St (S,4,5,6,7)",610,Manhattan,119870
12/18/23,"Grand Central-42 St (S,4,5,6,7)",610,Manhattan,95974
12/17/23,"Grand Central-42 St (S,4,5,6,7)",610,Manhattan,48675
12/16/23,"Grand Central-42 St (S,4,5,6,7)",610,Manhattan,77139
12/15/23,"Grand Central-42 St (S,4,5,6,7)",610,Manhattan,103846
12/14/23,"Grand Central-42 St (S,4,5,6,7)",610,Manhattan,126598
12/13/23,"Grand Central-42 St (S,4,5,6,7)",610,Manhattan,127620
12/12/23,"Grand Central-42 St (S,4,5,6,7)",610,Manhattan,127795
12/11/23,"Grand Central-42 St (S,4,5,6,7)",610,Manhattan,106423
12/10/23,"Grand Central-42 St (S,4,5,6,7)",610,Manhattan,47792
12/9/23,"Grand Central-42 St (S,4,5,6,7)",610,Manhattan,75308
12/8/23,"Grand Central-42 St (S,4,5,6,7)",610,Manhattan,100623
12/6/23,"Grand Central-42 St (S,4,5,6,7)",610,Manhattan,128052
12/5/23,"Grand Central-42 St (S,4,5,6,7)",610,Manhattan,126308
12/4/23,"Grand Central-42 St (S,4,5,6,7)",610,Manhattan,105355
12/3/23,"Grand Central-42 St (S,4,5,6,7)",610,Manhattan,46329
12/2/23,"Grand Central-42 St (S,4,5,6,7)",610,Manhattan,71403
12/1/23,"Grand Central-42 St (S,4,5,6,7)",610,Manhattan,100456
11/24/23,"Grand Central-42 St (S,4,5,6,7)",610,Manhattan,36655
11/7/23,"Grand Central-42 St (S,4,5,6,7)",610,Manhattan,125332
12/31/23,"Grand St (B,D)",231,Manhattan,251
12/30/23,"Grand St (B,D)",231,Manhattan,15961
12/29/23,"Grand St (B,D)",231,Manhattan,21461
12/28/23,"Grand St (B,D)",231,Manhattan,19088
12/27/23,"Grand St (B,D)",231,Manhattan,17851
12/26/23,"Grand St (B,D)",231,Manhattan,17659
12/25/23,"Grand St (B,D)",231,Manhattan,10713
12/23/23,"Grand St (B,D)",231,Manhattan,14584
12/22/23,"Grand St (B,D)",231,Manhattan,19651
12/21/23,"Grand St (B,D)",231,Manhattan,20134
12/20/23,"Grand St (B,D)",231,Manhattan,20088
12/19/23,"Grand St (B,D)",231,Manhattan,20038
12/18/23,"Grand St (B,D)",231,Manhattan,16498
12/17/23,"Grand St (B,D)",231,Manhattan,10791
12/16/23,"Grand St (B,D)",231,Manhattan,16661
12/15/23,"Grand St (B,D)",231,Manhattan,20911
12/14/23,"Grand St (B,D)",231,Manhattan,19475
12/13/23,"Grand St (B,D)",231,Manhattan,19029
12/12/23,"Grand St (B,D)",231,Manhattan,18952
12/11/23,"Grand St (B,D)",231,Manhattan,17212
12/10/23,"Grand St (B,D)",231,Manhattan,11925
12/9/23,"Grand St (B,D)",231,Manhattan,17762
12/8/23,"Grand St (B,D)",231,Manhattan,21558
12/6/23,"Grand St (B,D)",231,Manhattan,18957
12/5/23,"Grand St (B,D)",231,Manhattan,18610
12/4/23,"Grand St (B,D)",231,Manhattan,18590
12/3/23,"Grand St (B,D)",231,Manhattan,10510
12/2/23,"Grand St (B,D)",231,Manhattan,16246
12/1/23,"Grand St (B,D)",231,Manhattan,19716
11/24/23,"Grand St (B,D)",231,Manhattan,11228
11/7/23,"Grand St (B,D)",231,Manhattan,18625
12/31/23,Grand St (L),123,Brooklyn,47
12/30/23,Grand St (L),123,Brooklyn,3433
12/29/23,Grand St (L),123,Brooklyn,4425
12/28/23,Grand St (L),123,Brooklyn,4354
12/27/23,Grand St (L),123,Brooklyn,3890
12/26/23,Grand St (L),123,Brooklyn,3217
12/25/23,Grand St (L),123,Brooklyn,1043
12/23/23,Grand St (L),123,Brooklyn,2576
12/22/23,Grand St (L),123,Brooklyn,4462
12/21/23,Grand St (L),123,Brooklyn,5237
12/20/23,Grand St (L),123,Brooklyn,5363
12/19/23,Grand St (L),123,Brooklyn,5594
12/18/23,Grand St (L),123,Brooklyn,4855
12/17/23,Grand St (L),123,Brooklyn,2910
12/16/23,Grand St (L),123,Brooklyn,4169
12/15/23,Grand St (L),123,Brooklyn,5527
12/14/23,Grand St (L),123,Brooklyn,5787
12/13/23,Grand St (L),123,Brooklyn,5927
12/12/23,Grand St (L),123,Brooklyn,5550
12/11/23,Grand St (L),123,Brooklyn,5377
12/10/23,Grand St (L),123,Brooklyn,2740
12/9/23,Grand St (L),123,Brooklyn,4019
12/8/23,Grand St (L),123,Brooklyn,5339
12/6/23,Grand St (L),123,Brooklyn,5589
12/5/23,Grand St (L),123,Brooklyn,5691
12/4/23,Grand St (L),123,Brooklyn,5287
12/3/23,Grand St (L),123,Brooklyn,2779
12/2/23,Grand St (L),123,Brooklyn,4094
12/1/23,Grand St (L),123,Brooklyn,5385
11/24/23,Grand St (L),123,Brooklyn,1606
11/7/23,Grand St (L),123,Brooklyn,5512
12/31/23,Grant Av (A),189,Brooklyn,14
12/30/23,Grant Av (A),189,Brooklyn,2282
12/29/23,Grant Av (A),189,Brooklyn,3432
12/28/23,Grant Av (A),189,Brooklyn,3329
12/27/23,Grant Av (A),189,Brooklyn,3201
12/26/23,Grant Av (A),189,Brooklyn,3150
12/25/23,Grant Av (A),189,Brooklyn,1518
12/23/23,Grant Av (A),189,Brooklyn,2330
12/22/23,Grant Av (A),189,Brooklyn,3898
12/21/23,Grant Av (A),189,Brooklyn,4194
12/20/23,Grant Av (A),189,Brooklyn,4331
12/19/23,Grant Av (A),189,Brooklyn,4284
12/18/23,Grant Av (A),189,Brooklyn,3765
12/17/23,Grant Av (A),189,Brooklyn,1748
12/16/23,Grant Av (A),189,Brooklyn,2297
12/15/23,Grant Av (A),189,Brooklyn,4000
12/14/23,Grant Av (A),189,Brooklyn,4139
12/13/23,Grant Av (A),189,Brooklyn,4175
12/12/23,Grant Av (A),189,Brooklyn,4209
12/11/23,Grant Av (A),189,Brooklyn,4045
12/10/23,Grant Av (A),189,Brooklyn,1609
12/9/23,Grant Av (A),189,Brooklyn,2419
12/8/23,Grant Av (A),189,Brooklyn,4136
12/6/23,Grant Av (A),189,Brooklyn,4294
12/5/23,Grant Av (A),189,Brooklyn,4400
12/4/23,Grant Av (A),189,Brooklyn,4254
12/3/23,Grant Av (A),189,Brooklyn,1369
12/2/23,Grant Av (A),189,Brooklyn,1985
12/1/23,Grant Av (A),189,Brooklyn,4108
11/24/23,Grant Av (A),189,Brooklyn,1815
11/7/23,Grant Av (A),189,Brooklyn,4410
12/31/23,Greenpoint Av (G),283,Brooklyn,78
12/30/23,Greenpoint Av (G),283,Brooklyn,5115
12/29/23,Greenpoint Av (G),283,Brooklyn,6445
12/28/23,Greenpoint Av (G),283,Brooklyn,5715
12/27/23,Greenpoint Av (G),283,Brooklyn,5186
12/26/23,Greenpoint Av (G),283,Brooklyn,3990
12/25/23,Greenpoint Av (G),283,Brooklyn,1521
12/23/23,Greenpoint Av (G),283,Brooklyn,4283
12/22/23,Greenpoint Av (G),283,Brooklyn,6839
12/21/23,Greenpoint Av (G),283,Brooklyn,7152
12/20/23,Greenpoint Av (G),283,Brooklyn,7593
12/19/23,Greenpoint Av (G),283,Brooklyn,7369
12/18/23,Greenpoint Av (G),283,Brooklyn,6669
12/17/23,Greenpoint Av (G),283,Brooklyn,5022
12/16/23,Greenpoint Av (G),283,Brooklyn,7377
12/15/23,Greenpoint Av (G),283,Brooklyn,8811
12/14/23,Greenpoint Av (G),283,Brooklyn,9117
12/13/23,Greenpoint Av (G),283,Brooklyn,8853
12/12/23,Greenpoint Av (G),283,Brooklyn,8485
12/11/23,Greenpoint Av (G),283,Brooklyn,7413
12/10/23,Greenpoint Av (G),283,Brooklyn,5114
12/9/23,Greenpoint Av (G),283,Brooklyn,7325
12/8/23,Greenpoint Av (G),283,Brooklyn,8798
12/6/23,Greenpoint Av (G),283,Brooklyn,9096
12/5/23,Greenpoint Av (G),283,Brooklyn,8508
12/4/23,Greenpoint Av (G),283,Brooklyn,7476
12/3/23,Greenpoint Av (G),283,Brooklyn,4978
12/2/23,Greenpoint Av (G),283,Brooklyn,7119
12/1/23,Greenpoint Av (G),283,Brooklyn,8464
11/24/23,Greenpoint Av (G),283,Brooklyn,2526
11/7/23,Greenpoint Av (G),283,Brooklyn,8978
12/31/23,"Gun Hill Rd (2,5)",421,Bronx,26
12/30/23,"Gun Hill Rd (2,5)",421,Bronx,2261
12/29/23,"Gun Hill Rd (2,5)",421,Bronx,3443
12/28/23,"Gun Hill Rd (2,5)",421,Bronx,3328
12/27/23,"Gun Hill Rd (2,5)",421,Bronx,3135
12/26/23,"Gun Hill Rd (2,5)",421,Bronx,3057
12/25/23,"Gun Hill Rd (2,5)",421,Bronx,1597
12/23/23,"Gun Hill Rd (2,5)",421,Bronx,2251
12/22/23,"Gun Hill Rd (2,5)",421,Bronx,3949
12/21/23,"Gun Hill Rd (2,5)",421,Bronx,4150
12/20/23,"Gun Hill Rd (2,5)",421,Bronx,4116
12/19/23,"Gun Hill Rd (2,5)",421,Bronx,4354
12/18/23,"Gun Hill Rd (2,5)",421,Bronx,3716
12/17/23,"Gun Hill Rd (2,5)",421,Bronx,2184
12/16/23,"Gun Hill Rd (2,5)",421,Bronx,2764
12/15/23,"Gun Hill Rd (2,5)",421,Bronx,4415
12/14/23,"Gun Hill Rd (2,5)",421,Bronx,4370
12/13/23,"Gun Hill Rd (2,5)",421,Bronx,4266
12/12/23,"Gun Hill Rd (2,5)",421,Bronx,4309
12/11/23,"Gun Hill Rd (2,5)",421,Bronx,4155
12/10/23,"Gun Hill Rd (2,5)",421,Bronx,2064
12/9/23,"Gun Hill Rd (2,5)",421,Bronx,2706
12/8/23,"Gun Hill Rd (2,5)",421,Bronx,4536
12/6/23,"Gun Hill Rd (2,5)",421,Bronx,4537
12/5/23,"Gun Hill Rd (2,5)",421,Bronx,4491
12/4/23,"Gun Hill Rd (2,5)",421,Bronx,4556
12/3/23,"Gun Hill Rd (2,5)",421,Bronx,1923
12/2/23,"Gun Hill Rd (2,5)",421,Bronx,2846
12/1/23,"Gun Hill Rd (2,5)",421,Bronx,4775
11/24/23,"Gun Hill Rd (2,5)",421,Bronx,1800
11/7/23,"Gun Hill Rd (2,5)",421,Bronx,4351
12/31/23,Gun Hill Rd (5),444,Bronx,2
12/30/23,Gun Hill Rd (5),444,Bronx,1509
12/29/23,Gun Hill Rd (5),444,Bronx,2747
12/28/23,Gun Hill Rd (5),444,Bronx,2704
12/27/23,Gun Hill Rd (5),444,Bronx,2744
12/26/23,Gun Hill Rd (5),444,Bronx,2428
12/25/23,Gun Hill Rd (5),444,Bronx,897
12/23/23,Gun Hill Rd (5),444,Bronx,1453
12/22/23,Gun Hill Rd (5),444,Bronx,2980
12/21/23,Gun Hill Rd (5),444,Bronx,3276
12/20/23,Gun Hill Rd (5),444,Bronx,3491
12/19/23,Gun Hill Rd (5),444,Bronx,3400
12/18/23,Gun Hill Rd (5),444,Bronx,2816
12/17/23,Gun Hill Rd (5),444,Bronx,1074
12/16/23,Gun Hill Rd (5),444,Bronx,1399
12/15/23,Gun Hill Rd (5),444,Bronx,3379
12/14/23,Gun Hill Rd (5),444,Bronx,3595
12/13/23,Gun Hill Rd (5),444,Bronx,3659
12/12/23,Gun Hill Rd (5),444,Bronx,3604
12/11/23,Gun Hill Rd (5),444,Bronx,3208
12/10/23,Gun Hill Rd (5),444,Bronx,959
12/9/23,Gun Hill Rd (5),444,Bronx,1576
12/8/23,Gun Hill Rd (5),444,Bronx,3354
12/6/23,Gun Hill Rd (5),444,Bronx,3450
12/5/23,Gun Hill Rd (5),444,Bronx,3578
12/4/23,Gun Hill Rd (5),444,Bronx,3459
12/3/23,Gun Hill Rd (5),444,Bronx,877
12/2/23,Gun Hill Rd (5),444,Bronx,1531
12/1/23,Gun Hill Rd (5),444,Bronx,3327
11/24/23,Gun Hill Rd (5),444,Bronx,1056
11/7/23,Gun Hill Rd (5),444,Bronx,3452
12/31/23,Halsey St (J),94,Brooklyn,16
12/30/23,Halsey St (J),94,Brooklyn,2527
12/29/23,Halsey St (J),94,Brooklyn,3402
12/28/23,Halsey St (J),94,Brooklyn,2886
12/27/23,Halsey St (J),94,Brooklyn,2596
12/26/23,Halsey St (J),94,Brooklyn,2425
12/25/23,Halsey St (J),94,Brooklyn,1326
12/23/23,Halsey St (J),94,Brooklyn,2311
12/22/23,Halsey St (J),94,Brooklyn,3429
12/21/23,Halsey St (J),94,Brooklyn,3589
12/20/23,Halsey St (J),94,Brooklyn,3873
12/19/23,Halsey St (J),94,Brooklyn,3798
12/18/23,Halsey St (J),94,Brooklyn,3227
12/17/23,Halsey St (J),94,Brooklyn,2062
12/16/23,Halsey St (J),94,Brooklyn,2776
12/15/23,Halsey St (J),94,Brooklyn,4021
12/14/23,Halsey St (J),94,Brooklyn,4324
12/13/23,Halsey St (J),94,Brooklyn,4225
12/12/23,Halsey St (J),94,Brooklyn,3936
12/11/23,Halsey St (J),94,Brooklyn,3566
12/10/23,Halsey St (J),94,Brooklyn,1994
12/9/23,Halsey St (J),94,Brooklyn,2930
12/8/23,Halsey St (J),94,Brooklyn,4101
12/6/23,Halsey St (J),94,Brooklyn,4255
12/5/23,Halsey St (J),94,Brooklyn,4273
12/4/23,Halsey St (J),94,Brooklyn,3959
12/3/23,Halsey St (J),94,Brooklyn,2262
12/2/23,Halsey St (J),94,Brooklyn,3078
12/1/23,Halsey St (J),94,Brooklyn,4069
11/24/23,Halsey St (J),94,Brooklyn,1843
11/7/23,Halsey St (J),94,Brooklyn,4160
12/31/23,Halsey St (L),129,Queens,35
12/30/23,Halsey St (L),129,Queens,3275
12/29/23,Halsey St (L),129,Queens,4607
12/28/23,Halsey St (L),129,Queens,4094
12/27/23,Halsey St (L),129,Queens,3854
12/26/23,Halsey St (L),129,Queens,3330
12/25/23,Halsey St (L),129,Queens,1130
12/23/23,Halsey St (L),129,Queens,3108
12/22/23,Halsey St (L),129,Queens,4905
12/21/23,Halsey St (L),129,Queens,5111
12/20/23,Halsey St (L),129,Queens,4825
12/19/23,Halsey St (L),129,Queens,4693
12/18/23,Halsey St (L),129,Queens,3965
12/17/23,Halsey St (L),129,Queens,2666
12/16/23,Halsey St (L),129,Queens,3999
12/15/23,Halsey St (L),129,Queens,5210
12/14/23,Halsey St (L),129,Queens,5231
12/13/23,Halsey St (L),129,Queens,5045
12/12/23,Halsey St (L),129,Queens,5055
12/11/23,Halsey St (L),129,Queens,4596
12/10/23,Halsey St (L),129,Queens,2689
12/9/23,Halsey St (L),129,Queens,3777
12/8/23,Halsey St (L),129,Queens,4235
12/6/23,Halsey St (L),129,Queens,5722
12/5/23,Halsey St (L),129,Queens,5847
12/4/23,Halsey St (L),129,Queens,5154
12/3/23,Halsey St (L),129,Queens,2771
12/2/23,Halsey St (L),129,Queens,4277
12/1/23,Halsey St (L),129,Queens,4790
11/24/23,Halsey St (L),129,Queens,1716
11/7/23,Halsey St (L),129,Queens,5129
12/31/23,Harlem-148 St (3),436,Manhattan,4
12/30/23,Harlem-148 St (3),436,Manhattan,1244
12/29/23,Harlem-148 St (3),436,Manhattan,1710
12/28/23,Harlem-148 St (3),436,Manhattan,1700
12/27/23,Harlem-148 St (3),436,Manhattan,1637
12/26/23,Harlem-148 St (3),436,Manhattan,1528
12/25/23,Harlem-148 St (3),436,Manhattan,820
12/23/23,Harlem-148 St (3),436,Manhattan,1297
12/22/23,Harlem-148 St (3),436,Manhattan,2201
12/21/23,Harlem-148 St (3),436,Manhattan,2249
12/20/23,Harlem-148 St (3),436,Manhattan,2348
12/19/23,Harlem-148 St (3),436,Manhattan,2276
12/18/23,Harlem-148 St (3),436,Manhattan,1946
12/17/23,Harlem-148 St (3),436,Manhattan,1045
12/16/23,Harlem-148 St (3),436,Manhattan,1468
12/15/23,Harlem-148 St (3),436,Manhattan,2345
12/14/23,Harlem-148 St (3),436,Manhattan,2440
12/13/23,Harlem-148 St (3),436,Manhattan,2417
12/12/23,Harlem-148 St (3),436,Manhattan,2371
12/11/23,Harlem-148 St (3),436,Manhattan,2168
12/10/23,Harlem-148 St (3),436,Manhattan,1034
12/9/23,Harlem-148 St (3),436,Manhattan,1463
12/8/23,Harlem-148 St (3),436,Manhattan,2313
12/6/23,Harlem-148 St (3),436,Manhattan,2427
12/5/23,Harlem-148 St (3),436,Manhattan,2397
12/4/23,Harlem-148 St (3),436,Manhattan,2308
12/3/23,Harlem-148 St (3),436,Manhattan,1057
12/2/23,Harlem-148 St (3),436,Manhattan,1537
12/1/23,Harlem-148 St (3),436,Manhattan,2235
11/24/23,Harlem-148 St (3),436,Manhattan,1071
11/7/23,Harlem-148 St (3),436,Manhattan,2326
12/31/23,"Hewes St (M,J)",100,Brooklyn,30
12/30/23,"Hewes St (M,J)",100,Brooklyn,1114
12/29/23,"Hewes St (M,J)",100,Brooklyn,1555
12/28/23,"Hewes St (M,J)",100,Brooklyn,1384
12/27/23,"Hewes St (M,J)",100,Brooklyn,1250
12/26/23,"Hewes St (M,J)",100,Brooklyn,1097
12/25/23,"Hewes St (M,J)",100,Brooklyn,643
12/23/23,"Hewes St (M,J)",100,Brooklyn,1020
12/22/23,"Hewes St (M,J)",100,Brooklyn,1564
12/21/23,"Hewes St (M,J)",100,Brooklyn,1736
12/20/23,"Hewes St (M,J)",100,Brooklyn,1756
12/19/23,"Hewes St (M,J)",100,Brooklyn,1853
12/18/23,"Hewes St (M,J)",100,Brooklyn,1576
12/17/23,"Hewes St (M,J)",100,Brooklyn,985
12/16/23,"Hewes St (M,J)",100,Brooklyn,1391
12/15/23,"Hewes St (M,J)",100,Brooklyn,1961
12/14/23,"Hewes St (M,J)",100,Brooklyn,1961
12/13/23,"Hewes St (M,J)",100,Brooklyn,1957
12/12/23,"Hewes St (M,J)",100,Brooklyn,1856
12/11/23,"Hewes St (M,J)",100,Brooklyn,1703
12/10/23,"Hewes St (M,J)",100,Brooklyn,1059
12/9/23,"Hewes St (M,J)",100,Brooklyn,1441
12/8/23,"Hewes St (M,J)",100,Brooklyn,2064
12/6/23,"Hewes St (M,J)",100,Brooklyn,2070
12/5/23,"Hewes St (M,J)",100,Brooklyn,1977
12/4/23,"Hewes St (M,J)",100,Brooklyn,1854
12/3/23,"Hewes St (M,J)",100,Brooklyn,1041
12/2/23,"Hewes St (M,J)",100,Brooklyn,1481
12/1/23,"Hewes St (M,J)",100,Brooklyn,2033
11/24/23,"Hewes St (M,J)",100,Brooklyn,878
11/7/23,"Hewes St (M,J)",100,Brooklyn,2173
12/31/23,"High St (A,C)",173,Brooklyn,51
12/30/23,"High St (A,C)",173,Brooklyn,8628
12/29/23,"High St (A,C)",173,Brooklyn,9924
12/28/23,"High St (A,C)",173,Brooklyn,7071
12/27/23,"High St (A,C)",173,Brooklyn,6103
12/26/23,"High St (A,C)",173,Brooklyn,6636
12/25/23,"High St (A,C)",173,Brooklyn,5148
12/23/23,"High St (A,C)",173,Brooklyn,5462
12/22/23,"High St (A,C)",173,Brooklyn,6231
12/21/23,"High St (A,C)",173,Brooklyn,6917
12/20/23,"High St (A,C)",173,Brooklyn,7328
12/19/23,"High St (A,C)",173,Brooklyn,7637
12/18/23,"High St (A,C)",173,Brooklyn,5629
12/17/23,"High St (A,C)",173,Brooklyn,4448
12/16/23,"High St (A,C)",173,Brooklyn,7800
12/15/23,"High St (A,C)",173,Brooklyn,7308
12/14/23,"High St (A,C)",173,Brooklyn,7386
12/13/23,"High St (A,C)",173,Brooklyn,7508
12/12/23,"High St (A,C)",173,Brooklyn,7656
12/11/23,"High St (A,C)",173,Brooklyn,6756
12/10/23,"High St (A,C)",173,Brooklyn,3647
12/9/23,"High St (A,C)",173,Brooklyn,7681
12/8/23,"High St (A,C)",173,Brooklyn,7869
12/6/23,"High St (A,C)",173,Brooklyn,7694
12/5/23,"High St (A,C)",173,Brooklyn,7729
12/4/23,"High St (A,C)",173,Brooklyn,7184
12/3/23,"High St (A,C)",173,Brooklyn,905
12/2/23,"High St (A,C)",173,Brooklyn,1830
12/1/23,"High St (A,C)",173,Brooklyn,6430
11/24/23,"High St (A,C)",173,Brooklyn,3927
11/7/23,"High St (A,C)",173,Brooklyn,7756
12/31/23,Houston St (1),324,Manhattan,102
12/30/23,Houston St (1),324,Manhattan,5205
12/29/23,Houston St (1),324,Manhattan,6399
12/28/23,Houston St (1),324,Manhattan,6474
12/27/23,Houston St (1),324,Manhattan,6097
12/26/23,Houston St (1),324,Manhattan,5122
12/25/23,Houston St (1),324,Manhattan,1888
12/23/23,Houston St (1),324,Manhattan,4034
12/22/23,Houston St (1),324,Manhattan,6693
12/21/23,Houston St (1),324,Manhattan,8698
12/20/23,Houston St (1),324,Manhattan,9823
12/19/23,Houston St (1),324,Manhattan,10647
12/18/23,Houston St (1),324,Manhattan,7219
12/17/23,Houston St (1),324,Manhattan,3962
12/16/23,Houston St (1),324,Manhattan,6383
12/15/23,Houston St (1),324,Manhattan,8785
12/14/23,Houston St (1),324,Manhattan,11175
12/13/23,Houston St (1),324,Manhattan,11211
12/12/23,Houston St (1),324,Manhattan,11401
12/11/23,Houston St (1),324,Manhattan,8327
12/10/23,Houston St (1),324,Manhattan,4235
12/9/23,Houston St (1),324,Manhattan,6816
12/8/23,Houston St (1),324,Manhattan,8568
12/6/23,Houston St (1),324,Manhattan,11753
12/5/23,Houston St (1),324,Manhattan,11549
12/4/23,Houston St (1),324,Manhattan,8404
12/3/23,Houston St (1),324,Manhattan,4428
12/2/23,Houston St (1),324,Manhattan,6709
12/1/23,Houston St (1),324,Manhattan,8135
11/24/23,Houston St (1),324,Manhattan,2739
11/7/23,Houston St (1),324,Manhattan,11169
12/31/23,Howard Beach-JFK Airport (A),198,Queens,32
12/30/23,Howard Beach-JFK Airport (A),198,Queens,2225
12/29/23,Howard Beach-JFK Airport (A),198,Queens,2502
12/28/23,Howard Beach-JFK Airport (A),198,Queens,2573
12/27/23,Howard Beach-JFK Airport (A),198,Queens,2575
12/26/23,Howard Beach-JFK Airport (A),198,Queens,2347
12/25/23,Howard Beach-JFK Airport (A),198,Queens,1596
12/23/23,Howard Beach-JFK Airport (A),198,Queens,1794
12/22/23,Howard Beach-JFK Airport (A),198,Queens,2283
12/21/23,Howard Beach-JFK Airport (A),198,Queens,2156
12/20/23,Howard Beach-JFK Airport (A),198,Queens,2182
12/19/23,Howard Beach-JFK Airport (A),198,Queens,2179
12/18/23,Howard Beach-JFK Airport (A),198,Queens,2094
12/17/23,Howard Beach-JFK Airport (A),198,Queens,1688
12/16/23,Howard Beach-JFK Airport (A),198,Queens,2054
12/15/23,Howard Beach-JFK Airport (A),198,Queens,2196
12/14/23,Howard Beach-JFK Airport (A),198,Queens,2039
12/13/23,Howard Beach-JFK Airport (A),198,Queens,2008
12/12/23,Howard Beach-JFK Airport (A),198,Queens,2009
12/11/23,Howard Beach-JFK Airport (A),198,Queens,1885
12/10/23,Howard Beach-JFK Airport (A),198,Queens,111
12/9/23,Howard Beach-JFK Airport (A),198,Queens,119
12/8/23,Howard Beach-JFK Airport (A),198,Queens,2251
12/6/23,Howard Beach-JFK Airport (A),198,Queens,1992
12/5/23,Howard Beach-JFK Airport (A),198,Queens,1971
12/4/23,Howard Beach-JFK Airport (A),198,Queens,1954
12/3/23,Howard Beach-JFK Airport (A),198,Queens,1069
12/2/23,Howard Beach-JFK Airport (A),198,Queens,1246
12/1/23,Howard Beach-JFK Airport (A),198,Queens,2304
11/24/23,Howard Beach-JFK Airport (A),198,Queens,1690
11/7/23,Howard Beach-JFK Airport (A),198,Queens,2180
12/31/23,"Hoyt St (2,3)",336,Brooklyn,45
12/30/23,"Hoyt St (2,3)",336,Brooklyn,4129
12/29/23,"Hoyt St (2,3)",336,Brooklyn,5274
12/28/23,"Hoyt St (2,3)",336,Brooklyn,5086
12/27/23,"Hoyt St (2,3)",336,Brooklyn,4836
12/26/23,"Hoyt St (2,3)",336,Brooklyn,4462
12/25/23,"Hoyt St (2,3)",336,Brooklyn,1359
12/23/23,"Hoyt St (2,3)",336,Brooklyn,4520
12/22/23,"Hoyt St (2,3)",336,Brooklyn,6761
12/21/23,"Hoyt St (2,3)",336,Brooklyn,6787
12/20/23,"Hoyt St (2,3)",336,Brooklyn,6852
12/19/23,"Hoyt St (2,3)",336,Brooklyn,6940
12/18/23,"Hoyt St (2,3)",336,Brooklyn,5892
12/17/23,"Hoyt St (2,3)",336,Brooklyn,3933
12/16/23,"Hoyt St (2,3)",336,Brooklyn,4942
12/15/23,"Hoyt St (2,3)",336,Brooklyn,6432
12/14/23,"Hoyt St (2,3)",336,Brooklyn,6187
12/13/23,"Hoyt St (2,3)",336,Brooklyn,6077
12/12/23,"Hoyt St (2,3)",336,Brooklyn,6338
12/11/23,"Hoyt St (2,3)",336,Brooklyn,5843
12/10/23,"Hoyt St (2,3)",336,Brooklyn,3551
12/9/23,"Hoyt St (2,3)",336,Brooklyn,4968
12/8/23,"Hoyt St (2,3)",336,Brooklyn,6013
12/6/23,"Hoyt St (2,3)",336,Brooklyn,6125
12/5/23,"Hoyt St (2,3)",336,Brooklyn,6281
12/4/23,"Hoyt St (2,3)",336,Brooklyn,5891
12/3/23,"Hoyt St (2,3)",336,Brooklyn,5245
12/2/23,"Hoyt St (2,3)",336,Brooklyn,7248
12/1/23,"Hoyt St (2,3)",336,Brooklyn,6003
11/24/23,"Hoyt St (2,3)",336,Brooklyn,3524
11/7/23,"Hoyt St (2,3)",336,Brooklyn,6090
12/31/23,"Hoyt-Schermerhorn Sts (A,C,G)",175,Brooklyn,96
12/30/23,"Hoyt-Schermerhorn Sts (A,C,G)",175,Brooklyn,6333
12/29/23,"Hoyt-Schermerhorn Sts (A,C,G)",175,Brooklyn,8097
12/28/23,"Hoyt-Schermerhorn Sts (A,C,G)",175,Brooklyn,7492
12/27/23,"Hoyt-Schermerhorn Sts (A,C,G)",175,Brooklyn,6956
12/26/23,"Hoyt-Schermerhorn Sts (A,C,G)",175,Brooklyn,6101
12/25/23,"Hoyt-Schermerhorn Sts (A,C,G)",175,Brooklyn,2229
12/23/23,"Hoyt-Schermerhorn Sts (A,C,G)",175,Brooklyn,5854
12/22/23,"Hoyt-Schermerhorn Sts (A,C,G)",175,Brooklyn,8911
12/21/23,"Hoyt-Schermerhorn Sts (A,C,G)",175,Brooklyn,8891
12/20/23,"Hoyt-Schermerhorn Sts (A,C,G)",175,Brooklyn,9277
12/19/23,"Hoyt-Schermerhorn Sts (A,C,G)",175,Brooklyn,9623
12/18/23,"Hoyt-Schermerhorn Sts (A,C,G)",175,Brooklyn,8464
12/17/23,"Hoyt-Schermerhorn Sts (A,C,G)",175,Brooklyn,5945
12/16/23,"Hoyt-Schermerhorn Sts (A,C,G)",175,Brooklyn,7811
12/15/23,"Hoyt-Schermerhorn Sts (A,C,G)",175,Brooklyn,9944
12/14/23,"Hoyt-Schermerhorn Sts (A,C,G)",175,Brooklyn,8784
12/13/23,"Hoyt-Schermerhorn Sts (A,C,G)",175,Brooklyn,9145
12/12/23,"Hoyt-Schermerhorn Sts (A,C,G)",175,Brooklyn,9769
12/11/23,"Hoyt-Schermerhorn Sts (A,C,G)",175,Brooklyn,8849
12/10/23,"Hoyt-Schermerhorn Sts (A,C,G)",175,Brooklyn,5606
12/9/23,"Hoyt-Schermerhorn Sts (A,C,G)",175,Brooklyn,8432
12/8/23,"Hoyt-Schermerhorn Sts (A,C,G)",175,Brooklyn,10164
12/6/23,"Hoyt-Schermerhorn Sts (A,C,G)",175,Brooklyn,9908
12/5/23,"Hoyt-Schermerhorn Sts (A,C,G)",175,Brooklyn,9600
12/4/23,"Hoyt-Schermerhorn Sts (A,C,G)",175,Brooklyn,9175
12/3/23,"Hoyt-Schermerhorn Sts (A,C,G)",175,Brooklyn,3305
12/2/23,"Hoyt-Schermerhorn Sts (A,C,G)",175,Brooklyn,4925
12/1/23,"Hoyt-Schermerhorn Sts (A,C,G)",175,Brooklyn,10006
11/24/23,"Hoyt-Schermerhorn Sts (A,C,G)",175,Brooklyn,3757
11/7/23,"Hoyt-Schermerhorn Sts (A,C,G)",175,Brooklyn,9875
12/31/23,Hunters Point Av (7),463,Queens,16
12/30/23,Hunters Point Av (7),463,Queens,891
12/29/23,Hunters Point Av (7),463,Queens,2651
12/28/23,Hunters Point Av (7),463,Queens,3048
12/27/23,Hunters Point Av (7),463,Queens,3171
12/26/23,Hunters Point Av (7),463,Queens,2541
12/25/23,Hunters Point Av (7),463,Queens,390
12/23/23,Hunters Point Av (7),463,Queens,834
12/22/23,Hunters Point Av (7),463,Queens,3323
12/21/23,Hunters Point Av (7),463,Queens,4247
12/20/23,Hunters Point Av (7),463,Queens,4259
12/19/23,Hunters Point Av (7),463,Queens,4371
12/18/23,Hunters Point Av (7),463,Queens,3594
12/17/23,Hunters Point Av (7),463,Queens,644
12/16/23,Hunters Point Av (7),463,Queens,1219
12/15/23,Hunters Point Av (7),463,Queens,3399
12/14/23,Hunters Point Av (7),463,Queens,4461
12/13/23,Hunters Point Av (7),463,Queens,4632
12/12/23,Hunters Point Av (7),463,Queens,4514
12/11/23,Hunters Point Av (7),463,Queens,4394
12/10/23,Hunters Point Av (7),463,Queens,711
12/9/23,Hunters Point Av (7),463,Queens,1224
12/8/23,Hunters Point Av (7),463,Queens,3915
12/6/23,Hunters Point Av (7),463,Queens,4800
12/5/23,Hunters Point Av (7),463,Queens,4712
12/4/23,Hunters Point Av (7),463,Queens,4413
12/3/23,Hunters Point Av (7),463,Queens,681
12/2/23,Hunters Point Av (7),463,Queens,1142
12/1/23,Hunters Point Av (7),463,Queens,4093
11/24/23,Hunters Point Av (7),463,Queens,542
11/7/23,Hunters Point Av (7),463,Queens,4665
12/31/23,Hunts Point Av (6),371,Bronx,60
12/30/23,Hunts Point Av (6),371,Bronx,3687
12/29/23,Hunts Point Av (6),371,Bronx,5683
12/28/23,Hunts Point Av (6),371,Bronx,5616
12/27/23,Hunts Point Av (6),371,Bronx,6030
12/26/23,Hunts Point Av (6),371,Bronx,5086
12/25/23,Hunts Point Av (6),371,Bronx,1996
12/23/23,Hunts Point Av (6),371,Bronx,3601
12/22/23,Hunts Point Av (6),371,Bronx,6709
12/21/23,Hunts Point Av (6),371,Bronx,7323
12/20/23,Hunts Point Av (6),371,Bronx,7217
12/19/23,Hunts Point Av (6),371,Bronx,7686
12/18/23,Hunts Point Av (6),371,Bronx,6411
12/17/23,Hunts Point Av (6),371,Bronx,2646
12/16/23,Hunts Point Av (6),371,Bronx,3941
12/15/23,Hunts Point Av (6),371,Bronx,7901
12/14/23,Hunts Point Av (6),371,Bronx,8177
12/13/23,Hunts Point Av (6),371,Bronx,8081
12/12/23,Hunts Point Av (6),371,Bronx,7745
12/11/23,Hunts Point Av (6),371,Bronx,6982
12/10/23,Hunts Point Av (6),371,Bronx,2405
12/9/23,Hunts Point Av (6),371,Bronx,3822
12/8/23,Hunts Point Av (6),371,Bronx,7684
12/6/23,Hunts Point Av (6),371,Bronx,8038
12/5/23,Hunts Point Av (6),371,Bronx,8280
12/4/23,Hunts Point Av (6),371,Bronx,7519
12/3/23,Hunts Point Av (6),371,Bronx,2469
12/2/23,Hunts Point Av (6),371,Bronx,3604
12/1/23,Hunts Point Av (6),371,Bronx,7155
11/24/23,Hunts Point Av (6),371,Bronx,2688
11/7/23,Hunts Point Av (6),371,Bronx,7988
12/31/23,"Intervale Av (2,5)",431,Bronx,12
12/30/23,"Intervale Av (2,5)",431,Bronx,816
12/29/23,"Intervale Av (2,5)",431,Bronx,1500
12/28/23,"Intervale Av (2,5)",431,Bronx,1372
12/27/23,"Intervale Av (2,5)",431,Bronx,1226
12/26/23,"Intervale Av (2,5)",431,Bronx,1323
12/25/23,"Intervale Av (2,5)",431,Bronx,569
12/23/23,"Intervale Av (2,5)",431,Bronx,913
12/22/23,"Intervale Av (2,5)",431,Bronx,1716
12/21/23,"Intervale Av (2,5)",431,Bronx,1878
12/20/23,"Intervale Av (2,5)",431,Bronx,1800
12/19/23,"Intervale Av (2,5)",431,Bronx,1924
12/18/23,"Intervale Av (2,5)",431,Bronx,1623
12/17/23,"Intervale Av (2,5)",431,Bronx,766
12/16/23,"Intervale Av (2,5)",431,Bronx,963
12/15/23,"Intervale Av (2,5)",431,Bronx,1892
12/14/23,"Intervale Av (2,5)",431,Bronx,1924
12/13/23,"Intervale Av (2,5)",431,Bronx,1764
12/12/23,"Intervale Av (2,5)",431,Bronx,1927
12/11/23,"Intervale Av (2,5)",431,Bronx,1865
12/10/23,"Intervale Av (2,5)",431,Bronx,702
12/9/23,"Intervale Av (2,5)",431,Bronx,970
12/8/23,"Intervale Av (2,5)",431,Bronx,1920
12/6/23,"Intervale Av (2,5)",431,Bronx,1870
12/5/23,"Intervale Av (2,5)",431,Bronx,2029
12/4/23,"Intervale Av (2,5)",431,Bronx,2022
12/3/23,"Intervale Av (2,5)",431,Bronx,646
12/2/23,"Intervale Av (2,5)",431,Bronx,1050
12/1/23,"Intervale Av (2,5)",431,Bronx,2041
11/24/23,"Intervale Av (2,5)",431,Bronx,671
11/7/23,"Intervale Av (2,5)",431,Bronx,1968
12/31/23,Inwood-207 St (A),143,Manhattan,31
12/30/23,Inwood-207 St (A),143,Manhattan,3743
12/29/23,Inwood-207 St (A),143,Manhattan,5171
12/28/23,Inwood-207 St (A),143,Manhattan,4847
12/27/23,Inwood-207 St (A),143,Manhattan,4671
12/26/23,Inwood-207 St (A),143,Manhattan,4053
12/25/23,Inwood-207 St (A),143,Manhattan,1734
12/23/23,Inwood-207 St (A),143,Manhattan,3672
12/22/23,Inwood-207 St (A),143,Manhattan,5538
12/21/23,Inwood-207 St (A),143,Manhattan,6339
12/20/23,Inwood-207 St (A),143,Manhattan,6362
12/19/23,Inwood-207 St (A),143,Manhattan,6144
12/18/23,Inwood-207 St (A),143,Manhattan,5779
12/17/23,Inwood-207 St (A),143,Manhattan,6127
12/16/23,Inwood-207 St (A),143,Manhattan,8885
12/15/23,Inwood-207 St (A),143,Manhattan,6518
12/14/23,Inwood-207 St (A),143,Manhattan,6692
12/13/23,Inwood-207 St (A),143,Manhattan,6778
12/12/23,Inwood-207 St (A),143,Manhattan,6504
12/11/23,Inwood-207 St (A),143,Manhattan,6119
12/10/23,Inwood-207 St (A),143,Manhattan,2768
12/9/23,Inwood-207 St (A),143,Manhattan,4257
12/8/23,Inwood-207 St (A),143,Manhattan,6336
12/6/23,Inwood-207 St (A),143,Manhattan,6509
12/5/23,Inwood-207 St (A),143,Manhattan,6615
12/4/23,Inwood-207 St (A),143,Manhattan,5961
12/3/23,Inwood-207 St (A),143,Manhattan,2704
12/2/23,Inwood-207 St (A),143,Manhattan,4149
12/1/23,Inwood-207 St (A),143,Manhattan,6354
11/24/23,Inwood-207 St (A),143,Manhattan,2674
11/7/23,Inwood-207 St (A),143,Manhattan,6445
12/31/23,"Jackson Av (2,5)",433,Bronx,12
12/30/23,"Jackson Av (2,5)",433,Bronx,1477
12/29/23,"Jackson Av (2,5)",433,Bronx,2294
12/28/23,"Jackson Av (2,5)",433,Bronx,2154
12/27/23,"Jackson Av (2,5)",433,Bronx,1629
12/26/23,"Jackson Av (2,5)",433,Bronx,1963
12/25/23,"Jackson Av (2,5)",433,Bronx,1035
12/23/23,"Jackson Av (2,5)",433,Bronx,1582
12/22/23,"Jackson Av (2,5)",433,Bronx,2660
12/21/23,"Jackson Av (2,5)",433,Bronx,2913
12/20/23,"Jackson Av (2,5)",433,Bronx,2928
12/19/23,"Jackson Av (2,5)",433,Bronx,2927
12/18/23,"Jackson Av (2,5)",433,Bronx,2715
12/17/23,"Jackson Av (2,5)",433,Bronx,968
12/16/23,"Jackson Av (2,5)",433,Bronx,1465
12/15/23,"Jackson Av (2,5)",433,Bronx,3210
12/14/23,"Jackson Av (2,5)",433,Bronx,3190
12/13/23,"Jackson Av (2,5)",433,Bronx,2601
12/12/23,"Jackson Av (2,5)",433,Bronx,3206
12/11/23,"Jackson Av (2,5)",433,Bronx,3172
12/10/23,"Jackson Av (2,5)",433,Bronx,1123
12/9/23,"Jackson Av (2,5)",433,Bronx,1727
12/8/23,"Jackson Av (2,5)",433,Bronx,3366
12/6/23,"Jackson Av (2,5)",433,Bronx,3347
12/5/23,"Jackson Av (2,5)",433,Bronx,3268
12/4/23,"Jackson Av (2,5)",433,Bronx,3273
12/3/23,"Jackson Av (2,5)",433,Bronx,1236
12/2/23,"Jackson Av (2,5)",433,Bronx,1745
12/1/23,"Jackson Av (2,5)",433,Bronx,3317
11/24/23,"Jackson Av (2,5)",433,Bronx,1117
11/7/23,"Jackson Av (2,5)",433,Bronx,3301
12/31/23,"Jamaica Center-Parsons/Archer (E,J,Z)",278,Queens,95
12/30/23,"Jamaica Center-Parsons/Archer (E,J,Z)",278,Queens,11888
12/29/23,"Jamaica Center-Parsons/Archer (E,J,Z)",278,Queens,21506
12/28/23,"Jamaica Center-Parsons/Archer (E,J,Z)",278,Queens,21525
12/27/23,"Jamaica Center-Parsons/Archer (E,J,Z)",278,Queens,20502
12/26/23,"Jamaica Center-Parsons/Archer (E,J,Z)",278,Queens,18894
12/25/23,"Jamaica Center-Parsons/Archer (E,J,Z)",278,Queens,6663
12/23/23,"Jamaica Center-Parsons/Archer (E,J,Z)",278,Queens,12134
12/22/23,"Jamaica Center-Parsons/Archer (E,J,Z)",278,Queens,24269
12/21/23,"Jamaica Center-Parsons/Archer (E,J,Z)",278,Queens,25966
12/20/23,"Jamaica Center-Parsons/Archer (E,J,Z)",278,Queens,27519
12/19/23,"Jamaica Center-Parsons/Archer (E,J,Z)",278,Queens,26643
12/18/23,"Jamaica Center-Parsons/Archer (E,J,Z)",278,Queens,23677
12/17/23,"Jamaica Center-Parsons/Archer (E,J,Z)",278,Queens,7019
12/16/23,"Jamaica Center-Parsons/Archer (E,J,Z)",278,Queens,11389
12/15/23,"Jamaica Center-Parsons/Archer (E,J,Z)",278,Queens,25905
12/14/23,"Jamaica Center-Parsons/Archer (E,J,Z)",278,Queens,27497
12/13/23,"Jamaica Center-Parsons/Archer (E,J,Z)",278,Queens,27946
12/12/23,"Jamaica Center-Parsons/Archer (E,J,Z)",278,Queens,27867
12/11/23,"Jamaica Center-Parsons/Archer (E,J,Z)",278,Queens,26428
12/10/23,"Jamaica Center-Parsons/Archer (E,J,Z)",278,Queens,7095
12/9/23,"Jamaica Center-Parsons/Archer (E,J,Z)",278,Queens,11405
12/8/23,"Jamaica Center-Parsons/Archer (E,J,Z)",278,Queens,26575
12/6/23,"Jamaica Center-Parsons/Archer (E,J,Z)",278,Queens,28546
12/5/23,"Jamaica Center-Parsons/Archer (E,J,Z)",278,Queens,29420
12/4/23,"Jamaica Center-Parsons/Archer (E,J,Z)",278,Queens,28289
12/3/23,"Jamaica Center-Parsons/Archer (E,J,Z)",278,Queens,7023
12/2/23,"Jamaica Center-Parsons/Archer (E,J,Z)",278,Queens,11053
12/1/23,"Jamaica Center-Parsons/Archer (E,J,Z)",278,Queens,26179
11/24/23,"Jamaica Center-Parsons/Archer (E,J,Z)",278,Queens,8362
11/7/23,"Jamaica Center-Parsons/Archer (E,J,Z)",278,Queens,27687
12/31/23,Jamaica-179 St (F),254,Queens,29
12/30/23,Jamaica-179 St (F),254,Queens,7860
12/29/23,Jamaica-179 St (F),254,Queens,14549
12/28/23,Jamaica-179 St (F),254,Queens,14462
12/27/23,Jamaica-179 St (F),254,Queens,14540
12/26/23,Jamaica-179 St (F),254,Queens,13713
12/25/23,Jamaica-179 St (F),254,Queens,4792
12/23/23,Jamaica-179 St (F),254,Queens,8121
12/22/23,Jamaica-179 St (F),254,Queens,15718
12/21/23,Jamaica-179 St (F),254,Queens,17901
12/20/23,Jamaica-179 St (F),254,Queens,18752
12/19/23,Jamaica-179 St (F),254,Queens,19032
12/18/23,Jamaica-179 St (F),254,Queens,15976
12/17/23,Jamaica-179 St (F),254,Queens,5402
12/16/23,Jamaica-179 St (F),254,Queens,8978
12/15/23,Jamaica-179 St (F),254,Queens,17507
12/14/23,Jamaica-179 St (F),254,Queens,19347
12/13/23,Jamaica-179 St (F),254,Queens,19238
12/12/23,Jamaica-179 St (F),254,Queens,19367
12/11/23,Jamaica-179 St (F),254,Queens,17672
12/10/23,Jamaica-179 St (F),254,Queens,5470
12/9/23,Jamaica-179 St (F),254,Queens,8971
12/8/23,Jamaica-179 St (F),254,Queens,17225
12/6/23,Jamaica-179 St (F),254,Queens,19935
12/5/23,Jamaica-179 St (F),254,Queens,20086
12/4/23,Jamaica-179 St (F),254,Queens,18739
12/3/23,Jamaica-179 St (F),254,Queens,5193
12/2/23,Jamaica-179 St (F),254,Queens,8415
12/1/23,Jamaica-179 St (F),254,Queens,17237
11/24/23,Jamaica-179 St (F),254,Queens,5860
11/7/23,Jamaica-179 St (F),254,Queens,19519
12/31/23,Jamaica-Van Wyck (E),280,Queens,12
12/30/23,Jamaica-Van Wyck (E),280,Queens,1569
12/29/23,Jamaica-Van Wyck (E),280,Queens,2871
12/28/23,Jamaica-Van Wyck (E),280,Queens,2917
12/27/23,Jamaica-Van Wyck (E),280,Queens,2860
12/26/23,Jamaica-Van Wyck (E),280,Queens,2699
12/25/23,Jamaica-Van Wyck (E),280,Queens,984
12/23/23,Jamaica-Van Wyck (E),280,Queens,1717
12/22/23,Jamaica-Van Wyck (E),280,Queens,3214
12/21/23,Jamaica-Van Wyck (E),280,Queens,3413
12/20/23,Jamaica-Van Wyck (E),280,Queens,3602
12/19/23,Jamaica-Van Wyck (E),280,Queens,3609
12/18/23,Jamaica-Van Wyck (E),280,Queens,3546
12/17/23,Jamaica-Van Wyck (E),280,Queens,1781
12/16/23,Jamaica-Van Wyck (E),280,Queens,3468
12/15/23,Jamaica-Van Wyck (E),280,Queens,3403
12/14/23,Jamaica-Van Wyck (E),280,Queens,3595
12/13/23,Jamaica-Van Wyck (E),280,Queens,3579
12/12/23,Jamaica-Van Wyck (E),280,Queens,3606
12/11/23,Jamaica-Van Wyck (E),280,Queens,3543
12/10/23,Jamaica-Van Wyck (E),280,Queens,1926
12/9/23,Jamaica-Van Wyck (E),280,Queens,3053
12/8/23,Jamaica-Van Wyck (E),280,Queens,3495
12/6/23,Jamaica-Van Wyck (E),280,Queens,3682
12/5/23,Jamaica-Van Wyck (E),280,Queens,3604
12/4/23,Jamaica-Van Wyck (E),280,Queens,3662
12/3/23,Jamaica-Van Wyck (E),280,Queens,1897
12/2/23,Jamaica-Van Wyck (E),280,Queens,2997
12/1/23,Jamaica-Van Wyck (E),280,Queens,3452
11/24/23,Jamaica-Van Wyck (E),280,Queens,1203
11/7/23,Jamaica-Van Wyck (E),280,Queens,3511
12/31/23,"Jay St-MetroTech (A,C,F,R)",636,Brooklyn,147
12/30/23,"Jay St-MetroTech (A,C,F,R)",636,Brooklyn,12427
12/29/23,"Jay St-MetroTech (A,C,F,R)",636,Brooklyn,19942
12/28/23,"Jay St-MetroTech (A,C,F,R)",636,Brooklyn,19212
12/27/23,"Jay St-MetroTech (A,C,F,R)",636,Brooklyn,18430
12/26/23,"Jay St-MetroTech (A,C,F,R)",636,Brooklyn,16478
12/25/23,"Jay St-MetroTech (A,C,F,R)",636,Brooklyn,5807
12/23/23,"Jay St-MetroTech (A,C,F,R)",636,Brooklyn,11909
12/22/23,"Jay St-MetroTech (A,C,F,R)",636,Brooklyn,23369
12/21/23,"Jay St-MetroTech (A,C,F,R)",636,Brooklyn,26928
12/20/23,"Jay St-MetroTech (A,C,F,R)",636,Brooklyn,30616
12/19/23,"Jay St-MetroTech (A,C,F,R)",636,Brooklyn,31416
12/18/23,"Jay St-MetroTech (A,C,F,R)",636,Brooklyn,27324
12/17/23,"Jay St-MetroTech (A,C,F,R)",636,Brooklyn,10146
12/16/23,"Jay St-MetroTech (A,C,F,R)",636,Brooklyn,14655
12/15/23,"Jay St-MetroTech (A,C,F,R)",636,Brooklyn,27840
12/14/23,"Jay St-MetroTech (A,C,F,R)",636,Brooklyn,30497
12/13/23,"Jay St-MetroTech (A,C,F,R)",636,Brooklyn,29146
12/12/23,"Jay St-MetroTech (A,C,F,R)",636,Brooklyn,29087
12/11/23,"Jay St-MetroTech (A,C,F,R)",636,Brooklyn,29060
12/10/23,"Jay St-MetroTech (A,C,F,R)",636,Brooklyn,10372
12/9/23,"Jay St-MetroTech (A,C,F,R)",636,Brooklyn,16440
12/8/23,"Jay St-MetroTech (A,C,F,R)",636,Brooklyn,27568
12/6/23,"Jay St-MetroTech (A,C,F,R)",636,Brooklyn,32487
12/5/23,"Jay St-MetroTech (A,C,F,R)",636,Brooklyn,31664
12/4/23,"Jay St-MetroTech (A,C,F,R)",636,Brooklyn,30032
12/3/23,"Jay St-MetroTech (A,C,F,R)",636,Brooklyn,12059
12/2/23,"Jay St-MetroTech (A,C,F,R)",636,Brooklyn,18180
12/1/23,"Jay St-MetroTech (A,C,F,R)",636,Brooklyn,27183
11/24/23,"Jay St-MetroTech (A,C,F,R)",636,Brooklyn,9289
11/7/23,"Jay St-MetroTech (A,C,F,R)",636,Brooklyn,31726
12/31/23,Jefferson St (L),126,Brooklyn,192
12/30/23,Jefferson St (L),126,Brooklyn,5250
12/29/23,Jefferson St (L),126,Brooklyn,5920
12/28/23,Jefferson St (L),126,Brooklyn,4848
12/27/23,Jefferson St (L),126,Brooklyn,4227
12/26/23,Jefferson St (L),126,Brooklyn,3622
12/25/23,Jefferson St (L),126,Brooklyn,1505
12/23/23,Jefferson St (L),126,Brooklyn,3954
12/22/23,Jefferson St (L),126,Brooklyn,5257
12/21/23,Jefferson St (L),126,Brooklyn,5829
12/20/23,Jefferson St (L),126,Brooklyn,5925
12/19/23,Jefferson St (L),126,Brooklyn,6027
12/18/23,Jefferson St (L),126,Brooklyn,4991
12/17/23,Jefferson St (L),126,Brooklyn,5170
12/16/23,Jefferson St (L),126,Brooklyn,6741
12/15/23,Jefferson St (L),126,Brooklyn,6930
12/14/23,Jefferson St (L),126,Brooklyn,6597
12/13/23,Jefferson St (L),126,Brooklyn,6269
12/12/23,Jefferson St (L),126,Brooklyn,6222
12/11/23,Jefferson St (L),126,Brooklyn,5699
12/10/23,Jefferson St (L),126,Brooklyn,5026
12/9/23,Jefferson St (L),126,Brooklyn,6995
12/8/23,Jefferson St (L),126,Brooklyn,7202
12/6/23,Jefferson St (L),126,Brooklyn,6677
12/5/23,Jefferson St (L),126,Brooklyn,6527
12/4/23,Jefferson St (L),126,Brooklyn,5911
12/3/23,Jefferson St (L),126,Brooklyn,5531
12/2/23,Jefferson St (L),126,Brooklyn,7366
12/1/23,Jefferson St (L),126,Brooklyn,6917
11/24/23,Jefferson St (L),126,Brooklyn,2519
11/7/23,Jefferson St (L),126,Brooklyn,6778
12/31/23,Junction Blvd (7),451,Queens,100
12/30/23,Junction Blvd (7),451,Queens,14763
12/29/23,Junction Blvd (7),451,Queens,19240
12/28/23,Junction Blvd (7),451,Queens,17449
12/27/23,Junction Blvd (7),451,Queens,17752
12/26/23,Junction Blvd (7),451,Queens,17107
12/25/23,Junction Blvd (7),451,Queens,8503
12/23/23,Junction Blvd (7),451,Queens,16190
12/22/23,Junction Blvd (7),451,Queens,21847
12/21/23,Junction Blvd (7),451,Queens,21238
12/20/23,Junction Blvd (7),451,Queens,20992
12/19/23,Junction Blvd (7),451,Queens,21294
12/18/23,Junction Blvd (7),451,Queens,19515
12/17/23,Junction Blvd (7),451,Queens,15276
12/16/23,Junction Blvd (7),451,Queens,21073
12/15/23,Junction Blvd (7),451,Queens,19644
12/14/23,Junction Blvd (7),451,Queens,21633
12/13/23,Junction Blvd (7),451,Queens,21111
12/12/23,Junction Blvd (7),451,Queens,20658
12/11/23,Junction Blvd (7),451,Queens,20725
12/10/23,Junction Blvd (7),451,Queens,14258
12/9/23,Junction Blvd (7),451,Queens,20813
12/8/23,Junction Blvd (7),451,Queens,22251
12/6/23,Junction Blvd (7),451,Queens,21368
12/5/23,Junction Blvd (7),451,Queens,21675
12/4/23,Junction Blvd (7),451,Queens,21160
12/3/23,Junction Blvd (7),451,Queens,14104
12/2/23,Junction Blvd (7),451,Queens,19990
12/1/23,Junction Blvd (7),451,Queens,21067
11/24/23,Junction Blvd (7),451,Queens,12184
11/7/23,Junction Blvd (7),451,Queens,21959
12/31/23,Junius St (3),349,Brooklyn,10
12/30/23,Junius St (3),349,Brooklyn,1063
12/29/23,Junius St (3),349,Brooklyn,1621
12/28/23,Junius St (3),349,Brooklyn,1664
12/27/23,Junius St (3),349,Brooklyn,1712
12/26/23,Junius St (3),349,Brooklyn,1483
12/25/23,Junius St (3),349,Brooklyn,652
12/23/23,Junius St (3),349,Brooklyn,999
12/22/23,Junius St (3),349,Brooklyn,1907
12/21/23,Junius St (3),349,Brooklyn,1985
12/20/23,Junius St (3),349,Brooklyn,2057
12/19/23,Junius St (3),349,Brooklyn,2052
12/18/23,Junius St (3),349,Brooklyn,1881
12/17/23,Junius St (3),349,Brooklyn,885
12/16/23,Junius St (3),349,Brooklyn,1221
12/15/23,Junius St (3),349,Brooklyn,2028
12/14/23,Junius St (3),349,Brooklyn,2057
12/13/23,Junius St (3),349,Brooklyn,2017
12/12/23,Junius St (3),349,Brooklyn,2074
12/11/23,Junius St (3),349,Brooklyn,2117
12/10/23,Junius St (3),349,Brooklyn,813
12/9/23,Junius St (3),349,Brooklyn,1459
12/8/23,Junius St (3),349,Brooklyn,2113
12/6/23,Junius St (3),349,Brooklyn,2083
12/5/23,Junius St (3),349,Brooklyn,1971
12/4/23,Junius St (3),349,Brooklyn,2028
12/3/23,Junius St (3),349,Brooklyn,1062
12/2/23,Junius St (3),349,Brooklyn,1515
12/1/23,Junius St (3),349,Brooklyn,2088
11/24/23,Junius St (3),349,Brooklyn,773
11/7/23,Junius St (3),349,Brooklyn,2025
12/31/23,"Kew Gardens-Union Tpke (E,F)",259,Queens,87
12/30/23,"Kew Gardens-Union Tpke (E,F)",259,Queens,9404
12/29/23,"Kew Gardens-Union Tpke (E,F)",259,Queens,16467
12/28/23,"Kew Gardens-Union Tpke (E,F)",259,Queens,16955
12/27/23,"Kew Gardens-Union Tpke (E,F)",259,Queens,16909
12/26/23,"Kew Gardens-Union Tpke (E,F)",259,Queens,15558
12/25/23,"Kew Gardens-Union Tpke (E,F)",259,Queens,5267
12/23/23,"Kew Gardens-Union Tpke (E,F)",259,Queens,9670
12/22/23,"Kew Gardens-Union Tpke (E,F)",259,Queens,18519
12/21/23,"Kew Gardens-Union Tpke (E,F)",259,Queens,20932
12/20/23,"Kew Gardens-Union Tpke (E,F)",259,Queens,21378
12/19/23,"Kew Gardens-Union Tpke (E,F)",259,Queens,21678
12/18/23,"Kew Gardens-Union Tpke (E,F)",259,Queens,19103
12/17/23,"Kew Gardens-Union Tpke (E,F)",259,Queens,7360
12/16/23,"Kew Gardens-Union Tpke (E,F)",259,Queens,11529
12/15/23,"Kew Gardens-Union Tpke (E,F)",259,Queens,21555
12/14/23,"Kew Gardens-Union Tpke (E,F)",259,Queens,23071
12/13/23,"Kew Gardens-Union Tpke (E,F)",259,Queens,23087
12/12/23,"Kew Gardens-Union Tpke (E,F)",259,Queens,23356
12/11/23,"Kew Gardens-Union Tpke (E,F)",259,Queens,21517
12/10/23,"Kew Gardens-Union Tpke (E,F)",259,Queens,6890
12/9/23,"Kew Gardens-Union Tpke (E,F)",259,Queens,11462
12/8/23,"Kew Gardens-Union Tpke (E,F)",259,Queens,21330
12/6/23,"Kew Gardens-Union Tpke (E,F)",259,Queens,23696
12/5/23,"Kew Gardens-Union Tpke (E,F)",259,Queens,23998
12/4/23,"Kew Gardens-Union Tpke (E,F)",259,Queens,22253
12/3/23,"Kew Gardens-Union Tpke (E,F)",259,Queens,7395
12/2/23,"Kew Gardens-Union Tpke (E,F)",259,Queens,11605
12/1/23,"Kew Gardens-Union Tpke (E,F)",259,Queens,20408
11/24/23,"Kew Gardens-Union Tpke (E,F)",259,Queens,7037
11/7/23,"Kew Gardens-Union Tpke (E,F)",259,Queens,23490
12/31/23,"Kings Hwy (B,Q)",51,Brooklyn,33
12/30/23,"Kings Hwy (B,Q)",51,Brooklyn,7707
12/29/23,"Kings Hwy (B,Q)",51,Brooklyn,14057
12/28/23,"Kings Hwy (B,Q)",51,Brooklyn,14268
12/27/23,"Kings Hwy (B,Q)",51,Brooklyn,14133
12/26/23,"Kings Hwy (B,Q)",51,Brooklyn,13772
12/25/23,"Kings Hwy (B,Q)",51,Brooklyn,4987
12/23/23,"Kings Hwy (B,Q)",51,Brooklyn,7801
12/22/23,"Kings Hwy (B,Q)",51,Brooklyn,15455
12/21/23,"Kings Hwy (B,Q)",51,Brooklyn,17484
12/20/23,"Kings Hwy (B,Q)",51,Brooklyn,17876
12/19/23,"Kings Hwy (B,Q)",51,Brooklyn,17924
12/18/23,"Kings Hwy (B,Q)",51,Brooklyn,15354
12/17/23,"Kings Hwy (B,Q)",51,Brooklyn,6124
12/16/23,"Kings Hwy (B,Q)",51,Brooklyn,8376
12/15/23,"Kings Hwy (B,Q)",51,Brooklyn,16477
12/14/23,"Kings Hwy (B,Q)",51,Brooklyn,18640
12/13/23,"Kings Hwy (B,Q)",51,Brooklyn,18530
12/12/23,"Kings Hwy (B,Q)",51,Brooklyn,18628
12/11/23,"Kings Hwy (B,Q)",51,Brooklyn,17108
12/10/23,"Kings Hwy (B,Q)",51,Brooklyn,5810
12/9/23,"Kings Hwy (B,Q)",51,Brooklyn,8615
12/8/23,"Kings Hwy (B,Q)",51,Brooklyn,16463
12/6/23,"Kings Hwy (B,Q)",51,Brooklyn,18474
12/5/23,"Kings Hwy (B,Q)",51,Brooklyn,18237
12/4/23,"Kings Hwy (B,Q)",51,Brooklyn,17578
12/3/23,"Kings Hwy (B,Q)",51,Brooklyn,5406
12/2/23,"Kings Hwy (B,Q)",51,Brooklyn,7646
12/1/23,"Kings Hwy (B,Q)",51,Brooklyn,15868
11/24/23,"Kings Hwy (B,Q)",51,Brooklyn,6344
11/7/23,"Kings Hwy (B,Q)",51,Brooklyn,18569
12/31/23,Kings Hwy (F),250,Brooklyn,3
12/30/23,Kings Hwy (F),250,Brooklyn,1218
12/29/23,Kings Hwy (F),250,Brooklyn,2217
12/28/23,Kings Hwy (F),250,Brooklyn,2373
12/27/23,Kings Hwy (F),250,Brooklyn,2438
12/26/23,Kings Hwy (F),250,Brooklyn,2295
12/25/23,Kings Hwy (F),250,Brooklyn,997
12/23/23,Kings Hwy (F),250,Brooklyn,1290
12/22/23,Kings Hwy (F),250,Brooklyn,2473
12/21/23,Kings Hwy (F),250,Brooklyn,2838
12/20/23,Kings Hwy (F),250,Brooklyn,2771
12/19/23,Kings Hwy (F),250,Brooklyn,2825
12/18/23,Kings Hwy (F),250,Brooklyn,2608
12/17/23,Kings Hwy (F),250,Brooklyn,966
12/16/23,Kings Hwy (F),250,Brooklyn,1240
12/15/23,Kings Hwy (F),250,Brooklyn,2703
12/14/23,Kings Hwy (F),250,Brooklyn,2934
12/13/23,Kings Hwy (F),250,Brooklyn,2838
12/12/23,Kings Hwy (F),250,Brooklyn,2860
12/11/23,Kings Hwy (F),250,Brooklyn,2673
12/10/23,Kings Hwy (F),250,Brooklyn,13
12/9/23,Kings Hwy (F),250,Brooklyn,3
12/8/23,Kings Hwy (F),250,Brooklyn,2570
12/6/23,Kings Hwy (F),250,Brooklyn,3053
12/5/23,Kings Hwy (F),250,Brooklyn,3111
12/4/23,Kings Hwy (F),250,Brooklyn,2928
12/3/23,Kings Hwy (F),250,Brooklyn,1728
12/2/23,Kings Hwy (F),250,Brooklyn,2081
12/1/23,Kings Hwy (F),250,Brooklyn,2679
11/24/23,Kings Hwy (F),250,Brooklyn,1033
11/7/23,Kings Hwy (F),250,Brooklyn,2965
12/31/23,Kings Hwy (N),77,Brooklyn,10
12/30/23,Kings Hwy (N),77,Brooklyn,2523
12/29/23,Kings Hwy (N),77,Brooklyn,3666
12/28/23,Kings Hwy (N),77,Brooklyn,3545
12/27/23,Kings Hwy (N),77,Brooklyn,3587
12/26/23,Kings Hwy (N),77,Brooklyn,3555
12/25/23,Kings Hwy (N),77,Brooklyn,1744
12/23/23,Kings Hwy (N),77,Brooklyn,2630
12/22/23,Kings Hwy (N),77,Brooklyn,4128
12/21/23,Kings Hwy (N),77,Brooklyn,4377
12/20/23,Kings Hwy (N),77,Brooklyn,4366
12/19/23,Kings Hwy (N),77,Brooklyn,4414
12/18/23,Kings Hwy (N),77,Brooklyn,3690
12/17/23,Kings Hwy (N),77,Brooklyn,1961
12/16/23,Kings Hwy (N),77,Brooklyn,2733
12/15/23,Kings Hwy (N),77,Brooklyn,4326
12/14/23,Kings Hwy (N),77,Brooklyn,4539
12/13/23,Kings Hwy (N),77,Brooklyn,4457
12/12/23,Kings Hwy (N),77,Brooklyn,4480
12/11/23,Kings Hwy (N),77,Brooklyn,4210
12/10/23,Kings Hwy (N),77,Brooklyn,2227
12/9/23,Kings Hwy (N),77,Brooklyn,3246
12/8/23,Kings Hwy (N),77,Brooklyn,4493
12/6/23,Kings Hwy (N),77,Brooklyn,4902
12/5/23,Kings Hwy (N),77,Brooklyn,4543
12/4/23,Kings Hwy (N),77,Brooklyn,4461
12/3/23,Kings Hwy (N),77,Brooklyn,2028
12/2/23,Kings Hwy (N),77,Brooklyn,2756
12/1/23,Kings Hwy (N),77,Brooklyn,4612
11/24/23,Kings Hwy (N),77,Brooklyn,2193
11/7/23,Kings Hwy (N),77,Brooklyn,4722
12/31/23,Kingsbridge Rd (4),381,Bronx,19
12/30/23,Kingsbridge Rd (4),381,Bronx,3072
12/29/23,Kingsbridge Rd (4),381,Bronx,4398
12/28/23,Kingsbridge Rd (4),381,Bronx,4201
12/27/23,Kingsbridge Rd (4),381,Bronx,4170
12/26/23,Kingsbridge Rd (4),381,Bronx,3882
12/25/23,Kingsbridge Rd (4),381,Bronx,1877
12/23/23,Kingsbridge Rd (4),381,Bronx,3035
12/22/23,Kingsbridge Rd (4),381,Bronx,5097
12/21/23,Kingsbridge Rd (4),381,Bronx,5345
12/20/23,Kingsbridge Rd (4),381,Bronx,5505
12/19/23,Kingsbridge Rd (4),381,Bronx,5760
12/18/23,Kingsbridge Rd (4),381,Bronx,5258
12/17/23,Kingsbridge Rd (4),381,Bronx,3920
12/16/23,Kingsbridge Rd (4),381,Bronx,5897
12/15/23,Kingsbridge Rd (4),381,Bronx,5769
12/14/23,Kingsbridge Rd (4),381,Bronx,6178
12/13/23,Kingsbridge Rd (4),381,Bronx,5961
12/12/23,Kingsbridge Rd (4),381,Bronx,5841
12/11/23,Kingsbridge Rd (4),381,Bronx,5739
12/10/23,Kingsbridge Rd (4),381,Bronx,2305
12/9/23,Kingsbridge Rd (4),381,Bronx,3647
12/8/23,Kingsbridge Rd (4),381,Bronx,5849
12/6/23,Kingsbridge Rd (4),381,Bronx,6285
12/5/23,Kingsbridge Rd (4),381,Bronx,6495
12/4/23,Kingsbridge Rd (4),381,Bronx,6351
12/3/23,Kingsbridge Rd (4),381,Bronx,3585
12/2/23,Kingsbridge Rd (4),381,Bronx,5220
12/1/23,Kingsbridge Rd (4),381,Bronx,5643
11/24/23,Kingsbridge Rd (4),381,Bronx,2219
11/7/23,Kingsbridge Rd (4),381,Bronx,6248
12/31/23,"Kingsbridge Rd (B,D)",212,Bronx,14
12/30/23,"Kingsbridge Rd (B,D)",212,Bronx,2116
12/29/23,"Kingsbridge Rd (B,D)",212,Bronx,3681
12/28/23,"Kingsbridge Rd (B,D)",212,Bronx,3313
12/27/23,"Kingsbridge Rd (B,D)",212,Bronx,3239
12/26/23,"Kingsbridge Rd (B,D)",212,Bronx,3259
12/25/23,"Kingsbridge Rd (B,D)",212,Bronx,1336
12/23/23,"Kingsbridge Rd (B,D)",212,Bronx,1958
12/22/23,"Kingsbridge Rd (B,D)",212,Bronx,3808
12/21/23,"Kingsbridge Rd (B,D)",212,Bronx,4273
12/20/23,"Kingsbridge Rd (B,D)",212,Bronx,4240
12/19/23,"Kingsbridge Rd (B,D)",212,Bronx,4150
12/18/23,"Kingsbridge Rd (B,D)",212,Bronx,3520
12/17/23,"Kingsbridge Rd (B,D)",212,Bronx,10
12/16/23,"Kingsbridge Rd (B,D)",212,Bronx,8
12/15/23,"Kingsbridge Rd (B,D)",212,Bronx,4524
12/14/23,"Kingsbridge Rd (B,D)",212,Bronx,4317
12/13/23,"Kingsbridge Rd (B,D)",212,Bronx,4583
12/12/23,"Kingsbridge Rd (B,D)",212,Bronx,4282
12/11/23,"Kingsbridge Rd (B,D)",212,Bronx,4151
12/10/23,"Kingsbridge Rd (B,D)",212,Bronx,1396
12/9/23,"Kingsbridge Rd (B,D)",212,Bronx,2162
12/8/23,"Kingsbridge Rd (B,D)",212,Bronx,4109
12/6/23,"Kingsbridge Rd (B,D)",212,Bronx,4376
12/5/23,"Kingsbridge Rd (B,D)",212,Bronx,4370
12/4/23,"Kingsbridge Rd (B,D)",212,Bronx,4123
12/3/23,"Kingsbridge Rd (B,D)",212,Bronx,31
12/2/23,"Kingsbridge Rd (B,D)",212,Bronx,42
12/1/23,"Kingsbridge Rd (B,D)",212,Bronx,4322
11/24/23,"Kingsbridge Rd (B,D)",212,Bronx,1465
11/7/23,"Kingsbridge Rd (B,D)",212,Bronx,4595
12/31/23,Kingston Av (3),344,Brooklyn,14
12/30/23,Kingston Av (3),344,Brooklyn,1687
12/29/23,Kingston Av (3),344,Brooklyn,2894
12/28/23,Kingston Av (3),344,Brooklyn,2950
12/27/23,Kingston Av (3),344,Brooklyn,2812
12/26/23,Kingston Av (3),344,Brooklyn,2525
12/25/23,Kingston Av (3),344,Brooklyn,1430
12/23/23,Kingston Av (3),344,Brooklyn,1618
12/22/23,Kingston Av (3),344,Brooklyn,2802
12/21/23,Kingston Av (3),344,Brooklyn,3149
12/20/23,Kingston Av (3),344,Brooklyn,3194
12/19/23,Kingston Av (3),344,Brooklyn,3028
12/18/23,Kingston Av (3),344,Brooklyn,2783
12/17/23,Kingston Av (3),344,Brooklyn,1755
12/16/23,Kingston Av (3),344,Brooklyn,1828
12/15/23,Kingston Av (3),344,Brooklyn,3301
12/14/23,Kingston Av (3),344,Brooklyn,3659
12/13/23,Kingston Av (3),344,Brooklyn,3635
12/12/23,Kingston Av (3),344,Brooklyn,3579
12/11/23,Kingston Av (3),344,Brooklyn,3360
12/10/23,Kingston Av (3),344,Brooklyn,1838
12/9/23,Kingston Av (3),344,Brooklyn,1886
12/8/23,Kingston Av (3),344,Brooklyn,3224
12/6/23,Kingston Av (3),344,Brooklyn,3487
12/5/23,Kingston Av (3),344,Brooklyn,3422
12/4/23,Kingston Av (3),344,Brooklyn,3490
12/3/23,Kingston Av (3),344,Brooklyn,1952
12/2/23,Kingston Av (3),344,Brooklyn,2089
12/1/23,Kingston Av (3),344,Brooklyn,3525
11/24/23,Kingston Av (3),344,Brooklyn,1844
11/7/23,Kingston Av (3),344,Brooklyn,3672
12/31/23,Kingston-Throop Avs (C),180,Brooklyn,22
12/30/23,Kingston-Throop Avs (C),180,Brooklyn,2882
12/29/23,Kingston-Throop Avs (C),180,Brooklyn,3639
12/28/23,Kingston-Throop Avs (C),180,Brooklyn,3247
12/27/23,Kingston-Throop Avs (C),180,Brooklyn,3094
12/26/23,Kingston-Throop Avs (C),180,Brooklyn,2396
12/25/23,Kingston-Throop Avs (C),180,Brooklyn,1308
12/23/23,Kingston-Throop Avs (C),180,Brooklyn,2614
12/22/23,Kingston-Throop Avs (C),180,Brooklyn,4023
12/21/23,Kingston-Throop Avs (C),180,Brooklyn,4294
12/20/23,Kingston-Throop Avs (C),180,Brooklyn,4593
12/19/23,Kingston-Throop Avs (C),180,Brooklyn,4602
12/18/23,Kingston-Throop Avs (C),180,Brooklyn,4006
12/17/23,Kingston-Throop Avs (C),180,Brooklyn,2503
12/16/23,Kingston-Throop Avs (C),180,Brooklyn,3405
12/15/23,Kingston-Throop Avs (C),180,Brooklyn,4884
12/14/23,Kingston-Throop Avs (C),180,Brooklyn,5230
12/13/23,Kingston-Throop Avs (C),180,Brooklyn,5159
12/12/23,Kingston-Throop Avs (C),180,Brooklyn,5037
12/11/23,Kingston-Throop Avs (C),180,Brooklyn,4423
12/10/23,Kingston-Throop Avs (C),180,Brooklyn,2395
12/9/23,Kingston-Throop Avs (C),180,Brooklyn,3507
12/8/23,Kingston-Throop Avs (C),180,Brooklyn,5075
12/6/23,Kingston-Throop Avs (C),180,Brooklyn,5094
12/5/23,Kingston-Throop Avs (C),180,Brooklyn,4993
12/4/23,Kingston-Throop Avs (C),180,Brooklyn,4442
12/3/23,Kingston-Throop Avs (C),180,Brooklyn,6
12/2/23,Kingston-Throop Avs (C),180,Brooklyn,37
12/1/23,Kingston-Throop Avs (C),180,Brooklyn,5139
11/24/23,Kingston-Throop Avs (C),180,Brooklyn,1995
11/7/23,Kingston-Throop Avs (C),180,Brooklyn,5190
12/31/23,Knickerbocker Av (M),113,Brooklyn,13
12/30/23,Knickerbocker Av (M),113,Brooklyn,1446
12/29/23,Knickerbocker Av (M),113,Brooklyn,2149
12/28/23,Knickerbocker Av (M),113,Brooklyn,2104
12/27/23,Knickerbocker Av (M),113,Brooklyn,1985
12/26/23,Knickerbocker Av (M),113,Brooklyn,1833
12/25/23,Knickerbocker Av (M),113,Brooklyn,681
12/23/23,Knickerbocker Av (M),113,Brooklyn,1294
12/22/23,Knickerbocker Av (M),113,Brooklyn,2672
12/21/23,Knickerbocker Av (M),113,Brooklyn,2768
12/20/23,Knickerbocker Av (M),113,Brooklyn,2820
12/19/23,Knickerbocker Av (M),113,Brooklyn,2838
12/18/23,Knickerbocker Av (M),113,Brooklyn,2284
12/17/23,Knickerbocker Av (M),113,Brooklyn,1237
12/16/23,Knickerbocker Av (M),113,Brooklyn,1629
12/15/23,Knickerbocker Av (M),113,Brooklyn,3040
12/14/23,Knickerbocker Av (M),113,Brooklyn,3031
12/13/23,Knickerbocker Av (M),113,Brooklyn,2902
12/12/23,Knickerbocker Av (M),113,Brooklyn,2936
12/11/23,Knickerbocker Av (M),113,Brooklyn,2549
12/10/23,Knickerbocker Av (M),113,Brooklyn,1063
12/9/23,Knickerbocker Av (M),113,Brooklyn,1736
12/8/23,Knickerbocker Av (M),113,Brooklyn,3006
12/6/23,Knickerbocker Av (M),113,Brooklyn,3008
12/5/23,Knickerbocker Av (M),113,Brooklyn,3038
12/4/23,Knickerbocker Av (M),113,Brooklyn,2841
12/3/23,Knickerbocker Av (M),113,Brooklyn,1139
12/2/23,Knickerbocker Av (M),113,Brooklyn,1714
12/1/23,Knickerbocker Av (M),113,Brooklyn,2863
11/24/23,Knickerbocker Av (M),113,Brooklyn,964
11/7/23,Knickerbocker Av (M),113,Brooklyn,2992
12/31/23,Kosciuszko St (J),96,Brooklyn,41
12/30/23,Kosciuszko St (J),96,Brooklyn,2990
12/29/23,Kosciuszko St (J),96,Brooklyn,3462
12/28/23,Kosciuszko St (J),96,Brooklyn,2903
12/27/23,Kosciuszko St (J),96,Brooklyn,2770
12/26/23,Kosciuszko St (J),96,Brooklyn,2439
12/25/23,Kosciuszko St (J),96,Brooklyn,1413
12/23/23,Kosciuszko St (J),96,Brooklyn,2769
12/22/23,Kosciuszko St (J),96,Brooklyn,3620
12/21/23,Kosciuszko St (J),96,Brooklyn,3842
12/20/23,Kosciuszko St (J),96,Brooklyn,4019
12/19/23,Kosciuszko St (J),96,Brooklyn,4124
12/18/23,Kosciuszko St (J),96,Brooklyn,3373
12/17/23,Kosciuszko St (J),96,Brooklyn,2340
12/16/23,Kosciuszko St (J),96,Brooklyn,3447
12/15/23,Kosciuszko St (J),96,Brooklyn,4579
12/14/23,Kosciuszko St (J),96,Brooklyn,4668
12/13/23,Kosciuszko St (J),96,Brooklyn,4548
12/12/23,Kosciuszko St (J),96,Brooklyn,4444
12/11/23,Kosciuszko St (J),96,Brooklyn,3747
12/10/23,Kosciuszko St (J),96,Brooklyn,2300
12/9/23,Kosciuszko St (J),96,Brooklyn,3449
12/8/23,Kosciuszko St (J),96,Brooklyn,4541
12/6/23,Kosciuszko St (J),96,Brooklyn,4445
12/5/23,Kosciuszko St (J),96,Brooklyn,4592
12/4/23,Kosciuszko St (J),96,Brooklyn,4278
12/3/23,Kosciuszko St (J),96,Brooklyn,2696
12/2/23,Kosciuszko St (J),96,Brooklyn,3659
12/1/23,Kosciuszko St (J),96,Brooklyn,4420
11/24/23,Kosciuszko St (J),96,Brooklyn,2211
11/7/23,Kosciuszko St (J),96,Brooklyn,4529
12/31/23,Lafayette Av (C),176,Brooklyn,75
12/30/23,Lafayette Av (C),176,Brooklyn,2618
12/29/23,Lafayette Av (C),176,Brooklyn,3236
12/28/23,Lafayette Av (C),176,Brooklyn,2772
12/27/23,Lafayette Av (C),176,Brooklyn,3164
12/26/23,Lafayette Av (C),176,Brooklyn,2251
12/25/23,Lafayette Av (C),176,Brooklyn,869
12/23/23,Lafayette Av (C),176,Brooklyn,2745
12/22/23,Lafayette Av (C),176,Brooklyn,4020
12/21/23,Lafayette Av (C),176,Brooklyn,3750
12/20/23,Lafayette Av (C),176,Brooklyn,4387
12/19/23,Lafayette Av (C),176,Brooklyn,4419
12/18/23,Lafayette Av (C),176,Brooklyn,3658
12/17/23,Lafayette Av (C),176,Brooklyn,2714
12/16/23,Lafayette Av (C),176,Brooklyn,3610
12/15/23,Lafayette Av (C),176,Brooklyn,4606
12/14/23,Lafayette Av (C),176,Brooklyn,4525
12/13/23,Lafayette Av (C),176,Brooklyn,4282
12/12/23,Lafayette Av (C),176,Brooklyn,4126
12/11/23,Lafayette Av (C),176,Brooklyn,3624
12/10/23,Lafayette Av (C),176,Brooklyn,2333
12/9/23,Lafayette Av (C),176,Brooklyn,4017
12/8/23,Lafayette Av (C),176,Brooklyn,4385
12/6/23,Lafayette Av (C),176,Brooklyn,4153
12/5/23,Lafayette Av (C),176,Brooklyn,4044
12/4/23,Lafayette Av (C),176,Brooklyn,3583
12/3/23,Lafayette Av (C),176,Brooklyn,2
12/2/23,Lafayette Av (C),176,Brooklyn,28
12/1/23,Lafayette Av (C),176,Brooklyn,4343
11/24/23,Lafayette Av (C),176,Brooklyn,1894
11/7/23,Lafayette Av (C),176,Brooklyn,4246
12/31/23,"Lexington Av (N,R,W)/59 St (4,5,6)",613,Manhattan,423
12/30/23,"Lexington Av (N,R,W)/59 St (4,5,6)",613,Manhattan,27601
12/29/23,"Lexington Av (N,R,W)/59 St (4,5,6)",613,Manhattan,38760
12/28/23,"Lexington Av (N,R,W)/59 St (4,5,6)",613,Manhattan,38906
12/27/23,"Lexington Av (N,R,W)/59 St (4,5,6)",613,Manhattan,36095
12/26/23,"Lexington Av (N,R,W)/59 St (4,5,6)",613,Manhattan,31396
12/25/23,"Lexington Av (N,R,W)/59 St (4,5,6)",613,Manhattan,12248
12/23/23,"Lexington Av (N,R,W)/59 St (4,5,6)",613,Manhattan,25055
12/22/23,"Lexington Av (N,R,W)/59 St (4,5,6)",613,Manhattan,40819
12/21/23,"Lexington Av (N,R,W)/59 St (4,5,6)",613,Manhattan,46594
12/20/23,"Lexington Av (N,R,W)/59 St (4,5,6)",613,Manhattan,48364
12/19/23,"Lexington Av (N,R,W)/59 St (4,5,6)",613,Manhattan,49510
12/18/23,"Lexington Av (N,R,W)/59 St (4,5,6)",613,Manhattan,41310
12/17/23,"Lexington Av (N,R,W)/59 St (4,5,6)",613,Manhattan,21530
12/16/23,"Lexington Av (N,R,W)/59 St (4,5,6)",613,Manhattan,35125
12/15/23,"Lexington Av (N,R,W)/59 St (4,5,6)",613,Manhattan,46547
12/14/23,"Lexington Av (N,R,W)/59 St (4,5,6)",613,Manhattan,51068
12/13/23,"Lexington Av (N,R,W)/59 St (4,5,6)",613,Manhattan,50993
12/12/23,"Lexington Av (N,R,W)/59 St (4,5,6)",613,Manhattan,50357
12/11/23,"Lexington Av (N,R,W)/59 St (4,5,6)",613,Manhattan,44979
12/10/23,"Lexington Av (N,R,W)/59 St (4,5,6)",613,Manhattan,20019
12/9/23,"Lexington Av (N,R,W)/59 St (4,5,6)",613,Manhattan,33391
12/8/23,"Lexington Av (N,R,W)/59 St (4,5,6)",613,Manhattan,46648
12/6/23,"Lexington Av (N,R,W)/59 St (4,5,6)",613,Manhattan,50573
12/5/23,"Lexington Av (N,R,W)/59 St (4,5,6)",613,Manhattan,50766
12/4/23,"Lexington Av (N,R,W)/59 St (4,5,6)",613,Manhattan,45850
12/3/23,"Lexington Av (N,R,W)/59 St (4,5,6)",613,Manhattan,20484
12/2/23,"Lexington Av (N,R,W)/59 St (4,5,6)",613,Manhattan,32394
12/1/23,"Lexington Av (N,R,W)/59 St (4,5,6)",613,Manhattan,45340
11/24/23,"Lexington Av (N,R,W)/59 St (4,5,6)",613,Manhattan,18047
11/7/23,"Lexington Av (N,R,W)/59 St (4,5,6)",613,Manhattan,49805
12/31/23,"Lexington Av-53 St (E,M)/51 St (6)",612,Manhattan,434
12/30/23,"Lexington Av-53 St (E,M)/51 St (6)",612,Manhattan,22109
12/29/23,"Lexington Av-53 St (E,M)/51 St (6)",612,Manhattan,31571
12/28/23,"Lexington Av-53 St (E,M)/51 St (6)",612,Manhattan,32758
12/27/23,"Lexington Av-53 St (E,M)/51 St (6)",612,Manhattan,30049
12/26/23,"Lexington Av-53 St (E,M)/51 St (6)",612,Manhattan,27172
12/25/23,"Lexington Av-53 St (E,M)/51 St (6)",612,Manhattan,11978
12/23/23,"Lexington Av-53 St (E,M)/51 St (6)",612,Manhattan,20174
12/22/23,"Lexington Av-53 St (E,M)/51 St (6)",612,Manhattan,33489
12/21/23,"Lexington Av-53 St (E,M)/51 St (6)",612,Manhattan,42194
12/20/23,"Lexington Av-53 St (E,M)/51 St (6)",612,Manhattan,45132
12/19/23,"Lexington Av-53 St (E,M)/51 St (6)",612,Manhattan,45960
12/18/23,"Lexington Av-53 St (E,M)/51 St (6)",612,Manhattan,37056
12/17/23,"Lexington Av-53 St (E,M)/51 St (6)",612,Manhattan,17049
12/16/23,"Lexington Av-53 St (E,M)/51 St (6)",612,Manhattan,27981
12/15/23,"Lexington Av-53 St (E,M)/51 St (6)",612,Manhattan,39057
12/14/23,"Lexington Av-53 St (E,M)/51 St (6)",612,Manhattan,49177
12/13/23,"Lexington Av-53 St (E,M)/51 St (6)",612,Manhattan,47279
12/12/23,"Lexington Av-53 St (E,M)/51 St (6)",612,Manhattan,48315
12/11/23,"Lexington Av-53 St (E,M)/51 St (6)",612,Manhattan,41779
12/10/23,"Lexington Av-53 St (E,M)/51 St (6)",612,Manhattan,16845
12/9/23,"Lexington Av-53 St (E,M)/51 St (6)",612,Manhattan,28010
12/8/23,"Lexington Av-53 St (E,M)/51 St (6)",612,Manhattan,40646
12/6/23,"Lexington Av-53 St (E,M)/51 St (6)",612,Manhattan,49597
12/5/23,"Lexington Av-53 St (E,M)/51 St (6)",612,Manhattan,49794
12/4/23,"Lexington Av-53 St (E,M)/51 St (6)",612,Manhattan,41302
12/3/23,"Lexington Av-53 St (E,M)/51 St (6)",612,Manhattan,16978
12/2/23,"Lexington Av-53 St (E,M)/51 St (6)",612,Manhattan,26597
12/1/23,"Lexington Av-53 St (E,M)/51 St (6)",612,Manhattan,39898
11/24/23,"Lexington Av-53 St (E,M)/51 St (6)",612,Manhattan,15603
11/7/23,"Lexington Av-53 St (E,M)/51 St (6)",612,Manhattan,49073
12/31/23,"Lexington Av/63 St (F,Q)",223,Manhattan,36
12/30/23,"Lexington Av/63 St (F,Q)",223,Manhattan,5159
12/29/23,"Lexington Av/63 St (F,Q)",223,Manhattan,7193
12/28/23,"Lexington Av/63 St (F,Q)",223,Manhattan,6679
12/27/23,"Lexington Av/63 St (F,Q)",223,Manhattan,6215
12/26/23,"Lexington Av/63 St (F,Q)",223,Manhattan,5181
12/25/23,"Lexington Av/63 St (F,Q)",223,Manhattan,2620
12/23/23,"Lexington Av/63 St (F,Q)",223,Manhattan,4219
12/22/23,"Lexington Av/63 St (F,Q)",223,Manhattan,7155
12/21/23,"Lexington Av/63 St (F,Q)",223,Manhattan,8341
12/20/23,"Lexington Av/63 St (F,Q)",223,Manhattan,8877
12/19/23,"Lexington Av/63 St (F,Q)",223,Manhattan,9444
12/18/23,"Lexington Av/63 St (F,Q)",223,Manhattan,7757
12/17/23,"Lexington Av/63 St (F,Q)",223,Manhattan,4542
12/16/23,"Lexington Av/63 St (F,Q)",223,Manhattan,6714
12/15/23,"Lexington Av/63 St (F,Q)",223,Manhattan,8679
12/14/23,"Lexington Av/63 St (F,Q)",223,Manhattan,9812
12/13/23,"Lexington Av/63 St (F,Q)",223,Manhattan,10235
12/12/23,"Lexington Av/63 St (F,Q)",223,Manhattan,9557
12/11/23,"Lexington Av/63 St (F,Q)",223,Manhattan,8832
12/10/23,"Lexington Av/63 St (F,Q)",223,Manhattan,3893
12/9/23,"Lexington Av/63 St (F,Q)",223,Manhattan,6696
12/8/23,"Lexington Av/63 St (F,Q)",223,Manhattan,9301
12/6/23,"Lexington Av/63 St (F,Q)",223,Manhattan,9634
12/5/23,"Lexington Av/63 St (F,Q)",223,Manhattan,9860
12/4/23,"Lexington Av/63 St (F,Q)",223,Manhattan,8880
12/3/23,"Lexington Av/63 St (F,Q)",223,Manhattan,4220
12/2/23,"Lexington Av/63 St (F,Q)",223,Manhattan,6532
12/1/23,"Lexington Av/63 St (F,Q)",223,Manhattan,8982
11/24/23,"Lexington Av/63 St (F,Q)",223,Manhattan,3206
11/7/23,"Lexington Av/63 St (F,Q)",223,Manhattan,9967
12/31/23,Liberty Av (C),185,Brooklyn,6
12/30/23,Liberty Av (C),185,Brooklyn,783
12/29/23,Liberty Av (C),185,Brooklyn,1362
12/28/23,Liberty Av (C),185,Brooklyn,1294
12/27/23,Liberty Av (C),185,Brooklyn,1265
12/26/23,Liberty Av (C),185,Brooklyn,1089
12/25/23,Liberty Av (C),185,Brooklyn,465
12/23/23,Liberty Av (C),185,Brooklyn,893
12/22/23,Liberty Av (C),185,Brooklyn,1786
12/21/23,Liberty Av (C),185,Brooklyn,1905
12/20/23,Liberty Av (C),185,Brooklyn,1894
12/19/23,Liberty Av (C),185,Brooklyn,2050
12/18/23,Liberty Av (C),185,Brooklyn,1708
12/17/23,Liberty Av (C),185,Brooklyn,649
12/16/23,Liberty Av (C),185,Brooklyn,552
12/15/23,Liberty Av (C),185,Brooklyn,1793
12/14/23,Liberty Av (C),185,Brooklyn,1840
12/13/23,Liberty Av (C),185,Brooklyn,2011
12/12/23,Liberty Av (C),185,Brooklyn,2006
12/11/23,Liberty Av (C),185,Brooklyn,1939
12/10/23,Liberty Av (C),185,Brooklyn,614
12/9/23,Liberty Av (C),185,Brooklyn,844
12/8/23,Liberty Av (C),185,Brooklyn,1922
12/6/23,Liberty Av (C),185,Brooklyn,1918
12/5/23,Liberty Av (C),185,Brooklyn,1897
12/4/23,Liberty Av (C),185,Brooklyn,1893
12/3/23,Liberty Av (C),185,Brooklyn,375
12/2/23,Liberty Av (C),185,Brooklyn,543
12/1/23,Liberty Av (C),185,Brooklyn,2019
11/24/23,Liberty Av (C),185,Brooklyn,646
11/7/23,Liberty Av (C),185,Brooklyn,1873
12/31/23,Livonia Av (L),135,Brooklyn,14
12/30/23,Livonia Av (L),135,Brooklyn,1327
12/29/23,Livonia Av (L),135,Brooklyn,1807
12/28/23,Livonia Av (L),135,Brooklyn,1613
12/27/23,Livonia Av (L),135,Brooklyn,1642
12/26/23,Livonia Av (L),135,Brooklyn,1485
12/25/23,Livonia Av (L),135,Brooklyn,833
12/23/23,Livonia Av (L),135,Brooklyn,1109
12/22/23,Livonia Av (L),135,Brooklyn,1974
12/21/23,Livonia Av (L),135,Brooklyn,2120
12/20/23,Livonia Av (L),135,Brooklyn,2085
12/19/23,Livonia Av (L),135,Brooklyn,2384
12/18/23,Livonia Av (L),135,Brooklyn,2042
12/17/23,Livonia Av (L),135,Brooklyn,1019
12/16/23,Livonia Av (L),135,Brooklyn,1503
12/15/23,Livonia Av (L),135,Brooklyn,2330
12/14/23,Livonia Av (L),135,Brooklyn,2306
12/13/23,Livonia Av (L),135,Brooklyn,2248
12/12/23,Livonia Av (L),135,Brooklyn,2297
12/11/23,Livonia Av (L),135,Brooklyn,2165
12/10/23,Livonia Av (L),135,Brooklyn,1031
12/9/23,Livonia Av (L),135,Brooklyn,1483
12/8/23,Livonia Av (L),135,Brooklyn,2416
12/6/23,Livonia Av (L),135,Brooklyn,2331
12/5/23,Livonia Av (L),135,Brooklyn,2144
12/4/23,Livonia Av (L),135,Brooklyn,2109
12/3/23,Livonia Av (L),135,Brooklyn,829
12/2/23,Livonia Av (L),135,Brooklyn,1176
12/1/23,Livonia Av (L),135,Brooklyn,1824
11/24/23,Livonia Av (L),135,Brooklyn,852
11/7/23,Livonia Av (L),135,Brooklyn,2288
12/31/23,Longwood Av (6),372,Bronx,15
12/30/23,Longwood Av (6),372,Bronx,1010
12/29/23,Longwood Av (6),372,Bronx,1761
12/28/23,Longwood Av (6),372,Bronx,1750
12/27/23,Longwood Av (6),372,Bronx,1937
12/26/23,Longwood Av (6),372,Bronx,1545
12/25/23,Longwood Av (6),372,Bronx,591
12/23/23,Longwood Av (6),372,Bronx,1102
12/22/23,Longwood Av (6),372,Bronx,2063
12/21/23,Longwood Av (6),372,Bronx,2274
12/20/23,Longwood Av (6),372,Bronx,2290
12/19/23,Longwood Av (6),372,Bronx,2193
12/18/23,Longwood Av (6),372,Bronx,2007
12/17/23,Longwood Av (6),372,Bronx,838
12/16/23,Longwood Av (6),372,Bronx,1093
12/15/23,Longwood Av (6),372,Bronx,2344
12/14/23,Longwood Av (6),372,Bronx,2378
12/13/23,Longwood Av (6),372,Bronx,2547
12/12/23,Longwood Av (6),372,Bronx,2278
12/11/23,Longwood Av (6),372,Bronx,2179
12/10/23,Longwood Av (6),372,Bronx,697
12/9/23,Longwood Av (6),372,Bronx,1162
12/8/23,Longwood Av (6),372,Bronx,2240
12/6/23,Longwood Av (6),372,Bronx,2386
12/5/23,Longwood Av (6),372,Bronx,2387
12/4/23,Longwood Av (6),372,Bronx,2338
12/3/23,Longwood Av (6),372,Bronx,763
12/2/23,Longwood Av (6),372,Bronx,1243
12/1/23,Longwood Av (6),372,Bronx,2341
11/24/23,Longwood Av (6),372,Bronx,806
11/7/23,Longwood Av (6),372,Bronx,2362
12/31/23,Lorimer St (L)/Metropolitan Av (G),629,Brooklyn,327
12/30/23,Lorimer St (L)/Metropolitan Av (G),629,Brooklyn,9440
12/29/23,Lorimer St (L)/Metropolitan Av (G),629,Brooklyn,9613
12/28/23,Lorimer St (L)/Metropolitan Av (G),629,Brooklyn,8392
12/27/23,Lorimer St (L)/Metropolitan Av (G),629,Brooklyn,7415
12/26/23,Lorimer St (L)/Metropolitan Av (G),629,Brooklyn,5731
12/25/23,Lorimer St (L)/Metropolitan Av (G),629,Brooklyn,2736
12/23/23,Lorimer St (L)/Metropolitan Av (G),629,Brooklyn,6707
12/22/23,Lorimer St (L)/Metropolitan Av (G),629,Brooklyn,9699
12/21/23,Lorimer St (L)/Metropolitan Av (G),629,Brooklyn,10323
12/20/23,Lorimer St (L)/Metropolitan Av (G),629,Brooklyn,10973
12/19/23,Lorimer St (L)/Metropolitan Av (G),629,Brooklyn,11327
12/18/23,Lorimer St (L)/Metropolitan Av (G),629,Brooklyn,9764
12/17/23,Lorimer St (L)/Metropolitan Av (G),629,Brooklyn,9553
12/16/23,Lorimer St (L)/Metropolitan Av (G),629,Brooklyn,14232
12/15/23,Lorimer St (L)/Metropolitan Av (G),629,Brooklyn,13688
12/14/23,Lorimer St (L)/Metropolitan Av (G),629,Brooklyn,12891
12/13/23,Lorimer St (L)/Metropolitan Av (G),629,Brooklyn,12755
12/12/23,Lorimer St (L)/Metropolitan Av (G),629,Brooklyn,12486
12/11/23,Lorimer St (L)/Metropolitan Av (G),629,Brooklyn,10364
12/10/23,Lorimer St (L)/Metropolitan Av (G),629,Brooklyn,9370
12/9/23,Lorimer St (L)/Metropolitan Av (G),629,Brooklyn,14103
12/8/23,Lorimer St (L)/Metropolitan Av (G),629,Brooklyn,13005
12/6/23,Lorimer St (L)/Metropolitan Av (G),629,Brooklyn,12320
12/5/23,Lorimer St (L)/Metropolitan Av (G),629,Brooklyn,12058
12/4/23,Lorimer St (L)/Metropolitan Av (G),629,Brooklyn,10584
12/3/23,Lorimer St (L)/Metropolitan Av (G),629,Brooklyn,9475
12/2/23,Lorimer St (L)/Metropolitan Av (G),629,Brooklyn,14360
12/1/23,Lorimer St (L)/Metropolitan Av (G),629,Brooklyn,12598
11/24/23,Lorimer St (L)/Metropolitan Av (G),629,Brooklyn,4796
11/7/23,Lorimer St (L)/Metropolitan Av (G),629,Brooklyn,12358
12/31/23,"Lorimer St (M,J)",99,Brooklyn,20
12/30/23,"Lorimer St (M,J)",99,Brooklyn,1423
12/29/23,"Lorimer St (M,J)",99,Brooklyn,2324
12/28/23,"Lorimer St (M,J)",99,Brooklyn,2320
12/27/23,"Lorimer St (M,J)",99,Brooklyn,2177
12/26/23,"Lorimer St (M,J)",99,Brooklyn,1932
12/25/23,"Lorimer St (M,J)",99,Brooklyn,916
12/23/23,"Lorimer St (M,J)",99,Brooklyn,1379
12/22/23,"Lorimer St (M,J)",99,Brooklyn,2531
12/21/23,"Lorimer St (M,J)",99,Brooklyn,2775
12/20/23,"Lorimer St (M,J)",99,Brooklyn,2847
12/19/23,"Lorimer St (M,J)",99,Brooklyn,3006
12/18/23,"Lorimer St (M,J)",99,Brooklyn,2455
12/17/23,"Lorimer St (M,J)",99,Brooklyn,1462
12/16/23,"Lorimer St (M,J)",99,Brooklyn,1836
12/15/23,"Lorimer St (M,J)",99,Brooklyn,2998
12/14/23,"Lorimer St (M,J)",99,Brooklyn,2862
12/13/23,"Lorimer St (M,J)",99,Brooklyn,3041
12/12/23,"Lorimer St (M,J)",99,Brooklyn,2819
12/11/23,"Lorimer St (M,J)",99,Brooklyn,2612
12/10/23,"Lorimer St (M,J)",99,Brooklyn,1372
12/9/23,"Lorimer St (M,J)",99,Brooklyn,1877
12/8/23,"Lorimer St (M,J)",99,Brooklyn,2992
12/6/23,"Lorimer St (M,J)",99,Brooklyn,3115
12/5/23,"Lorimer St (M,J)",99,Brooklyn,3023
12/4/23,"Lorimer St (M,J)",99,Brooklyn,2983
12/3/23,"Lorimer St (M,J)",99,Brooklyn,1469
12/2/23,"Lorimer St (M,J)",99,Brooklyn,1925
12/1/23,"Lorimer St (M,J)",99,Brooklyn,2888
11/24/23,"Lorimer St (M,J)",99,Brooklyn,1330
11/7/23,"Lorimer St (M,J)",99,Brooklyn,3121
12/31/23,Marble Hill-225 St (1),296,Manhattan,5
12/30/23,Marble Hill-225 St (1),296,Manhattan,2196
12/29/23,Marble Hill-225 St (1),296,Manhattan,2873
12/28/23,Marble Hill-225 St (1),296,Manhattan,2777
12/27/23,Marble Hill-225 St (1),296,Manhattan,2748
12/26/23,Marble Hill-225 St (1),296,Manhattan,2714
12/25/23,Marble Hill-225 St (1),296,Manhattan,1103
12/23/23,Marble Hill-225 St (1),296,Manhattan,2378
12/22/23,Marble Hill-225 St (1),296,Manhattan,3534
12/21/23,Marble Hill-225 St (1),296,Manhattan,3481
12/20/23,Marble Hill-225 St (1),296,Manhattan,3539
12/19/23,Marble Hill-225 St (1),296,Manhattan,3827
12/18/23,Marble Hill-225 St (1),296,Manhattan,3204
12/17/23,Marble Hill-225 St (1),296,Manhattan,720
12/16/23,Marble Hill-225 St (1),296,Manhattan,1351
12/15/23,Marble Hill-225 St (1),296,Manhattan,3786
12/14/23,Marble Hill-225 St (1),296,Manhattan,3903
12/13/23,Marble Hill-225 St (1),296,Manhattan,4525
12/12/23,Marble Hill-225 St (1),296,Manhattan,3807
12/11/23,Marble Hill-225 St (1),296,Manhattan,3593
12/10/23,Marble Hill-225 St (1),296,Manhattan,1631
12/9/23,Marble Hill-225 St (1),296,Manhattan,2517
12/8/23,Marble Hill-225 St (1),296,Manhattan,3850
12/6/23,Marble Hill-225 St (1),296,Manhattan,3894
12/5/23,Marble Hill-225 St (1),296,Manhattan,3904
12/4/23,Marble Hill-225 St (1),296,Manhattan,3658
12/3/23,Marble Hill-225 St (1),296,Manhattan,1721
12/2/23,Marble Hill-225 St (1),296,Manhattan,2512
12/1/23,Marble Hill-225 St (1),296,Manhattan,3702
11/24/23,Marble Hill-225 St (1),296,Manhattan,1647
11/7/23,Marble Hill-225 St (1),296,Manhattan,3855
12/31/23,"Marcy Av (M,J,Z)",101,Brooklyn,84
12/30/23,"Marcy Av (M,J,Z)",101,Brooklyn,5113
12/29/23,"Marcy Av (M,J,Z)",101,Brooklyn,8105
12/28/23,"Marcy Av (M,J,Z)",101,Brooklyn,7150
12/27/23,"Marcy Av (M,J,Z)",101,Brooklyn,6754
12/26/23,"Marcy Av (M,J,Z)",101,Brooklyn,6138
12/25/23,"Marcy Av (M,J,Z)",101,Brooklyn,2642
12/23/23,"Marcy Av (M,J,Z)",101,Brooklyn,4232
12/22/23,"Marcy Av (M,J,Z)",101,Brooklyn,7937
12/21/23,"Marcy Av (M,J,Z)",101,Brooklyn,8566
12/20/23,"Marcy Av (M,J,Z)",101,Brooklyn,8896
12/19/23,"Marcy Av (M,J,Z)",101,Brooklyn,8882
12/18/23,"Marcy Av (M,J,Z)",101,Brooklyn,7478
12/17/23,"Marcy Av (M,J,Z)",101,Brooklyn,4249
12/16/23,"Marcy Av (M,J,Z)",101,Brooklyn,5888
12/15/23,"Marcy Av (M,J,Z)",101,Brooklyn,10315
12/14/23,"Marcy Av (M,J,Z)",101,Brooklyn,10252
12/13/23,"Marcy Av (M,J,Z)",101,Brooklyn,10064
12/12/23,"Marcy Av (M,J,Z)",101,Brooklyn,9723
12/11/23,"Marcy Av (M,J,Z)",101,Brooklyn,8485
12/10/23,"Marcy Av (M,J,Z)",101,Brooklyn,4009
12/9/23,"Marcy Av (M,J,Z)",101,Brooklyn,6224
12/8/23,"Marcy Av (M,J,Z)",101,Brooklyn,9271
12/6/23,"Marcy Av (M,J,Z)",101,Brooklyn,9648
12/5/23,"Marcy Av (M,J,Z)",101,Brooklyn,9821
12/4/23,"Marcy Av (M,J,Z)",101,Brooklyn,9019
12/3/23,"Marcy Av (M,J,Z)",101,Brooklyn,4185
12/2/23,"Marcy Av (M,J,Z)",101,Brooklyn,6214
12/1/23,"Marcy Av (M,J,Z)",101,Brooklyn,9407
11/24/23,"Marcy Av (M,J,Z)",101,Brooklyn,3507
11/7/23,"Marcy Av (M,J,Z)",101,Brooklyn,9893
12/31/23,Mets-Willets Point (7),448,Queens,10
12/30/23,Mets-Willets Point (7),448,Queens,1453
12/29/23,Mets-Willets Point (7),448,Queens,2071
12/28/23,Mets-Willets Point (7),448,Queens,1964
12/27/23,Mets-Willets Point (7),448,Queens,2047
12/26/23,Mets-Willets Point (7),448,Queens,1767
12/25/23,Mets-Willets Point (7),448,Queens,926
12/23/23,Mets-Willets Point (7),448,Queens,1234
12/22/23,Mets-Willets Point (7),448,Queens,1917
12/21/23,Mets-Willets Point (7),448,Queens,2036
12/20/23,Mets-Willets Point (7),448,Queens,2088
12/19/23,Mets-Willets Point (7),448,Queens,2061
12/18/23,Mets-Willets Point (7),448,Queens,1734
12/17/23,Mets-Willets Point (7),448,Queens,1095
12/16/23,Mets-Willets Point (7),448,Queens,1593
12/15/23,Mets-Willets Point (7),448,Queens,1999
12/14/23,Mets-Willets Point (7),448,Queens,2066
12/13/23,Mets-Willets Point (7),448,Queens,2112
12/12/23,Mets-Willets Point (7),448,Queens,2111
12/11/23,Mets-Willets Point (7),448,Queens,1990
12/10/23,Mets-Willets Point (7),448,Queens,982
12/9/23,Mets-Willets Point (7),448,Queens,1740
12/8/23,Mets-Willets Point (7),448,Queens,2137
12/6/23,Mets-Willets Point (7),448,Queens,2221
12/5/23,Mets-Willets Point (7),448,Queens,2063
12/4/23,Mets-Willets Point (7),448,Queens,1958
12/3/23,Mets-Willets Point (7),448,Queens,863
12/2/23,Mets-Willets Point (7),448,Queens,1630
12/1/23,Mets-Willets Point (7),448,Queens,1832
11/24/23,Mets-Willets Point (7),448,Queens,812
11/7/23,Mets-Willets Point (7),448,Queens,2056
12/31/23,Middle Village-Metropolitan Av (M),108,Queens,9
12/30/23,Middle Village-Metropolitan Av (M),108,Queens,1400
12/29/23,Middle Village-Metropolitan Av (M),108,Queens,2966
12/28/23,Middle Village-Metropolitan Av (M),108,Queens,2936
12/27/23,Middle Village-Metropolitan Av (M),108,Queens,2813
12/26/23,Middle Village-Metropolitan Av (M),108,Queens,2675
12/25/23,Middle Village-Metropolitan Av (M),108,Queens,579
12/23/23,Middle Village-Metropolitan Av (M),108,Queens,1359
12/22/23,Middle Village-Metropolitan Av (M),108,Queens,3337
12/21/23,Middle Village-Metropolitan Av (M),108,Queens,3869
12/20/23,Middle Village-Metropolitan Av (M),108,Queens,4003
12/19/23,Middle Village-Metropolitan Av (M),108,Queens,4045
12/18/23,Middle Village-Metropolitan Av (M),108,Queens,3363
12/17/23,Middle Village-Metropolitan Av (M),108,Queens,1063
12/16/23,Middle Village-Metropolitan Av (M),108,Queens,1630
12/15/23,Middle Village-Metropolitan Av (M),108,Queens,3810
12/14/23,Middle Village-Metropolitan Av (M),108,Queens,4005
12/13/23,Middle Village-Metropolitan Av (M),108,Queens,4026
12/12/23,Middle Village-Metropolitan Av (M),108,Queens,3972
12/11/23,Middle Village-Metropolitan Av (M),108,Queens,3569
12/10/23,Middle Village-Metropolitan Av (M),108,Queens,902
12/9/23,Middle Village-Metropolitan Av (M),108,Queens,1638
12/8/23,Middle Village-Metropolitan Av (M),108,Queens,3729
12/6/23,Middle Village-Metropolitan Av (M),108,Queens,4087
12/5/23,Middle Village-Metropolitan Av (M),108,Queens,4153
12/4/23,Middle Village-Metropolitan Av (M),108,Queens,3908
12/3/23,Middle Village-Metropolitan Av (M),108,Queens,976
12/2/23,Middle Village-Metropolitan Av (M),108,Queens,1557
12/1/23,Middle Village-Metropolitan Av (M),108,Queens,3613
11/24/23,Middle Village-Metropolitan Av (M),108,Queens,875
11/7/23,Middle Village-Metropolitan Av (M),108,Queens,4008
12/31/23,Middletown Rd (6),362,Bronx,5
12/30/23,Middletown Rd (6),362,Bronx,583
12/29/23,Middletown Rd (6),362,Bronx,1096
12/28/23,Middletown Rd (6),362,Bronx,1123
12/27/23,Middletown Rd (6),362,Bronx,1100
12/26/23,Middletown Rd (6),362,Bronx,1020
12/25/23,Middletown Rd (6),362,Bronx,293
12/23/23,Middletown Rd (6),362,Bronx,589
12/22/23,Middletown Rd (6),362,Bronx,1344
12/21/23,Middletown Rd (6),362,Bronx,1627
12/20/23,Middletown Rd (6),362,Bronx,1697
12/19/23,Middletown Rd (6),362,Bronx,1619
12/18/23,Middletown Rd (6),362,Bronx,1472
12/17/23,Middletown Rd (6),362,Bronx,369
12/16/23,Middletown Rd (6),362,Bronx,593
12/15/23,Middletown Rd (6),362,Bronx,1568
12/14/23,Middletown Rd (6),362,Bronx,1657
12/13/23,Middletown Rd (6),362,Bronx,1703
12/12/23,Middletown Rd (6),362,Bronx,1749
12/11/23,Middletown Rd (6),362,Bronx,1556
12/10/23,Middletown Rd (6),362,Bronx,338
12/9/23,Middletown Rd (6),362,Bronx,629
12/8/23,Middletown Rd (6),362,Bronx,1607
12/6/23,Middletown Rd (6),362,Bronx,1767
12/5/23,Middletown Rd (6),362,Bronx,1801
12/4/23,Middletown Rd (6),362,Bronx,1671
12/3/23,Middletown Rd (6),362,Bronx,376
12/2/23,Middletown Rd (6),362,Bronx,662
12/1/23,Middletown Rd (6),362,Bronx,1543
11/24/23,Middletown Rd (6),362,Bronx,390
11/7/23,Middletown Rd (6),362,Bronx,1707
12/31/23,Montrose Av (L),124,Brooklyn,65
12/30/23,Montrose Av (L),124,Brooklyn,3785
12/29/23,Montrose Av (L),124,Brooklyn,3971
12/28/23,Montrose Av (L),124,Brooklyn,3573
12/27/23,Montrose Av (L),124,Brooklyn,3104
12/26/23,Montrose Av (L),124,Brooklyn,2587
12/25/23,Montrose Av (L),124,Brooklyn,1243
12/23/23,Montrose Av (L),124,Brooklyn,2840
12/22/23,Montrose Av (L),124,Brooklyn,4327
12/21/23,Montrose Av (L),124,Brooklyn,4588
12/20/23,Montrose Av (L),124,Brooklyn,4867
12/19/23,Montrose Av (L),124,Brooklyn,4918
12/18/23,Montrose Av (L),124,Brooklyn,4197
12/17/23,Montrose Av (L),124,Brooklyn,3634
12/16/23,Montrose Av (L),124,Brooklyn,4992
12/15/23,Montrose Av (L),124,Brooklyn,5121
12/14/23,Montrose Av (L),124,Brooklyn,5680
12/13/23,Montrose Av (L),124,Brooklyn,5363
12/12/23,Montrose Av (L),124,Brooklyn,5478
12/11/23,Montrose Av (L),124,Brooklyn,4864
12/10/23,Montrose Av (L),124,Brooklyn,3655
12/9/23,Montrose Av (L),124,Brooklyn,5362
12/8/23,Montrose Av (L),124,Brooklyn,5846
12/6/23,Montrose Av (L),124,Brooklyn,5538
12/5/23,Montrose Av (L),124,Brooklyn,5616
12/4/23,Montrose Av (L),124,Brooklyn,4888
12/3/23,Montrose Av (L),124,Brooklyn,3852
12/2/23,Montrose Av (L),124,Brooklyn,5214
12/1/23,Montrose Av (L),124,Brooklyn,5327
11/24/23,Montrose Av (L),124,Brooklyn,1763
11/7/23,Montrose Av (L),124,Brooklyn,5334
12/31/23,Morgan Av (L),125,Brooklyn,40
12/30/23,Morgan Av (L),125,Brooklyn,4397
12/29/23,Morgan Av (L),125,Brooklyn,4779
12/28/23,Morgan Av (L),125,Brooklyn,4416
12/27/23,Morgan Av (L),125,Brooklyn,3769
12/26/23,Morgan Av (L),125,Brooklyn,3061
12/25/23,Morgan Av (L),125,Brooklyn,1188
12/23/23,Morgan Av (L),125,Brooklyn,3399
12/22/23,Morgan Av (L),125,Brooklyn,4500
12/21/23,Morgan Av (L),125,Brooklyn,5055
12/20/23,Morgan Av (L),125,Brooklyn,5204
12/19/23,Morgan Av (L),125,Brooklyn,5385
12/18/23,Morgan Av (L),125,Brooklyn,4639
12/17/23,Morgan Av (L),125,Brooklyn,4183
12/16/23,Morgan Av (L),125,Brooklyn,5777
12/15/23,Morgan Av (L),125,Brooklyn,5467
12/14/23,Morgan Av (L),125,Brooklyn,5836
12/13/23,Morgan Av (L),125,Brooklyn,5666
12/12/23,Morgan Av (L),125,Brooklyn,5676
12/11/23,Morgan Av (L),125,Brooklyn,5211
12/10/23,Morgan Av (L),125,Brooklyn,3937
12/9/23,Morgan Av (L),125,Brooklyn,5920
12/8/23,Morgan Av (L),125,Brooklyn,6074
12/6/23,Morgan Av (L),125,Brooklyn,5842
12/5/23,Morgan Av (L),125,Brooklyn,5725
12/4/23,Morgan Av (L),125,Brooklyn,5117
12/3/23,Morgan Av (L),125,Brooklyn,3934
12/2/23,Morgan Av (L),125,Brooklyn,5664
12/1/23,Morgan Av (L),125,Brooklyn,5438
11/24/23,Morgan Av (L),125,Brooklyn,1810
11/7/23,Morgan Av (L),125,Brooklyn,5727
12/31/23,Morris Park (5),446,Bronx,3
12/30/23,Morris Park (5),446,Bronx,821
12/29/23,Morris Park (5),446,Bronx,1513
12/28/23,Morris Park (5),446,Bronx,1479
12/27/23,Morris Park (5),446,Bronx,1499
12/26/23,Morris Park (5),446,Bronx,1441
12/25/23,Morris Park (5),446,Bronx,427
12/23/23,Morris Park (5),446,Bronx,862
12/22/23,Morris Park (5),446,Bronx,1668
12/21/23,Morris Park (5),446,Bronx,1819
12/20/23,Morris Park (5),446,Bronx,1993
12/19/23,Morris Park (5),446,Bronx,2019
12/18/23,Morris Park (5),446,Bronx,1677
12/17/23,Morris Park (5),446,Bronx,533
12/16/23,Morris Park (5),446,Bronx,818
12/15/23,Morris Park (5),446,Bronx,1936
12/14/23,Morris Park (5),446,Bronx,2017
12/13/23,Morris Park (5),446,Bronx,2033
12/12/23,Morris Park (5),446,Bronx,2010
12/11/23,Morris Park (5),446,Bronx,1959
12/10/23,Morris Park (5),446,Bronx,633
12/9/23,Morris Park (5),446,Bronx,1141
12/8/23,Morris Park (5),446,Bronx,1973
12/6/23,Morris Park (5),446,Bronx,1904
12/5/23,Morris Park (5),446,Bronx,2149
12/4/23,Morris Park (5),446,Bronx,2014
12/3/23,Morris Park (5),446,Bronx,555
12/2/23,Morris Park (5),446,Bronx,1057
12/1/23,Morris Park (5),446,Bronx,1870
11/24/23,Morris Park (5),446,Bronx,537
11/7/23,Morris Park (5),446,Bronx,2124
12/31/23,Morrison Av-Soundview (6),368,Bronx,8
12/30/23,Morrison Av-Soundview (6),368,Bronx,2154
12/29/23,Morrison Av-Soundview (6),368,Bronx,3435
12/28/23,Morrison Av-Soundview (6),368,Bronx,3521
12/27/23,Morrison Av-Soundview (6),368,Bronx,3218
12/26/23,Morrison Av-Soundview (6),368,Bronx,3069
12/25/23,Morrison Av-Soundview (6),368,Bronx,1318
12/23/23,Morrison Av-Soundview (6),368,Bronx,2212
12/22/23,Morrison Av-Soundview (6),368,Bronx,3526
12/21/23,Morrison Av-Soundview (6),368,Bronx,3749
12/20/23,Morrison Av-Soundview (6),368,Bronx,3881
12/19/23,Morrison Av-Soundview (6),368,Bronx,3863
12/18/23,Morrison Av-Soundview (6),368,Bronx,3410
12/17/23,Morrison Av-Soundview (6),368,Bronx,1661
12/16/23,Morrison Av-Soundview (6),368,Bronx,2293
12/15/23,Morrison Av-Soundview (6),368,Bronx,4223
12/14/23,Morrison Av-Soundview (6),368,Bronx,3970
12/13/23,Morrison Av-Soundview (6),368,Bronx,4144
12/12/23,Morrison Av-Soundview (6),368,Bronx,4196
12/11/23,Morrison Av-Soundview (6),368,Bronx,3624
12/10/23,Morrison Av-Soundview (6),368,Bronx,1528
12/9/23,Morrison Av-Soundview (6),368,Bronx,2263
12/8/23,Morrison Av-Soundview (6),368,Bronx,4000
12/6/23,Morrison Av-Soundview (6),368,Bronx,3947
12/5/23,Morrison Av-Soundview (6),368,Bronx,3992
12/4/23,Morrison Av-Soundview (6),368,Bronx,3886
12/3/23,Morrison Av-Soundview (6),368,Bronx,1691
12/2/23,Morrison Av-Soundview (6),368,Bronx,2377
12/1/23,Morrison Av-Soundview (6),368,Bronx,4103
11/24/23,Morrison Av-Soundview (6),368,Bronx,1752
11/7/23,Morrison Av-Soundview (6),368,Bronx,4044
12/31/23,Mosholu Pkwy (4),379,Bronx,21
12/30/23,Mosholu Pkwy (4),379,Bronx,2753
12/29/23,Mosholu Pkwy (4),379,Bronx,4100
12/28/23,Mosholu Pkwy (4),379,Bronx,4123
12/27/23,Mosholu Pkwy (4),379,Bronx,4177
12/26/23,Mosholu Pkwy (4),379,Bronx,3889
12/25/23,Mosholu Pkwy (4),379,Bronx,1709
12/23/23,Mosholu Pkwy (4),379,Bronx,2642
12/22/23,Mosholu Pkwy (4),379,Bronx,4697
12/21/23,Mosholu Pkwy (4),379,Bronx,5140
12/20/23,Mosholu Pkwy (4),379,Bronx,5197
12/19/23,Mosholu Pkwy (4),379,Bronx,5150
12/18/23,Mosholu Pkwy (4),379,Bronx,4879
12/17/23,Mosholu Pkwy (4),379,Bronx,3359
12/16/23,Mosholu Pkwy (4),379,Bronx,4780
12/15/23,Mosholu Pkwy (4),379,Bronx,5355
12/14/23,Mosholu Pkwy (4),379,Bronx,5453
12/13/23,Mosholu Pkwy (4),379,Bronx,5604
12/12/23,Mosholu Pkwy (4),379,Bronx,5552
12/11/23,Mosholu Pkwy (4),379,Bronx,5392
12/10/23,Mosholu Pkwy (4),379,Bronx,139
12/9/23,Mosholu Pkwy (4),379,Bronx,438
12/8/23,Mosholu Pkwy (4),379,Bronx,5384
12/6/23,Mosholu Pkwy (4),379,Bronx,5777
12/5/23,Mosholu Pkwy (4),379,Bronx,5684
12/4/23,Mosholu Pkwy (4),379,Bronx,5586
12/3/23,Mosholu Pkwy (4),379,Bronx,3373
12/2/23,Mosholu Pkwy (4),379,Bronx,4653
12/1/23,Mosholu Pkwy (4),379,Bronx,5196
11/24/23,Mosholu Pkwy (4),379,Bronx,2181
11/7/23,Mosholu Pkwy (4),379,Bronx,5696
12/31/23,Mt Eden Av (4),386,Bronx,6
12/30/23,Mt Eden Av (4),386,Bronx,1586
12/29/23,Mt Eden Av (4),386,Bronx,2369
12/28/23,Mt Eden Av (4),386,Bronx,2322
12/27/23,Mt Eden Av (4),386,Bronx,2342
12/26/23,Mt Eden Av (4),386,Bronx,2282
12/25/23,Mt Eden Av (4),386,Bronx,935
12/23/23,Mt Eden Av (4),386,Bronx,1513
12/22/23,Mt Eden Av (4),386,Bronx,2719
12/21/23,Mt Eden Av (4),386,Bronx,2991
12/20/23,Mt Eden Av (4),386,Bronx,2980
12/19/23,Mt Eden Av (4),386,Bronx,3174
12/18/23,Mt Eden Av (4),386,Bronx,2838
12/17/23,Mt Eden Av (4),386,Bronx,1837
12/16/23,Mt Eden Av (4),386,Bronx,2591
12/15/23,Mt Eden Av (4),386,Bronx,3041
12/14/23,Mt Eden Av (4),386,Bronx,3031
12/13/23,Mt Eden Av (4),386,Bronx,2885
12/12/23,Mt Eden Av (4),386,Bronx,2956
12/11/23,Mt Eden Av (4),386,Bronx,2883
12/10/23,Mt Eden Av (4),386,Bronx,1167
12/9/23,Mt Eden Av (4),386,Bronx,1811
12/8/23,Mt Eden Av (4),386,Bronx,3004
12/6/23,Mt Eden Av (4),386,Bronx,3207
12/5/23,Mt Eden Av (4),386,Bronx,3331
12/4/23,Mt Eden Av (4),386,Bronx,3179
12/3/23,Mt Eden Av (4),386,Bronx,1752
12/2/23,Mt Eden Av (4),386,Bronx,2496
12/1/23,Mt Eden Av (4),386,Bronx,3000
11/24/23,Mt Eden Av (4),386,Bronx,1083
11/7/23,Mt Eden Av (4),386,Bronx,3078
12/31/23,"Myrtle Av (M,J,Z)",97,Brooklyn,61
12/30/23,"Myrtle Av (M,J,Z)",97,Brooklyn,5355
12/29/23,"Myrtle Av (M,J,Z)",97,Brooklyn,6995
12/28/23,"Myrtle Av (M,J,Z)",97,Brooklyn,6307
12/27/23,"Myrtle Av (M,J,Z)",97,Brooklyn,5835
12/26/23,"Myrtle Av (M,J,Z)",97,Brooklyn,5090
12/25/23,"Myrtle Av (M,J,Z)",97,Brooklyn,2566
12/23/23,"Myrtle Av (M,J,Z)",97,Brooklyn,4721
12/22/23,"Myrtle Av (M,J,Z)",97,Brooklyn,7276
12/21/23,"Myrtle Av (M,J,Z)",97,Brooklyn,7826
12/20/23,"Myrtle Av (M,J,Z)",97,Brooklyn,8267
12/19/23,"Myrtle Av (M,J,Z)",97,Brooklyn,8489
12/18/23,"Myrtle Av (M,J,Z)",97,Brooklyn,7267
12/17/23,"Myrtle Av (M,J,Z)",97,Brooklyn,4411
12/16/23,"Myrtle Av (M,J,Z)",97,Brooklyn,6579
12/15/23,"Myrtle Av (M,J,Z)",97,Brooklyn,9526
12/14/23,"Myrtle Av (M,J,Z)",97,Brooklyn,9583
12/13/23,"Myrtle Av (M,J,Z)",97,Brooklyn,9796
12/12/23,"Myrtle Av (M,J,Z)",97,Brooklyn,9719
12/11/23,"Myrtle Av (M,J,Z)",97,Brooklyn,7827
12/10/23,"Myrtle Av (M,J,Z)",97,Brooklyn,4448
12/9/23,"Myrtle Av (M,J,Z)",97,Brooklyn,6724
12/8/23,"Myrtle Av (M,J,Z)",97,Brooklyn,9163
12/6/23,"Myrtle Av (M,J,Z)",97,Brooklyn,9172
12/5/23,"Myrtle Av (M,J,Z)",97,Brooklyn,9456
12/4/23,"Myrtle Av (M,J,Z)",97,Brooklyn,8635
12/3/23,"Myrtle Av (M,J,Z)",97,Brooklyn,5089
12/2/23,"Myrtle Av (M,J,Z)",97,Brooklyn,7015
12/1/23,"Myrtle Av (M,J,Z)",97,Brooklyn,9224
11/24/23,"Myrtle Av (M,J,Z)",97,Brooklyn,3331
11/7/23,"Myrtle Av (M,J,Z)",97,Brooklyn,9564
12/31/23,Myrtle-Willoughby Avs (G),288,Brooklyn,18
12/30/23,Myrtle-Willoughby Avs (G),288,Brooklyn,2308
12/29/23,Myrtle-Willoughby Avs (G),288,Brooklyn,3039
12/28/23,Myrtle-Willoughby Avs (G),288,Brooklyn,2785
12/27/23,Myrtle-Willoughby Avs (G),288,Brooklyn,2469
12/26/23,Myrtle-Willoughby Avs (G),288,Brooklyn,2236
12/25/23,Myrtle-Willoughby Avs (G),288,Brooklyn,1101
12/23/23,Myrtle-Willoughby Avs (G),288,Brooklyn,2075
12/22/23,Myrtle-Willoughby Avs (G),288,Brooklyn,3337
12/21/23,Myrtle-Willoughby Avs (G),288,Brooklyn,3518
12/20/23,Myrtle-Willoughby Avs (G),288,Brooklyn,3821
12/19/23,Myrtle-Willoughby Avs (G),288,Brooklyn,3699
12/18/23,Myrtle-Willoughby Avs (G),288,Brooklyn,3371
12/17/23,Myrtle-Willoughby Avs (G),288,Brooklyn,2257
12/16/23,Myrtle-Willoughby Avs (G),288,Brooklyn,3024
12/15/23,Myrtle-Willoughby Avs (G),288,Brooklyn,4172
12/14/23,Myrtle-Willoughby Avs (G),288,Brooklyn,4401
12/13/23,Myrtle-Willoughby Avs (G),288,Brooklyn,4399
12/12/23,Myrtle-Willoughby Avs (G),288,Brooklyn,4454
12/11/23,Myrtle-Willoughby Avs (G),288,Brooklyn,4066
12/10/23,Myrtle-Willoughby Avs (G),288,Brooklyn,2229
12/9/23,Myrtle-Willoughby Avs (G),288,Brooklyn,3140
12/8/23,Myrtle-Willoughby Avs (G),288,Brooklyn,4274
12/6/23,Myrtle-Willoughby Avs (G),288,Brooklyn,4378
12/5/23,Myrtle-Willoughby Avs (G),288,Brooklyn,4384
12/4/23,Myrtle-Willoughby Avs (G),288,Brooklyn,4092
12/3/23,Myrtle-Willoughby Avs (G),288,Brooklyn,2152
12/2/23,Myrtle-Willoughby Avs (G),288,Brooklyn,2984
12/1/23,Myrtle-Willoughby Avs (G),288,Brooklyn,4243
11/24/23,Myrtle-Willoughby Avs (G),288,Brooklyn,1556
11/7/23,Myrtle-Willoughby Avs (G),288,Brooklyn,4457
12/31/23,"Myrtle-Wyckoff Avs (L,M)",630,Brooklyn,73
12/30/23,"Myrtle-Wyckoff Avs (L,M)",630,Brooklyn,11246
12/29/23,"Myrtle-Wyckoff Avs (L,M)",630,Brooklyn,15012
12/28/23,"Myrtle-Wyckoff Avs (L,M)",630,Brooklyn,13339
12/27/23,"Myrtle-Wyckoff Avs (L,M)",630,Brooklyn,13200
12/26/23,"Myrtle-Wyckoff Avs (L,M)",630,Brooklyn,11339
12/25/23,"Myrtle-Wyckoff Avs (L,M)",630,Brooklyn,5003
12/23/23,"Myrtle-Wyckoff Avs (L,M)",630,Brooklyn,10974
12/22/23,"Myrtle-Wyckoff Avs (L,M)",630,Brooklyn,16370
12/21/23,"Myrtle-Wyckoff Avs (L,M)",630,Brooklyn,16956
12/20/23,"Myrtle-Wyckoff Avs (L,M)",630,Brooklyn,17872
12/19/23,"Myrtle-Wyckoff Avs (L,M)",630,Brooklyn,17166
12/18/23,"Myrtle-Wyckoff Avs (L,M)",630,Brooklyn,15876
12/17/23,"Myrtle-Wyckoff Avs (L,M)",630,Brooklyn,9923
12/16/23,"Myrtle-Wyckoff Avs (L,M)",630,Brooklyn,13886
12/15/23,"Myrtle-Wyckoff Avs (L,M)",630,Brooklyn,18534
12/14/23,"Myrtle-Wyckoff Avs (L,M)",630,Brooklyn,18303
12/13/23,"Myrtle-Wyckoff Avs (L,M)",630,Brooklyn,18431
12/12/23,"Myrtle-Wyckoff Avs (L,M)",630,Brooklyn,18083
12/11/23,"Myrtle-Wyckoff Avs (L,M)",630,Brooklyn,17860
12/10/23,"Myrtle-Wyckoff Avs (L,M)",630,Brooklyn,9166
12/9/23,"Myrtle-Wyckoff Avs (L,M)",630,Brooklyn,14055
12/8/23,"Myrtle-Wyckoff Avs (L,M)",630,Brooklyn,20009
12/6/23,"Myrtle-Wyckoff Avs (L,M)",630,Brooklyn,18695
12/5/23,"Myrtle-Wyckoff Avs (L,M)",630,Brooklyn,18670
12/4/23,"Myrtle-Wyckoff Avs (L,M)",630,Brooklyn,17998
12/3/23,"Myrtle-Wyckoff Avs (L,M)",630,Brooklyn,9805
12/2/23,"Myrtle-Wyckoff Avs (L,M)",630,Brooklyn,13582
12/1/23,"Myrtle-Wyckoff Avs (L,M)",630,Brooklyn,17852
11/24/23,"Myrtle-Wyckoff Avs (L,M)",630,Brooklyn,7039
11/7/23,"Myrtle-Wyckoff Avs (L,M)",630,Brooklyn,18450
12/31/23,Nassau Av (G),284,Brooklyn,151
12/30/23,Nassau Av (G),284,Brooklyn,5156
12/29/23,Nassau Av (G),284,Brooklyn,6052
12/28/23,Nassau Av (G),284,Brooklyn,5216
12/27/23,Nassau Av (G),284,Brooklyn,4576
12/26/23,Nassau Av (G),284,Brooklyn,3616
12/25/23,Nassau Av (G),284,Brooklyn,1195
12/23/23,Nassau Av (G),284,Brooklyn,3912
12/22/23,Nassau Av (G),284,Brooklyn,6214
12/21/23,Nassau Av (G),284,Brooklyn,6623
12/20/23,Nassau Av (G),284,Brooklyn,6858
12/19/23,Nassau Av (G),284,Brooklyn,6845
12/18/23,Nassau Av (G),284,Brooklyn,6233
12/17/23,Nassau Av (G),284,Brooklyn,4773
12/16/23,Nassau Av (G),284,Brooklyn,7205
12/15/23,Nassau Av (G),284,Brooklyn,8277
12/14/23,Nassau Av (G),284,Brooklyn,8333
12/13/23,Nassau Av (G),284,Brooklyn,8003
12/12/23,Nassau Av (G),284,Brooklyn,7711
12/11/23,Nassau Av (G),284,Brooklyn,6834
12/10/23,Nassau Av (G),284,Brooklyn,4904
12/9/23,Nassau Av (G),284,Brooklyn,7307
12/8/23,Nassau Av (G),284,Brooklyn,8056
12/6/23,Nassau Av (G),284,Brooklyn,7918
12/5/23,Nassau Av (G),284,Brooklyn,7594
12/4/23,Nassau Av (G),284,Brooklyn,6821
12/3/23,Nassau Av (G),284,Brooklyn,5141
12/2/23,Nassau Av (G),284,Brooklyn,7159
12/1/23,Nassau Av (G),284,Brooklyn,7517
11/24/23,Nassau Av (G),284,Brooklyn,2330
11/7/23,Nassau Av (G),284,Brooklyn,7908
12/31/23,Neck Rd (Q),53,Brooklyn,4
12/30/23,Neck Rd (Q),53,Brooklyn,1853
12/29/23,Neck Rd (Q),53,Brooklyn,2787
12/28/23,Neck Rd (Q),53,Brooklyn,2670
12/27/23,Neck Rd (Q),53,Brooklyn,2788
12/26/23,Neck Rd (Q),53,Brooklyn,2792
12/25/23,Neck Rd (Q),53,Brooklyn,1265
12/23/23,Neck Rd (Q),53,Brooklyn,1815
12/22/23,Neck Rd (Q),53,Brooklyn,3045
12/21/23,Neck Rd (Q),53,Brooklyn,3395
12/20/23,Neck Rd (Q),53,Brooklyn,3424
12/19/23,Neck Rd (Q),53,Brooklyn,3459
12/18/23,Neck Rd (Q),53,Brooklyn,2964
12/17/23,Neck Rd (Q),53,Brooklyn,1408
12/16/23,Neck Rd (Q),53,Brooklyn,1927
12/15/23,Neck Rd (Q),53,Brooklyn,3253
12/14/23,Neck Rd (Q),53,Brooklyn,3422
12/13/23,Neck Rd (Q),53,Brooklyn,3304
12/12/23,Neck Rd (Q),53,Brooklyn,3447
12/11/23,Neck Rd (Q),53,Brooklyn,3273
12/10/23,Neck Rd (Q),53,Brooklyn,1334
12/9/23,Neck Rd (Q),53,Brooklyn,2038
12/8/23,Neck Rd (Q),53,Brooklyn,3133
12/6/23,Neck Rd (Q),53,Brooklyn,3382
12/5/23,Neck Rd (Q),53,Brooklyn,3542
12/4/23,Neck Rd (Q),53,Brooklyn,3333
12/3/23,Neck Rd (Q),53,Brooklyn,1246
12/2/23,Neck Rd (Q),53,Brooklyn,1810
12/1/23,Neck Rd (Q),53,Brooklyn,3109
11/24/23,Neck Rd (Q),53,Brooklyn,1495
11/7/23,Neck Rd (Q),53,Brooklyn,3403
12/31/23,Neptune Av (F),253,Brooklyn,2
12/30/23,Neptune Av (F),253,Brooklyn,470
12/29/23,Neptune Av (F),253,Brooklyn,999
12/28/23,Neptune Av (F),253,Brooklyn,1065
12/27/23,Neptune Av (F),253,Brooklyn,929
12/26/23,Neptune Av (F),253,Brooklyn,897
12/25/23,Neptune Av (F),253,Brooklyn,396
12/23/23,Neptune Av (F),253,Brooklyn,474
12/22/23,Neptune Av (F),253,Brooklyn,1143
12/21/23,Neptune Av (F),253,Brooklyn,1251
12/20/23,Neptune Av (F),253,Brooklyn,1339
12/19/23,Neptune Av (F),253,Brooklyn,1336
12/18/23,Neptune Av (F),253,Brooklyn,1123
12/17/23,Neptune Av (F),253,Brooklyn,355
12/16/23,Neptune Av (F),253,Brooklyn,420
12/15/23,Neptune Av (F),253,Brooklyn,1176
12/14/23,Neptune Av (F),253,Brooklyn,1305
12/13/23,Neptune Av (F),253,Brooklyn,1324
12/12/23,Neptune Av (F),253,Brooklyn,1347
12/11/23,Neptune Av (F),253,Brooklyn,1322
12/10/23,Neptune Av (F),253,Brooklyn,2
12/9/23,Neptune Av (F),253,Brooklyn,2
12/8/23,Neptune Av (F),253,Brooklyn,1238
12/6/23,Neptune Av (F),253,Brooklyn,1389
12/5/23,Neptune Av (F),253,Brooklyn,1373
12/4/23,Neptune Av (F),253,Brooklyn,1296
12/2/23,Neptune Av (F),253,Brooklyn,5
12/1/23,Neptune Av (F),253,Brooklyn,1236
11/24/23,Neptune Av (F),253,Brooklyn,366
11/7/23,Neptune Av (F),253,Brooklyn,1353
12/31/23,"Nereid Av (2,5)",417,Bronx,4
12/30/23,"Nereid Av (2,5)",417,Bronx,896
12/29/23,"Nereid Av (2,5)",417,Bronx,1451
12/28/23,"Nereid Av (2,5)",417,Bronx,1454
12/27/23,"Nereid Av (2,5)",417,Bronx,1403
12/26/23,"Nereid Av (2,5)",417,Bronx,1236
12/25/23,"Nereid Av (2,5)",417,Bronx,527
12/23/23,"Nereid Av (2,5)",417,Bronx,852
12/22/23,"Nereid Av (2,5)",417,Bronx,1729
12/21/23,"Nereid Av (2,5)",417,Bronx,1987
12/20/23,"Nereid Av (2,5)",417,Bronx,2032
12/19/23,"Nereid Av (2,5)",417,Bronx,2207
12/18/23,"Nereid Av (2,5)",417,Bronx,1760
12/17/23,"Nereid Av (2,5)",417,Bronx,727
12/16/23,"Nereid Av (2,5)",417,Bronx,1029
12/15/23,"Nereid Av (2,5)",417,Bronx,2151
12/14/23,"Nereid Av (2,5)",417,Bronx,2213
12/13/23,"Nereid Av (2,5)",417,Bronx,2281
12/12/23,"Nereid Av (2,5)",417,Bronx,2176
12/11/23,"Nereid Av (2,5)",417,Bronx,2053
12/10/23,"Nereid Av (2,5)",417,Bronx,627
12/9/23,"Nereid Av (2,5)",417,Bronx,984
12/8/23,"Nereid Av (2,5)",417,Bronx,1988
12/6/23,"Nereid Av (2,5)",417,Bronx,2258
12/5/23,"Nereid Av (2,5)",417,Bronx,2185
12/4/23,"Nereid Av (2,5)",417,Bronx,2173
12/3/23,"Nereid Av (2,5)",417,Bronx,639
12/2/23,"Nereid Av (2,5)",417,Bronx,1045
12/1/23,"Nereid Av (2,5)",417,Bronx,2034
11/24/23,"Nereid Av (2,5)",417,Bronx,616
11/7/23,"Nereid Av (2,5)",417,Bronx,2133
12/31/23,"Nevins St (2,3,4,5)",337,Brooklyn,52
12/30/23,"Nevins St (2,3,4,5)",337,Brooklyn,4169
12/29/23,"Nevins St (2,3,4,5)",337,Brooklyn,5999
12/28/23,"Nevins St (2,3,4,5)",337,Brooklyn,5837
12/27/23,"Nevins St (2,3,4,5)",337,Brooklyn,5539
12/26/23,"Nevins St (2,3,4,5)",337,Brooklyn,4731
12/25/23,"Nevins St (2,3,4,5)",337,Brooklyn,1982
12/23/23,"Nevins St (2,3,4,5)",337,Brooklyn,4331
12/22/23,"Nevins St (2,3,4,5)",337,Brooklyn,7187
12/21/23,"Nevins St (2,3,4,5)",337,Brooklyn,7664
12/20/23,"Nevins St (2,3,4,5)",337,Brooklyn,7807
12/19/23,"Nevins St (2,3,4,5)",337,Brooklyn,7943
12/18/23,"Nevins St (2,3,4,5)",337,Brooklyn,6686
12/17/23,"Nevins St (2,3,4,5)",337,Brooklyn,3738
12/16/23,"Nevins St (2,3,4,5)",337,Brooklyn,5467
12/15/23,"Nevins St (2,3,4,5)",337,Brooklyn,7826
12/14/23,"Nevins St (2,3,4,5)",337,Brooklyn,8080
12/13/23,"Nevins St (2,3,4,5)",337,Brooklyn,8105
12/12/23,"Nevins St (2,3,4,5)",337,Brooklyn,7905
12/11/23,"Nevins St (2,3,4,5)",337,Brooklyn,7478
12/10/23,"Nevins St (2,3,4,5)",337,Brooklyn,3621
12/9/23,"Nevins St (2,3,4,5)",337,Brooklyn,5816
12/8/23,"Nevins St (2,3,4,5)",337,Brooklyn,7850
12/6/23,"Nevins St (2,3,4,5)",337,Brooklyn,8138
12/5/23,"Nevins St (2,3,4,5)",337,Brooklyn,8187
12/4/23,"Nevins St (2,3,4,5)",337,Brooklyn,7751
12/3/23,"Nevins St (2,3,4,5)",337,Brooklyn,4903
12/2/23,"Nevins St (2,3,4,5)",337,Brooklyn,7697
12/1/23,"Nevins St (2,3,4,5)",337,Brooklyn,7569
11/24/23,"Nevins St (2,3,4,5)",337,Brooklyn,3340
11/7/23,"Nevins St (2,3,4,5)",337,Brooklyn,8261
12/31/23,New Lots Av (3),352,Brooklyn,23
12/30/23,New Lots Av (3),352,Brooklyn,2026
12/29/23,New Lots Av (3),352,Brooklyn,3434
12/28/23,New Lots Av (3),352,Brooklyn,3229
12/27/23,New Lots Av (3),352,Brooklyn,3295
12/26/23,New Lots Av (3),352,Brooklyn,3066
12/25/23,New Lots Av (3),352,Brooklyn,1435
12/23/23,New Lots Av (3),352,Brooklyn,2184
12/22/23,New Lots Av (3),352,Brooklyn,3670
12/21/23,New Lots Av (3),352,Brooklyn,3859
12/20/23,New Lots Av (3),352,Brooklyn,4033
12/19/23,New Lots Av (3),352,Brooklyn,4305
12/18/23,New Lots Av (3),352,Brooklyn,3834
12/17/23,New Lots Av (3),352,Brooklyn,1813
12/16/23,New Lots Av (3),352,Brooklyn,2529
12/15/23,New Lots Av (3),352,Brooklyn,4201
12/14/23,New Lots Av (3),352,Brooklyn,4343
12/13/23,New Lots Av (3),352,Brooklyn,4474
12/12/23,New Lots Av (3),352,Brooklyn,4303
12/11/23,New Lots Av (3),352,Brooklyn,4073
12/10/23,New Lots Av (3),352,Brooklyn,1651
12/9/23,New Lots Av (3),352,Brooklyn,2195
12/8/23,New Lots Av (3),352,Brooklyn,4215
12/6/23,New Lots Av (3),352,Brooklyn,4417
12/5/23,New Lots Av (3),352,Brooklyn,4468
12/4/23,New Lots Av (3),352,Brooklyn,4559
12/3/23,New Lots Av (3),352,Brooklyn,2039
12/2/23,New Lots Av (3),352,Brooklyn,2543
12/1/23,New Lots Av (3),352,Brooklyn,4073
11/24/23,New Lots Av (3),352,Brooklyn,1819
11/7/23,New Lots Av (3),352,Brooklyn,4517
12/31/23,New Lots Av (L),136,Brooklyn,10
12/30/23,New Lots Av (L),136,Brooklyn,1272
12/29/23,New Lots Av (L),136,Brooklyn,2078
12/28/23,New Lots Av (L),136,Brooklyn,1982
12/27/23,New Lots Av (L),136,Brooklyn,2114
12/26/23,New Lots Av (L),136,Brooklyn,1826
12/25/23,New Lots Av (L),136,Brooklyn,841
12/23/23,New Lots Av (L),136,Brooklyn,1284
12/22/23,New Lots Av (L),136,Brooklyn,2190
12/21/23,New Lots Av (L),136,Brooklyn,2361
12/20/23,New Lots Av (L),136,Brooklyn,2247
12/19/23,New Lots Av (L),136,Brooklyn,2539
12/18/23,New Lots Av (L),136,Brooklyn,2028
12/17/23,New Lots Av (L),136,Brooklyn,958
12/16/23,New Lots Av (L),136,Brooklyn,1428
12/15/23,New Lots Av (L),136,Brooklyn,2459
12/14/23,New Lots Av (L),136,Brooklyn,2654
12/13/23,New Lots Av (L),136,Brooklyn,2489
12/12/23,New Lots Av (L),136,Brooklyn,2641
12/11/23,New Lots Av (L),136,Brooklyn,2447
12/10/23,New Lots Av (L),136,Brooklyn,1013
12/9/23,New Lots Av (L),136,Brooklyn,1349
12/8/23,New Lots Av (L),136,Brooklyn,2370
12/6/23,New Lots Av (L),136,Brooklyn,2591
12/5/23,New Lots Av (L),136,Brooklyn,2576
12/4/23,New Lots Av (L),136,Brooklyn,2588
12/3/23,New Lots Av (L),136,Brooklyn,986
12/2/23,New Lots Av (L),136,Brooklyn,1377
12/1/23,New Lots Av (L),136,Brooklyn,2481
11/24/23,New Lots Av (L),136,Brooklyn,1067
11/7/23,New Lots Av (L),136,Brooklyn,2604
12/31/23,New Utrecht Av (N)/62 St (D),615,Brooklyn,11
12/30/23,New Utrecht Av (N)/62 St (D),615,Brooklyn,2192
12/29/23,New Utrecht Av (N)/62 St (D),615,Brooklyn,3268
12/28/23,New Utrecht Av (N)/62 St (D),615,Brooklyn,3445
12/27/23,New Utrecht Av (N)/62 St (D),615,Brooklyn,3355
12/26/23,New Utrecht Av (N)/62 St (D),615,Brooklyn,3265
12/25/23,New Utrecht Av (N)/62 St (D),615,Brooklyn,1560
12/23/23,New Utrecht Av (N)/62 St (D),615,Brooklyn,2361
12/22/23,New Utrecht Av (N)/62 St (D),615,Brooklyn,3870
12/21/23,New Utrecht Av (N)/62 St (D),615,Brooklyn,4083
12/20/23,New Utrecht Av (N)/62 St (D),615,Brooklyn,4046
12/19/23,New Utrecht Av (N)/62 St (D),615,Brooklyn,4053
12/18/23,New Utrecht Av (N)/62 St (D),615,Brooklyn,3988
12/17/23,New Utrecht Av (N)/62 St (D),615,Brooklyn,1867
12/16/23,New Utrecht Av (N)/62 St (D),615,Brooklyn,2514
12/15/23,New Utrecht Av (N)/62 St (D),615,Brooklyn,4003
12/14/23,New Utrecht Av (N)/62 St (D),615,Brooklyn,4100
12/13/23,New Utrecht Av (N)/62 St (D),615,Brooklyn,4043
12/12/23,New Utrecht Av (N)/62 St (D),615,Brooklyn,4043
12/11/23,New Utrecht Av (N)/62 St (D),615,Brooklyn,3896
12/10/23,New Utrecht Av (N)/62 St (D),615,Brooklyn,1798
12/9/23,New Utrecht Av (N)/62 St (D),615,Brooklyn,2449
12/8/23,New Utrecht Av (N)/62 St (D),615,Brooklyn,4248
12/6/23,New Utrecht Av (N)/62 St (D),615,Brooklyn,4826
12/5/23,New Utrecht Av (N)/62 St (D),615,Brooklyn,4234
12/4/23,New Utrecht Av (N)/62 St (D),615,Brooklyn,4114
12/3/23,New Utrecht Av (N)/62 St (D),615,Brooklyn,1756
12/2/23,New Utrecht Av (N)/62 St (D),615,Brooklyn,2502
12/1/23,New Utrecht Av (N)/62 St (D),615,Brooklyn,4612
11/24/23,New Utrecht Av (N)/62 St (D),615,Brooklyn,1913
11/7/23,New Utrecht Av (N)/62 St (D),615,Brooklyn,4798
12/31/23,"Newkirk Av-Little Haiti (2,5)",358,Brooklyn,10
12/30/23,"Newkirk Av-Little Haiti (2,5)",358,Brooklyn,2559
12/29/23,"Newkirk Av-Little Haiti (2,5)",358,Brooklyn,3770
12/28/23,"Newkirk Av-Little Haiti (2,5)",358,Brooklyn,3792
12/27/23,"Newkirk Av-Little Haiti (2,5)",358,Brooklyn,3778
12/26/23,"Newkirk Av-Little Haiti (2,5)",358,Brooklyn,3237
12/25/23,"Newkirk Av-Little Haiti (2,5)",358,Brooklyn,1310
12/23/23,"Newkirk Av-Little Haiti (2,5)",358,Brooklyn,2520
12/22/23,"Newkirk Av-Little Haiti (2,5)",358,Brooklyn,4104
12/21/23,"Newkirk Av-Little Haiti (2,5)",358,Brooklyn,4681
12/20/23,"Newkirk Av-Little Haiti (2,5)",358,Brooklyn,4885
12/19/23,"Newkirk Av-Little Haiti (2,5)",358,Brooklyn,5001
12/18/23,"Newkirk Av-Little Haiti (2,5)",358,Brooklyn,4243
12/17/23,"Newkirk Av-Little Haiti (2,5)",358,Brooklyn,1948
12/16/23,"Newkirk Av-Little Haiti (2,5)",358,Brooklyn,2708
12/15/23,"Newkirk Av-Little Haiti (2,5)",358,Brooklyn,4948
12/14/23,"Newkirk Av-Little Haiti (2,5)",358,Brooklyn,4904
12/13/23,"Newkirk Av-Little Haiti (2,5)",358,Brooklyn,5182
12/12/23,"Newkirk Av-Little Haiti (2,5)",358,Brooklyn,5066
12/11/23,"Newkirk Av-Little Haiti (2,5)",358,Brooklyn,4877
12/10/23,"Newkirk Av-Little Haiti (2,5)",358,Brooklyn,1892
12/9/23,"Newkirk Av-Little Haiti (2,5)",358,Brooklyn,2718
12/8/23,"Newkirk Av-Little Haiti (2,5)",358,Brooklyn,4817
12/6/23,"Newkirk Av-Little Haiti (2,5)",358,Brooklyn,5299
12/5/23,"Newkirk Av-Little Haiti (2,5)",358,Brooklyn,5240
12/4/23,"Newkirk Av-Little Haiti (2,5)",358,Brooklyn,5110
12/3/23,"Newkirk Av-Little Haiti (2,5)",358,Brooklyn,1875
12/2/23,"Newkirk Av-Little Haiti (2,5)",358,Brooklyn,2774
12/1/23,"Newkirk Av-Little Haiti (2,5)",358,Brooklyn,4934
11/24/23,"Newkirk Av-Little Haiti (2,5)",358,Brooklyn,1970
11/7/23,"Newkirk Av-Little Haiti (2,5)",358,Brooklyn,5272
12/31/23,"Newkirk Plaza (B,Q)",47,Brooklyn,15
12/30/23,"Newkirk Plaza (B,Q)",47,Brooklyn,3962
12/29/23,"Newkirk Plaza (B,Q)",47,Brooklyn,6311
12/28/23,"Newkirk Plaza (B,Q)",47,Brooklyn,6041
12/27/23,"Newkirk Plaza (B,Q)",47,Brooklyn,5531
12/26/23,"Newkirk Plaza (B,Q)",47,Brooklyn,5360
12/25/23,"Newkirk Plaza (B,Q)",47,Brooklyn,2388
12/23/23,"Newkirk Plaza (B,Q)",47,Brooklyn,3795
12/22/23,"Newkirk Plaza (B,Q)",47,Brooklyn,7431
12/21/23,"Newkirk Plaza (B,Q)",47,Brooklyn,7815
12/20/23,"Newkirk Plaza (B,Q)",47,Brooklyn,7908
12/19/23,"Newkirk Plaza (B,Q)",47,Brooklyn,8053
12/18/23,"Newkirk Plaza (B,Q)",47,Brooklyn,7047
12/17/23,"Newkirk Plaza (B,Q)",47,Brooklyn,3123
12/16/23,"Newkirk Plaza (B,Q)",47,Brooklyn,4453
12/15/23,"Newkirk Plaza (B,Q)",47,Brooklyn,8068
12/14/23,"Newkirk Plaza (B,Q)",47,Brooklyn,8440
12/13/23,"Newkirk Plaza (B,Q)",47,Brooklyn,8311
12/12/23,"Newkirk Plaza (B,Q)",47,Brooklyn,8211
12/11/23,"Newkirk Plaza (B,Q)",47,Brooklyn,7361
12/10/23,"Newkirk Plaza (B,Q)",47,Brooklyn,3041
12/9/23,"Newkirk Plaza (B,Q)",47,Brooklyn,4699
12/8/23,"Newkirk Plaza (B,Q)",47,Brooklyn,7841
12/6/23,"Newkirk Plaza (B,Q)",47,Brooklyn,8289
12/5/23,"Newkirk Plaza (B,Q)",47,Brooklyn,8284
12/4/23,"Newkirk Plaza (B,Q)",47,Brooklyn,7837
12/3/23,"Newkirk Plaza (B,Q)",47,Brooklyn,2750
12/2/23,"Newkirk Plaza (B,Q)",47,Brooklyn,4077
12/1/23,"Newkirk Plaza (B,Q)",47,Brooklyn,7628
11/24/23,"Newkirk Plaza (B,Q)",47,Brooklyn,2900
11/7/23,"Newkirk Plaza (B,Q)",47,Brooklyn,8299
12/31/23,"Northern Blvd (M,R)",269,Queens,15
12/30/23,"Northern Blvd (M,R)",269,Queens,2580
12/29/23,"Northern Blvd (M,R)",269,Queens,4600
12/28/23,"Northern Blvd (M,R)",269,Queens,4729
12/27/23,"Northern Blvd (M,R)",269,Queens,4547
12/26/23,"Northern Blvd (M,R)",269,Queens,4437
12/25/23,"Northern Blvd (M,R)",269,Queens,1311
12/23/23,"Northern Blvd (M,R)",269,Queens,2805
12/22/23,"Northern Blvd (M,R)",269,Queens,5471
12/21/23,"Northern Blvd (M,R)",269,Queens,5585
12/20/23,"Northern Blvd (M,R)",269,Queens,5847
12/19/23,"Northern Blvd (M,R)",269,Queens,5793
12/18/23,"Northern Blvd (M,R)",269,Queens,5296
12/17/23,"Northern Blvd (M,R)",269,Queens,2134
12/16/23,"Northern Blvd (M,R)",269,Queens,3054
12/15/23,"Northern Blvd (M,R)",269,Queens,6120
12/14/23,"Northern Blvd (M,R)",269,Queens,5922
12/13/23,"Northern Blvd (M,R)",269,Queens,5947
12/12/23,"Northern Blvd (M,R)",269,Queens,5865
12/11/23,"Northern Blvd (M,R)",269,Queens,5276
12/10/23,"Northern Blvd (M,R)",269,Queens,1913
12/9/23,"Northern Blvd (M,R)",269,Queens,3086
12/8/23,"Northern Blvd (M,R)",269,Queens,5533
12/6/23,"Northern Blvd (M,R)",269,Queens,5767
12/5/23,"Northern Blvd (M,R)",269,Queens,6032
12/4/23,"Northern Blvd (M,R)",269,Queens,5526
12/3/23,"Northern Blvd (M,R)",269,Queens,1943
12/2/23,"Northern Blvd (M,R)",269,Queens,2961
12/1/23,"Northern Blvd (M,R)",269,Queens,5412
11/24/23,"Northern Blvd (M,R)",269,Queens,1920
11/7/23,"Northern Blvd (M,R)",269,Queens,5814
12/31/23,"Norwood Av (J,Z)",88,Brooklyn,5
12/30/23,"Norwood Av (J,Z)",88,Brooklyn,830
12/29/23,"Norwood Av (J,Z)",88,Brooklyn,1192
12/28/23,"Norwood Av (J,Z)",88,Brooklyn,1229
12/27/23,"Norwood Av (J,Z)",88,Brooklyn,1186
12/26/23,"Norwood Av (J,Z)",88,Brooklyn,1097
12/25/23,"Norwood Av (J,Z)",88,Brooklyn,449
12/23/23,"Norwood Av (J,Z)",88,Brooklyn,807
12/22/23,"Norwood Av (J,Z)",88,Brooklyn,1407
12/21/23,"Norwood Av (J,Z)",88,Brooklyn,1624
12/20/23,"Norwood Av (J,Z)",88,Brooklyn,1514
12/19/23,"Norwood Av (J,Z)",88,Brooklyn,1494
12/18/23,"Norwood Av (J,Z)",88,Brooklyn,1344
12/17/23,"Norwood Av (J,Z)",88,Brooklyn,530
12/16/23,"Norwood Av (J,Z)",88,Brooklyn,773
12/15/23,"Norwood Av (J,Z)",88,Brooklyn,1538
12/14/23,"Norwood Av (J,Z)",88,Brooklyn,1556
12/13/23,"Norwood Av (J,Z)",88,Brooklyn,1492
12/12/23,"Norwood Av (J,Z)",88,Brooklyn,1472
12/11/23,"Norwood Av (J,Z)",88,Brooklyn,1393
12/10/23,"Norwood Av (J,Z)",88,Brooklyn,516
12/9/23,"Norwood Av (J,Z)",88,Brooklyn,809
12/8/23,"Norwood Av (J,Z)",88,Brooklyn,1639
12/6/23,"Norwood Av (J,Z)",88,Brooklyn,1567
12/5/23,"Norwood Av (J,Z)",88,Brooklyn,1634
12/4/23,"Norwood Av (J,Z)",88,Brooklyn,1621
12/3/23,"Norwood Av (J,Z)",88,Brooklyn,554
12/2/23,"Norwood Av (J,Z)",88,Brooklyn,773
12/1/23,"Norwood Av (J,Z)",88,Brooklyn,1572
11/24/23,"Norwood Av (J,Z)",88,Brooklyn,632
11/7/23,"Norwood Av (J,Z)",88,Brooklyn,1541
12/31/23,Norwood-205 St (D),210,Bronx,5
12/30/23,Norwood-205 St (D),210,Bronx,2356
12/29/23,Norwood-205 St (D),210,Bronx,3879
12/28/23,Norwood-205 St (D),210,Bronx,3912
12/27/23,Norwood-205 St (D),210,Bronx,3810
12/26/23,Norwood-205 St (D),210,Bronx,3624
12/25/23,Norwood-205 St (D),210,Bronx,1560
12/23/23,Norwood-205 St (D),210,Bronx,2320
12/22/23,Norwood-205 St (D),210,Bronx,4437
12/21/23,Norwood-205 St (D),210,Bronx,4742
12/20/23,Norwood-205 St (D),210,Bronx,4746
12/19/23,Norwood-205 St (D),210,Bronx,4905
12/18/23,Norwood-205 St (D),210,Bronx,3984
12/17/23,Norwood-205 St (D),210,Bronx,26
12/16/23,Norwood-205 St (D),210,Bronx,19
12/15/23,Norwood-205 St (D),210,Bronx,4898
12/14/23,Norwood-205 St (D),210,Bronx,5046
12/13/23,Norwood-205 St (D),210,Bronx,5011
12/12/23,Norwood-205 St (D),210,Bronx,4940
12/11/23,Norwood-205 St (D),210,Bronx,4793
12/10/23,Norwood-205 St (D),210,Bronx,1945
12/9/23,Norwood-205 St (D),210,Bronx,2690
12/8/23,Norwood-205 St (D),210,Bronx,4719
12/6/23,Norwood-205 St (D),210,Bronx,5222
12/5/23,Norwood-205 St (D),210,Bronx,5007
12/4/23,Norwood-205 St (D),210,Bronx,4745
12/3/23,Norwood-205 St (D),210,Bronx,6
12/2/23,Norwood-205 St (D),210,Bronx,13
12/1/23,Norwood-205 St (D),210,Bronx,4799
11/24/23,Norwood-205 St (D),210,Bronx,1833
11/7/23,Norwood-205 St (D),210,Bronx,5012
12/31/23,Nostrand Av (3),343,Brooklyn,15
12/30/23,Nostrand Av (3),343,Brooklyn,1504
12/29/23,Nostrand Av (3),343,Brooklyn,2051
12/28/23,Nostrand Av (3),343,Brooklyn,1888
12/27/23,Nostrand Av (3),343,Brooklyn,1760
12/26/23,Nostrand Av (3),343,Brooklyn,1518
12/25/23,Nostrand Av (3),343,Brooklyn,679
12/23/23,Nostrand Av (3),343,Brooklyn,1375
12/22/23,Nostrand Av (3),343,Brooklyn,2409
12/21/23,Nostrand Av (3),343,Brooklyn,2512
12/20/23,Nostrand Av (3),343,Brooklyn,2525
12/19/23,Nostrand Av (3),343,Brooklyn,2604
12/18/23,Nostrand Av (3),343,Brooklyn,2277
12/17/23,Nostrand Av (3),343,Brooklyn,1368
12/16/23,Nostrand Av (3),343,Brooklyn,1923
12/15/23,Nostrand Av (3),343,Brooklyn,2894
12/14/23,Nostrand Av (3),343,Brooklyn,3006
12/13/23,Nostrand Av (3),343,Brooklyn,2664
12/12/23,Nostrand Av (3),343,Brooklyn,2825
12/11/23,Nostrand Av (3),343,Brooklyn,2573
12/10/23,Nostrand Av (3),343,Brooklyn,1302
12/9/23,Nostrand Av (3),343,Brooklyn,2014
12/8/23,Nostrand Av (3),343,Brooklyn,2798
12/6/23,Nostrand Av (3),343,Brooklyn,2933
12/5/23,Nostrand Av (3),343,Brooklyn,2828
12/4/23,Nostrand Av (3),343,Brooklyn,2625
12/3/23,Nostrand Av (3),343,Brooklyn,1435
12/2/23,Nostrand Av (3),343,Brooklyn,1951
12/1/23,Nostrand Av (3),343,Brooklyn,2743
11/24/23,Nostrand Av (3),343,Brooklyn,1049
11/7/23,Nostrand Av (3),343,Brooklyn,2877
12/31/23,"Nostrand Av (A,C)",179,Brooklyn,74
12/30/23,"Nostrand Av (A,C)",179,Brooklyn,7251
12/29/23,"Nostrand Av (A,C)",179,Brooklyn,9608
12/28/23,"Nostrand Av (A,C)",179,Brooklyn,9212
12/27/23,"Nostrand Av (A,C)",179,Brooklyn,8134
12/26/23,"Nostrand Av (A,C)",179,Brooklyn,7005
12/25/23,"Nostrand Av (A,C)",179,Brooklyn,3403
12/23/23,"Nostrand Av (A,C)",179,Brooklyn,7282
12/22/23,"Nostrand Av (A,C)",179,Brooklyn,10871
12/21/23,"Nostrand Av (A,C)",179,Brooklyn,11808
12/20/23,"Nostrand Av (A,C)",179,Brooklyn,12280
12/19/23,"Nostrand Av (A,C)",179,Brooklyn,12857
12/18/23,"Nostrand Av (A,C)",179,Brooklyn,10677
12/17/23,"Nostrand Av (A,C)",179,Brooklyn,6655
12/16/23,"Nostrand Av (A,C)",179,Brooklyn,9641
12/15/23,"Nostrand Av (A,C)",179,Brooklyn,13113
12/14/23,"Nostrand Av (A,C)",179,Brooklyn,13830
12/13/23,"Nostrand Av (A,C)",179,Brooklyn,13787
12/12/23,"Nostrand Av (A,C)",179,Brooklyn,13567
12/11/23,"Nostrand Av (A,C)",179,Brooklyn,12295
12/10/23,"Nostrand Av (A,C)",179,Brooklyn,6345
12/9/23,"Nostrand Av (A,C)",179,Brooklyn,9596
12/8/23,"Nostrand Av (A,C)",179,Brooklyn,13257
12/6/23,"Nostrand Av (A,C)",179,Brooklyn,14275
12/5/23,"Nostrand Av (A,C)",179,Brooklyn,13743
12/4/23,"Nostrand Av (A,C)",179,Brooklyn,12220
12/3/23,"Nostrand Av (A,C)",179,Brooklyn,21
12/2/23,"Nostrand Av (A,C)",179,Brooklyn,37
12/1/23,"Nostrand Av (A,C)",179,Brooklyn,12961
11/24/23,"Nostrand Av (A,C)",179,Brooklyn,5206
11/7/23,"Nostrand Av (A,C)",179,Brooklyn,14002
12/31/23,Ocean Pkwy (Q),56,Brooklyn,6
12/30/23,Ocean Pkwy (Q),56,Brooklyn,1378
12/29/23,Ocean Pkwy (Q),56,Brooklyn,2011
12/28/23,Ocean Pkwy (Q),56,Brooklyn,2005
12/27/23,Ocean Pkwy (Q),56,Brooklyn,1934
12/26/23,Ocean Pkwy (Q),56,Brooklyn,1769
12/25/23,Ocean Pkwy (Q),56,Brooklyn,1014
12/23/23,Ocean Pkwy (Q),56,Brooklyn,1213
12/22/23,Ocean Pkwy (Q),56,Brooklyn,1887
12/21/23,Ocean Pkwy (Q),56,Brooklyn,2064
12/20/23,Ocean Pkwy (Q),56,Brooklyn,2064
12/19/23,Ocean Pkwy (Q),56,Brooklyn,2127
12/18/23,Ocean Pkwy (Q),56,Brooklyn,1995
12/17/23,Ocean Pkwy (Q),56,Brooklyn,1107
12/16/23,Ocean Pkwy (Q),56,Brooklyn,1389
12/15/23,Ocean Pkwy (Q),56,Brooklyn,2181
12/14/23,Ocean Pkwy (Q),56,Brooklyn,2252
12/13/23,Ocean Pkwy (Q),56,Brooklyn,2296
12/12/23,Ocean Pkwy (Q),56,Brooklyn,2353
12/11/23,Ocean Pkwy (Q),56,Brooklyn,2147
12/10/23,Ocean Pkwy (Q),56,Brooklyn,1055
12/9/23,Ocean Pkwy (Q),56,Brooklyn,1548
12/8/23,Ocean Pkwy (Q),56,Brooklyn,2213
12/6/23,Ocean Pkwy (Q),56,Brooklyn,1699
12/5/23,Ocean Pkwy (Q),56,Brooklyn,2498
12/4/23,Ocean Pkwy (Q),56,Brooklyn,2591
12/3/23,Ocean Pkwy (Q),56,Brooklyn,1027
12/2/23,Ocean Pkwy (Q),56,Brooklyn,1532
12/1/23,Ocean Pkwy (Q),56,Brooklyn,2111
11/24/23,Ocean Pkwy (Q),56,Brooklyn,1025
11/7/23,Ocean Pkwy (Q),56,Brooklyn,2223
12/31/23,Ozone Park-Lefferts Blvd (A),195,Queens,22
12/30/23,Ozone Park-Lefferts Blvd (A),195,Queens,2430
12/29/23,Ozone Park-Lefferts Blvd (A),195,Queens,4323
12/28/23,Ozone Park-Lefferts Blvd (A),195,Queens,4267
12/27/23,Ozone Park-Lefferts Blvd (A),195,Queens,4157
12/26/23,Ozone Park-Lefferts Blvd (A),195,Queens,3698
12/25/23,Ozone Park-Lefferts Blvd (A),195,Queens,1517
12/23/23,Ozone Park-Lefferts Blvd (A),195,Queens,2508
12/22/23,Ozone Park-Lefferts Blvd (A),195,Queens,4661
12/21/23,Ozone Park-Lefferts Blvd (A),195,Queens,5100
12/20/23,Ozone Park-Lefferts Blvd (A),195,Queens,5387
12/19/23,Ozone Park-Lefferts Blvd (A),195,Queens,5195
12/18/23,Ozone Park-Lefferts Blvd (A),195,Queens,4438
12/17/23,Ozone Park-Lefferts Blvd (A),195,Queens,1869
12/16/23,Ozone Park-Lefferts Blvd (A),195,Queens,2769
12/15/23,Ozone Park-Lefferts Blvd (A),195,Queens,5166
12/14/23,Ozone Park-Lefferts Blvd (A),195,Queens,5360
12/13/23,Ozone Park-Lefferts Blvd (A),195,Queens,5446
12/12/23,Ozone Park-Lefferts Blvd (A),195,Queens,5140
12/11/23,Ozone Park-Lefferts Blvd (A),195,Queens,5096
12/10/23,Ozone Park-Lefferts Blvd (A),195,Queens,1735
12/9/23,Ozone Park-Lefferts Blvd (A),195,Queens,2647
12/8/23,Ozone Park-Lefferts Blvd (A),195,Queens,4979
12/6/23,Ozone Park-Lefferts Blvd (A),195,Queens,5530
12/5/23,Ozone Park-Lefferts Blvd (A),195,Queens,5618
12/4/23,Ozone Park-Lefferts Blvd (A),195,Queens,5340
12/3/23,Ozone Park-Lefferts Blvd (A),195,Queens,1335
12/2/23,Ozone Park-Lefferts Blvd (A),195,Queens,2161
12/1/23,Ozone Park-Lefferts Blvd (A),195,Queens,4985
11/24/23,Ozone Park-Lefferts Blvd (A),195,Queens,1952
11/7/23,Ozone Park-Lefferts Blvd (A),195,Queens,5428
12/31/23,Park Pl (S),141,Brooklyn,9
12/30/23,Park Pl (S),141,Brooklyn,641
12/29/23,Park Pl (S),141,Brooklyn,862
12/28/23,Park Pl (S),141,Brooklyn,774
12/27/23,Park Pl (S),141,Brooklyn,772
12/26/23,Park Pl (S),141,Brooklyn,678
12/25/23,Park Pl (S),141,Brooklyn,308
12/23/23,Park Pl (S),141,Brooklyn,583
12/22/23,Park Pl (S),141,Brooklyn,1027
12/21/23,Park Pl (S),141,Brooklyn,1162
12/20/23,Park Pl (S),141,Brooklyn,1099
12/19/23,Park Pl (S),141,Brooklyn,1223
12/18/23,Park Pl (S),141,Brooklyn,1075
12/17/23,Park Pl (S),141,Brooklyn,569
12/16/23,Park Pl (S),141,Brooklyn,775
12/15/23,Park Pl (S),141,Brooklyn,1189
12/14/23,Park Pl (S),141,Brooklyn,1229
12/13/23,Park Pl (S),141,Brooklyn,1275
12/12/23,Park Pl (S),141,Brooklyn,1236
12/11/23,Park Pl (S),141,Brooklyn,1107
12/10/23,Park Pl (S),141,Brooklyn,621
12/9/23,Park Pl (S),141,Brooklyn,794
12/8/23,Park Pl (S),141,Brooklyn,1201
12/6/23,Park Pl (S),141,Brooklyn,1243
12/5/23,Park Pl (S),141,Brooklyn,1225
12/4/23,Park Pl (S),141,Brooklyn,1161
12/3/23,Park Pl (S),141,Brooklyn,639
12/2/23,Park Pl (S),141,Brooklyn,771
12/1/23,Park Pl (S),141,Brooklyn,1267
11/24/23,Park Pl (S),141,Brooklyn,408
11/7/23,Park Pl (S),141,Brooklyn,1261
12/31/23,Parkchester (6),366,Bronx,32
12/30/23,Parkchester (6),366,Bronx,5961
12/29/23,Parkchester (6),366,Bronx,9375
12/28/23,Parkchester (6),366,Bronx,8969
12/27/23,Parkchester (6),366,Bronx,8851
12/26/23,Parkchester (6),366,Bronx,8393
12/25/23,Parkchester (6),366,Bronx,3658
12/23/23,Parkchester (6),366,Bronx,6023
12/22/23,Parkchester (6),366,Bronx,10519
12/21/23,Parkchester (6),366,Bronx,11431
12/20/23,Parkchester (6),366,Bronx,11202
12/19/23,Parkchester (6),366,Bronx,11418
12/18/23,Parkchester (6),366,Bronx,9922
12/17/23,Parkchester (6),366,Bronx,4456
12/16/23,Parkchester (6),366,Bronx,6093
12/15/23,Parkchester (6),366,Bronx,11303
12/14/23,Parkchester (6),366,Bronx,11918
12/13/23,Parkchester (6),366,Bronx,11601
12/12/23,Parkchester (6),366,Bronx,11650
12/11/23,Parkchester (6),366,Bronx,11014
12/10/23,Parkchester (6),366,Bronx,3992
12/9/23,Parkchester (6),366,Bronx,6763
12/8/23,Parkchester (6),366,Bronx,11499
12/6/23,Parkchester (6),366,Bronx,12168
12/5/23,Parkchester (6),366,Bronx,12110
12/4/23,Parkchester (6),366,Bronx,11604
12/3/23,Parkchester (6),366,Bronx,4256
12/2/23,Parkchester (6),366,Bronx,6545
12/1/23,Parkchester (6),366,Bronx,10880
11/24/23,Parkchester (6),366,Bronx,4745
11/7/23,Parkchester (6),366,Bronx,11921
12/31/23,Parkside Av (Q),43,Brooklyn,19
12/30/23,Parkside Av (Q),43,Brooklyn,3081
12/29/23,Parkside Av (Q),43,Brooklyn,3684
12/28/23,Parkside Av (Q),43,Brooklyn,3338
12/27/23,Parkside Av (Q),43,Brooklyn,3171
12/26/23,Parkside Av (Q),43,Brooklyn,2883
12/25/23,Parkside Av (Q),43,Brooklyn,1713
12/23/23,Parkside Av (Q),43,Brooklyn,2882
12/22/23,Parkside Av (Q),43,Brooklyn,3970
12/21/23,Parkside Av (Q),43,Brooklyn,4090
12/20/23,Parkside Av (Q),43,Brooklyn,4286
12/19/23,Parkside Av (Q),43,Brooklyn,4246
12/18/23,Parkside Av (Q),43,Brooklyn,3926
12/17/23,Parkside Av (Q),43,Brooklyn,2818
12/16/23,Parkside Av (Q),43,Brooklyn,4001
12/15/23,Parkside Av (Q),43,Brooklyn,4466
12/14/23,Parkside Av (Q),43,Brooklyn,4612
12/13/23,Parkside Av (Q),43,Brooklyn,4448
12/12/23,Parkside Av (Q),43,Brooklyn,4409
12/11/23,Parkside Av (Q),43,Brooklyn,4110
12/10/23,Parkside Av (Q),43,Brooklyn,2650
12/9/23,Parkside Av (Q),43,Brooklyn,4178
12/8/23,Parkside Av (Q),43,Brooklyn,4493
12/6/23,Parkside Av (Q),43,Brooklyn,4500
12/5/23,Parkside Av (Q),43,Brooklyn,4170
12/4/23,Parkside Av (Q),43,Brooklyn,4161
12/3/23,Parkside Av (Q),43,Brooklyn,2538
12/2/23,Parkside Av (Q),43,Brooklyn,3916
12/1/23,Parkside Av (Q),43,Brooklyn,4219
11/24/23,Parkside Av (Q),43,Brooklyn,2192
11/7/23,Parkside Av (Q),43,Brooklyn,4365
12/31/23,Parsons Blvd (F),256,Queens,18
12/30/23,Parsons Blvd (F),256,Queens,3034
12/29/23,Parsons Blvd (F),256,Queens,4578
12/28/23,Parsons Blvd (F),256,Queens,4447
12/27/23,Parsons Blvd (F),256,Queens,4394
12/26/23,Parsons Blvd (F),256,Queens,4150
12/25/23,Parsons Blvd (F),256,Queens,1975
12/23/23,Parsons Blvd (F),256,Queens,3165
12/22/23,Parsons Blvd (F),256,Queens,5327
12/21/23,Parsons Blvd (F),256,Queens,5599
12/20/23,Parsons Blvd (F),256,Queens,5789
12/19/23,Parsons Blvd (F),256,Queens,5829
12/18/23,Parsons Blvd (F),256,Queens,5149
12/17/23,Parsons Blvd (F),256,Queens,2789
12/16/23,Parsons Blvd (F),256,Queens,3492
12/15/23,Parsons Blvd (F),256,Queens,5757
12/14/23,Parsons Blvd (F),256,Queens,5903
12/13/23,Parsons Blvd (F),256,Queens,5780
12/12/23,Parsons Blvd (F),256,Queens,5829
12/11/23,Parsons Blvd (F),256,Queens,5640
12/10/23,Parsons Blvd (F),256,Queens,2424
12/9/23,Parsons Blvd (F),256,Queens,3890
12/8/23,Parsons Blvd (F),256,Queens,5544
12/6/23,Parsons Blvd (F),256,Queens,5986
12/5/23,Parsons Blvd (F),256,Queens,5993
12/4/23,Parsons Blvd (F),256,Queens,5971
12/3/23,Parsons Blvd (F),256,Queens,2339
12/2/23,Parsons Blvd (F),256,Queens,3306
12/1/23,Parsons Blvd (F),256,Queens,5522
11/24/23,Parsons Blvd (F),256,Queens,2531
11/7/23,Parsons Blvd (F),256,Queens,5739
12/31/23,Pelham Bay Park (6),360,Bronx,41
12/30/23,Pelham Bay Park (6),360,Bronx,2663
12/29/23,Pelham Bay Park (6),360,Bronx,4023
12/28/23,Pelham Bay Park (6),360,Bronx,4117
12/27/23,Pelham Bay Park (6),360,Bronx,4134
12/26/23,Pelham Bay Park (6),360,Bronx,3933
12/25/23,Pelham Bay Park (6),360,Bronx,1508
12/23/23,Pelham Bay Park (6),360,Bronx,3010
12/22/23,Pelham Bay Park (6),360,Bronx,4646
12/21/23,Pelham Bay Park (6),360,Bronx,5200
12/20/23,Pelham Bay Park (6),360,Bronx,5543
12/19/23,Pelham Bay Park (6),360,Bronx,5494
12/18/23,Pelham Bay Park (6),360,Bronx,4653
12/17/23,Pelham Bay Park (6),360,Bronx,1990
12/16/23,Pelham Bay Park (6),360,Bronx,2793
12/15/23,Pelham Bay Park (6),360,Bronx,5462
12/14/23,Pelham Bay Park (6),360,Bronx,5826
12/13/23,Pelham Bay Park (6),360,Bronx,5962
12/12/23,Pelham Bay Park (6),360,Bronx,5709
12/11/23,Pelham Bay Park (6),360,Bronx,5294
12/10/23,Pelham Bay Park (6),360,Bronx,1918
12/9/23,Pelham Bay Park (6),360,Bronx,3033
12/8/23,Pelham Bay Park (6),360,Bronx,5507
12/6/23,Pelham Bay Park (6),360,Bronx,5625
12/5/23,Pelham Bay Park (6),360,Bronx,5943
12/4/23,Pelham Bay Park (6),360,Bronx,5559
12/3/23,Pelham Bay Park (6),360,Bronx,1974
12/2/23,Pelham Bay Park (6),360,Bronx,3248
12/1/23,Pelham Bay Park (6),360,Bronx,5433
11/24/23,Pelham Bay Park (6),360,Bronx,1815
11/7/23,Pelham Bay Park (6),360,Bronx,5560
12/31/23,"Pelham Pkwy (2,5)",424,Bronx,25
12/30/23,"Pelham Pkwy (2,5)",424,Bronx,3452
12/29/23,"Pelham Pkwy (2,5)",424,Bronx,5276
12/28/23,"Pelham Pkwy (2,5)",424,Bronx,4994
12/27/23,"Pelham Pkwy (2,5)",424,Bronx,4906
12/26/23,"Pelham Pkwy (2,5)",424,Bronx,4757
12/25/23,"Pelham Pkwy (2,5)",424,Bronx,1855
12/23/23,"Pelham Pkwy (2,5)",424,Bronx,3276
12/22/23,"Pelham Pkwy (2,5)",424,Bronx,5980
12/21/23,"Pelham Pkwy (2,5)",424,Bronx,6192
12/20/23,"Pelham Pkwy (2,5)",424,Bronx,6343
12/19/23,"Pelham Pkwy (2,5)",424,Bronx,6304
12/18/23,"Pelham Pkwy (2,5)",424,Bronx,5697
12/17/23,"Pelham Pkwy (2,5)",424,Bronx,2589
12/16/23,"Pelham Pkwy (2,5)",424,Bronx,3878
12/15/23,"Pelham Pkwy (2,5)",424,Bronx,6452
12/14/23,"Pelham Pkwy (2,5)",424,Bronx,6493
12/13/23,"Pelham Pkwy (2,5)",424,Bronx,6612
12/12/23,"Pelham Pkwy (2,5)",424,Bronx,6606
12/11/23,"Pelham Pkwy (2,5)",424,Bronx,6046
12/10/23,"Pelham Pkwy (2,5)",424,Bronx,1674
12/9/23,"Pelham Pkwy (2,5)",424,Bronx,2590
12/8/23,"Pelham Pkwy (2,5)",424,Bronx,6070
12/6/23,"Pelham Pkwy (2,5)",424,Bronx,6582
12/5/23,"Pelham Pkwy (2,5)",424,Bronx,6514
12/4/23,"Pelham Pkwy (2,5)",424,Bronx,6436
12/3/23,"Pelham Pkwy (2,5)",424,Bronx,1956
12/2/23,"Pelham Pkwy (2,5)",424,Bronx,2767
12/1/23,"Pelham Pkwy (2,5)",424,Bronx,6380
11/24/23,"Pelham Pkwy (2,5)",424,Bronx,2481
11/7/23,"Pelham Pkwy (2,5)",424,Bronx,6159
12/31/23,Pelham Pkwy (5),445,Bronx,1
12/30/23,Pelham Pkwy (5),445,Bronx,725
12/29/23,Pelham Pkwy (5),445,Bronx,1551
12/28/23,Pelham Pkwy (5),445,Bronx,1621
12/27/23,Pelham Pkwy (5),445,Bronx,1562
12/26/23,Pelham Pkwy (5),445,Bronx,1395
12/25/23,Pelham Pkwy (5),445,Bronx,412
12/23/23,Pelham Pkwy (5),445,Bronx,729
12/22/23,Pelham Pkwy (5),445,Bronx,1904
12/21/23,Pelham Pkwy (5),445,Bronx,2121
12/20/23,Pelham Pkwy (5),445,Bronx,2061
12/19/23,Pelham Pkwy (5),445,Bronx,2265
12/18/23,Pelham Pkwy (5),445,Bronx,1879
12/17/23,Pelham Pkwy (5),445,Bronx,450
12/16/23,Pelham Pkwy (5),445,Bronx,723
12/15/23,Pelham Pkwy (5),445,Bronx,2238
12/14/23,Pelham Pkwy (5),445,Bronx,2256
12/13/23,Pelham Pkwy (5),445,Bronx,2187
12/12/23,Pelham Pkwy (5),445,Bronx,2376
12/11/23,Pelham Pkwy (5),445,Bronx,2097
12/10/23,Pelham Pkwy (5),445,Bronx,457
12/9/23,Pelham Pkwy (5),445,Bronx,899
12/8/23,Pelham Pkwy (5),445,Bronx,2170
12/6/23,Pelham Pkwy (5),445,Bronx,1769
12/5/23,Pelham Pkwy (5),445,Bronx,2374
12/4/23,Pelham Pkwy (5),445,Bronx,2114
12/3/23,Pelham Pkwy (5),445,Bronx,458
12/2/23,Pelham Pkwy (5),445,Bronx,901
12/1/23,Pelham Pkwy (5),445,Bronx,2224
11/24/23,Pelham Pkwy (5),445,Bronx,479
11/7/23,Pelham Pkwy (5),445,Bronx,2424
12/31/23,Pennsylvania Av (3),350,Brooklyn,9
12/30/23,Pennsylvania Av (3),350,Brooklyn,1613
12/29/23,Pennsylvania Av (3),350,Brooklyn,2578
12/28/23,Pennsylvania Av (3),350,Brooklyn,2409
12/27/23,Pennsylvania Av (3),350,Brooklyn,2487
12/26/23,Pennsylvania Av (3),350,Brooklyn,2327
12/25/23,Pennsylvania Av (3),350,Brooklyn,937
12/23/23,Pennsylvania Av (3),350,Brooklyn,1761
12/22/23,Pennsylvania Av (3),350,Brooklyn,2881
12/21/23,Pennsylvania Av (3),350,Brooklyn,2968
12/20/23,Pennsylvania Av (3),350,Brooklyn,3311
12/19/23,Pennsylvania Av (3),350,Brooklyn,3093
12/18/23,Pennsylvania Av (3),350,Brooklyn,2980
12/17/23,Pennsylvania Av (3),350,Brooklyn,1246
12/16/23,Pennsylvania Av (3),350,Brooklyn,1770
12/15/23,Pennsylvania Av (3),350,Brooklyn,3204
12/14/23,Pennsylvania Av (3),350,Brooklyn,3402
12/13/23,Pennsylvania Av (3),350,Brooklyn,3258
12/12/23,Pennsylvania Av (3),350,Brooklyn,3507
12/11/23,Pennsylvania Av (3),350,Brooklyn,3324
12/10/23,Pennsylvania Av (3),350,Brooklyn,1225
12/9/23,Pennsylvania Av (3),350,Brooklyn,1930
12/8/23,Pennsylvania Av (3),350,Brooklyn,3276
12/6/23,Pennsylvania Av (3),350,Brooklyn,3302
12/5/23,Pennsylvania Av (3),350,Brooklyn,3356
12/4/23,Pennsylvania Av (3),350,Brooklyn,3305
12/3/23,Pennsylvania Av (3),350,Brooklyn,1439
12/2/23,Pennsylvania Av (3),350,Brooklyn,2097
12/1/23,Pennsylvania Av (3),350,Brooklyn,3198
11/24/23,Pennsylvania Av (3),350,Brooklyn,1265
11/7/23,Pennsylvania Av (3),350,Brooklyn,3343
12/31/23,"President St-Medgar Evers College (2,5)",353,Brooklyn,7
12/30/23,"President St-Medgar Evers College (2,5)",353,Brooklyn,1203
12/29/23,"President St-Medgar Evers College (2,5)",353,Brooklyn,1786
12/28/23,"President St-Medgar Evers College (2,5)",353,Brooklyn,1745
12/27/23,"President St-Medgar Evers College (2,5)",353,Brooklyn,1592
12/26/23,"President St-Medgar Evers College (2,5)",353,Brooklyn,1487
12/25/23,"President St-Medgar Evers College (2,5)",353,Brooklyn,568
12/23/23,"President St-Medgar Evers College (2,5)",353,Brooklyn,1196
12/22/23,"President St-Medgar Evers College (2,5)",353,Brooklyn,2143
12/21/23,"President St-Medgar Evers College (2,5)",353,Brooklyn,2398
12/20/23,"President St-Medgar Evers College (2,5)",353,Brooklyn,2491
12/19/23,"President St-Medgar Evers College (2,5)",353,Brooklyn,2513
12/18/23,"President St-Medgar Evers College (2,5)",353,Brooklyn,2253
12/17/23,"President St-Medgar Evers College (2,5)",353,Brooklyn,1046
12/16/23,"President St-Medgar Evers College (2,5)",353,Brooklyn,1398
12/15/23,"President St-Medgar Evers College (2,5)",353,Brooklyn,2529
12/14/23,"President St-Medgar Evers College (2,5)",353,Brooklyn,2790
12/13/23,"President St-Medgar Evers College (2,5)",353,Brooklyn,2798
12/12/23,"President St-Medgar Evers College (2,5)",353,Brooklyn,2723
12/11/23,"President St-Medgar Evers College (2,5)",353,Brooklyn,2483
12/10/23,"President St-Medgar Evers College (2,5)",353,Brooklyn,966
12/9/23,"President St-Medgar Evers College (2,5)",353,Brooklyn,1428
12/8/23,"President St-Medgar Evers College (2,5)",353,Brooklyn,2580
12/6/23,"President St-Medgar Evers College (2,5)",353,Brooklyn,2840
12/5/23,"President St-Medgar Evers College (2,5)",353,Brooklyn,2893
12/4/23,"President St-Medgar Evers College (2,5)",353,Brooklyn,2556
12/3/23,"President St-Medgar Evers College (2,5)",353,Brooklyn,1067
12/2/23,"President St-Medgar Evers College (2,5)",353,Brooklyn,1607
12/1/23,"President St-Medgar Evers College (2,5)",353,Brooklyn,2605
11/24/23,"President St-Medgar Evers College (2,5)",353,Brooklyn,925
11/7/23,"President St-Medgar Evers College (2,5)",353,Brooklyn,2831
12/31/23,"Prince St (R,W)",17,Manhattan,148
12/30/23,"Prince St (R,W)",17,Manhattan,12553
12/29/23,"Prince St (R,W)",17,Manhattan,12027
12/28/23,"Prince St (R,W)",17,Manhattan,11088
12/27/23,"Prince St (R,W)",17,Manhattan,10045
12/26/23,"Prince St (R,W)",17,Manhattan,8844
12/25/23,"Prince St (R,W)",17,Manhattan,2292
12/23/23,"Prince St (R,W)",17,Manhattan,10763
12/22/23,"Prince St (R,W)",17,Manhattan,10739
12/21/23,"Prince St (R,W)",17,Manhattan,10726
12/20/23,"Prince St (R,W)",17,Manhattan,10542
12/19/23,"Prince St (R,W)",17,Manhattan,10926
12/18/23,"Prince St (R,W)",17,Manhattan,8284
12/17/23,"Prince St (R,W)",17,Manhattan,8552
12/16/23,"Prince St (R,W)",17,Manhattan,13001
12/15/23,"Prince St (R,W)",17,Manhattan,10420
12/14/23,"Prince St (R,W)",17,Manhattan,9604
12/13/23,"Prince St (R,W)",17,Manhattan,9568
12/12/23,"Prince St (R,W)",17,Manhattan,8916
12/11/23,"Prince St (R,W)",17,Manhattan,8001
12/10/23,"Prince St (R,W)",17,Manhattan,2183
12/9/23,"Prince St (R,W)",17,Manhattan,3458
12/8/23,"Prince St (R,W)",17,Manhattan,9924
12/6/23,"Prince St (R,W)",17,Manhattan,9267
12/5/23,"Prince St (R,W)",17,Manhattan,8874
12/4/23,"Prince St (R,W)",17,Manhattan,7830
12/3/23,"Prince St (R,W)",17,Manhattan,1596
12/2/23,"Prince St (R,W)",17,Manhattan,2589
12/1/23,"Prince St (R,W)",17,Manhattan,9125
11/24/23,"Prince St (R,W)",17,Manhattan,6585
11/7/23,"Prince St (R,W)",17,Manhattan,8842
12/31/23,"Prospect Av (2,5)",432,Bronx,9
12/30/23,"Prospect Av (2,5)",432,Bronx,2163
12/29/23,"Prospect Av (2,5)",432,Bronx,3419
12/28/23,"Prospect Av (2,5)",432,Bronx,3328
12/27/23,"Prospect Av (2,5)",432,Bronx,2610
12/26/23,"Prospect Av (2,5)",432,Bronx,3226
12/25/23,"Prospect Av (2,5)",432,Bronx,1381
12/23/23,"Prospect Av (2,5)",432,Bronx,2317
12/22/23,"Prospect Av (2,5)",432,Bronx,4136
12/21/23,"Prospect Av (2,5)",432,Bronx,4468
12/20/23,"Prospect Av (2,5)",432,Bronx,4305
12/19/23,"Prospect Av (2,5)",432,Bronx,4504
12/18/23,"Prospect Av (2,5)",432,Bronx,3685
12/17/23,"Prospect Av (2,5)",432,Bronx,1644
12/16/23,"Prospect Av (2,5)",432,Bronx,2379
12/15/23,"Prospect Av (2,5)",432,Bronx,4597
12/14/23,"Prospect Av (2,5)",432,Bronx,4715
12/13/23,"Prospect Av (2,5)",432,Bronx,3711
12/12/23,"Prospect Av (2,5)",432,Bronx,4363
12/11/23,"Prospect Av (2,5)",432,Bronx,4153
12/10/23,"Prospect Av (2,5)",432,Bronx,1693
12/9/23,"Prospect Av (2,5)",432,Bronx,2569
12/8/23,"Prospect Av (2,5)",432,Bronx,4572
12/6/23,"Prospect Av (2,5)",432,Bronx,4275
12/5/23,"Prospect Av (2,5)",432,Bronx,4370
12/4/23,"Prospect Av (2,5)",432,Bronx,4172
12/3/23,"Prospect Av (2,5)",432,Bronx,1549
12/2/23,"Prospect Av (2,5)",432,Bronx,2319
12/1/23,"Prospect Av (2,5)",432,Bronx,4233
11/24/23,"Prospect Av (2,5)",432,Bronx,1663
11/7/23,"Prospect Av (2,5)",432,Bronx,4429
12/31/23,Prospect Av (R),30,Brooklyn,26
12/30/23,Prospect Av (R),30,Brooklyn,1836
12/29/23,Prospect Av (R),30,Brooklyn,2853
12/28/23,Prospect Av (R),30,Brooklyn,2764
12/27/23,Prospect Av (R),30,Brooklyn,2725
12/26/23,Prospect Av (R),30,Brooklyn,2317
12/25/23,Prospect Av (R),30,Brooklyn,788
12/23/23,Prospect Av (R),30,Brooklyn,1222
12/22/23,Prospect Av (R),30,Brooklyn,3639
12/21/23,Prospect Av (R),30,Brooklyn,4108
12/20/23,Prospect Av (R),30,Brooklyn,4478
12/19/23,Prospect Av (R),30,Brooklyn,4720
12/18/23,Prospect Av (R),30,Brooklyn,4138
12/17/23,Prospect Av (R),30,Brooklyn,2194
12/16/23,Prospect Av (R),30,Brooklyn,3204
12/15/23,Prospect Av (R),30,Brooklyn,4701
12/14/23,Prospect Av (R),30,Brooklyn,5013
12/13/23,Prospect Av (R),30,Brooklyn,5142
12/12/23,Prospect Av (R),30,Brooklyn,4812
12/11/23,Prospect Av (R),30,Brooklyn,4338
12/10/23,Prospect Av (R),30,Brooklyn,2069
12/9/23,Prospect Av (R),30,Brooklyn,2978
12/8/23,Prospect Av (R),30,Brooklyn,4632
12/6/23,Prospect Av (R),30,Brooklyn,4911
12/5/23,Prospect Av (R),30,Brooklyn,4989
12/4/23,Prospect Av (R),30,Brooklyn,4451
12/3/23,Prospect Av (R),30,Brooklyn,1602
12/2/23,Prospect Av (R),30,Brooklyn,2545
12/1/23,Prospect Av (R),30,Brooklyn,4486
11/24/23,Prospect Av (R),30,Brooklyn,867
11/7/23,Prospect Av (R),30,Brooklyn,4913
12/31/23,"Prospect Park (B,Q,S)",42,Brooklyn,46
12/30/23,"Prospect Park (B,Q,S)",42,Brooklyn,4210
12/29/23,"Prospect Park (B,Q,S)",42,Brooklyn,5610
12/28/23,"Prospect Park (B,Q,S)",42,Brooklyn,5282
12/27/23,"Prospect Park (B,Q,S)",42,Brooklyn,4824
12/26/23,"Prospect Park (B,Q,S)",42,Brooklyn,4338
12/25/23,"Prospect Park (B,Q,S)",42,Brooklyn,2029
12/23/23,"Prospect Park (B,Q,S)",42,Brooklyn,3941
12/22/23,"Prospect Park (B,Q,S)",42,Brooklyn,6368
12/21/23,"Prospect Park (B,Q,S)",42,Brooklyn,6611
12/20/23,"Prospect Park (B,Q,S)",42,Brooklyn,6772
12/19/23,"Prospect Park (B,Q,S)",42,Brooklyn,6949
12/18/23,"Prospect Park (B,Q,S)",42,Brooklyn,5884
12/17/23,"Prospect Park (B,Q,S)",42,Brooklyn,3672
12/16/23,"Prospect Park (B,Q,S)",42,Brooklyn,5245
12/15/23,"Prospect Park (B,Q,S)",42,Brooklyn,7063
12/14/23,"Prospect Park (B,Q,S)",42,Brooklyn,7403
12/13/23,"Prospect Park (B,Q,S)",42,Brooklyn,7401
12/12/23,"Prospect Park (B,Q,S)",42,Brooklyn,7063
12/11/23,"Prospect Park (B,Q,S)",42,Brooklyn,6303
12/10/23,"Prospect Park (B,Q,S)",42,Brooklyn,3460
12/9/23,"Prospect Park (B,Q,S)",42,Brooklyn,6344
12/8/23,"Prospect Park (B,Q,S)",42,Brooklyn,7134
12/6/23,"Prospect Park (B,Q,S)",42,Brooklyn,7256
12/5/23,"Prospect Park (B,Q,S)",42,Brooklyn,7314
12/4/23,"Prospect Park (B,Q,S)",42,Brooklyn,6689
12/3/23,"Prospect Park (B,Q,S)",42,Brooklyn,3476
12/2/23,"Prospect Park (B,Q,S)",42,Brooklyn,5683
12/1/23,"Prospect Park (B,Q,S)",42,Brooklyn,6980
11/24/23,"Prospect Park (B,Q,S)",42,Brooklyn,3035
11/7/23,"Prospect Park (B,Q,S)",42,Brooklyn,7254
12/31/23,"Queens Plaza (E,M,R)",273,Queens,106
12/30/23,"Queens Plaza (E,M,R)",273,Queens,8348
12/29/23,"Queens Plaza (E,M,R)",273,Queens,12007
12/28/23,"Queens Plaza (E,M,R)",273,Queens,11967
12/27/23,"Queens Plaza (E,M,R)",273,Queens,12083
12/26/23,"Queens Plaza (E,M,R)",273,Queens,11912
12/25/23,"Queens Plaza (E,M,R)",273,Queens,5143
12/23/23,"Queens Plaza (E,M,R)",273,Queens,8215
12/22/23,"Queens Plaza (E,M,R)",273,Queens,14727
12/21/23,"Queens Plaza (E,M,R)",273,Queens,15146
12/20/23,"Queens Plaza (E,M,R)",273,Queens,16350
12/19/23,"Queens Plaza (E,M,R)",273,Queens,16500
12/18/23,"Queens Plaza (E,M,R)",273,Queens,14960
12/17/23,"Queens Plaza (E,M,R)",273,Queens,7332
12/16/23,"Queens Plaza (E,M,R)",273,Queens,10654
12/15/23,"Queens Plaza (E,M,R)",273,Queens,17942
12/14/23,"Queens Plaza (E,M,R)",273,Queens,17698
12/13/23,"Queens Plaza (E,M,R)",273,Queens,18073
12/12/23,"Queens Plaza (E,M,R)",273,Queens,18381
12/11/23,"Queens Plaza (E,M,R)",273,Queens,15924
12/10/23,"Queens Plaza (E,M,R)",273,Queens,7265
12/9/23,"Queens Plaza (E,M,R)",273,Queens,10968
12/8/23,"Queens Plaza (E,M,R)",273,Queens,16515
12/6/23,"Queens Plaza (E,M,R)",273,Queens,18601
12/5/23,"Queens Plaza (E,M,R)",273,Queens,18237
12/4/23,"Queens Plaza (E,M,R)",273,Queens,17310
12/3/23,"Queens Plaza (E,M,R)",273,Queens,7328
12/2/23,"Queens Plaza (E,M,R)",273,Queens,10422
12/1/23,"Queens Plaza (E,M,R)",273,Queens,15850
11/24/23,"Queens Plaza (E,M,R)",273,Queens,6774
11/7/23,"Queens Plaza (E,M,R)",273,Queens,18391
12/31/23,"Queensboro Plaza (7,N,W)",461,Queens,103
12/30/23,"Queensboro Plaza (7,N,W)",461,Queens,8274
12/29/23,"Queensboro Plaza (7,N,W)",461,Queens,11114
12/28/23,"Queensboro Plaza (7,N,W)",461,Queens,10904
12/27/23,"Queensboro Plaza (7,N,W)",461,Queens,10407
12/26/23,"Queensboro Plaza (7,N,W)",461,Queens,9775
12/25/23,"Queensboro Plaza (7,N,W)",461,Queens,4806
12/23/23,"Queensboro Plaza (7,N,W)",461,Queens,8150
12/22/23,"Queensboro Plaza (7,N,W)",461,Queens,12472
12/21/23,"Queensboro Plaza (7,N,W)",461,Queens,12631
12/20/23,"Queensboro Plaza (7,N,W)",461,Queens,12616
12/19/23,"Queensboro Plaza (7,N,W)",461,Queens,13018
12/18/23,"Queensboro Plaza (7,N,W)",461,Queens,12236
12/17/23,"Queensboro Plaza (7,N,W)",461,Queens,7074
12/16/23,"Queensboro Plaza (7,N,W)",461,Queens,10980
12/15/23,"Queensboro Plaza (7,N,W)",461,Queens,14581
12/14/23,"Queensboro Plaza (7,N,W)",461,Queens,14150
12/13/23,"Queensboro Plaza (7,N,W)",461,Queens,14320
12/12/23,"Queensboro Plaza (7,N,W)",461,Queens,14325
12/11/23,"Queensboro Plaza (7,N,W)",461,Queens,12899
12/10/23,"Queensboro Plaza (7,N,W)",461,Queens,6955
12/9/23,"Queensboro Plaza (7,N,W)",461,Queens,10767
12/8/23,"Queensboro Plaza (7,N,W)",461,Queens,14166
12/6/23,"Queensboro Plaza (7,N,W)",461,Queens,14720
12/5/23,"Queensboro Plaza (7,N,W)",461,Queens,14522
12/4/23,"Queensboro Plaza (7,N,W)",461,Queens,13289
12/3/23,"Queensboro Plaza (7,N,W)",461,Queens,6759
12/2/23,"Queensboro Plaza (7,N,W)",461,Queens,10100
12/1/23,"Queensboro Plaza (7,N,W)",461,Queens,13423
11/24/23,"Queensboro Plaza (7,N,W)",461,Queens,6452
11/7/23,"Queensboro Plaza (7,N,W)",461,Queens,14579
12/31/23,Ralph Av (C),182,Brooklyn,11
12/30/23,Ralph Av (C),182,Brooklyn,2163
12/29/23,Ralph Av (C),182,Brooklyn,2903
12/28/23,Ralph Av (C),182,Brooklyn,2674
12/27/23,Ralph Av (C),182,Brooklyn,2685
12/26/23,Ralph Av (C),182,Brooklyn,2280
12/25/23,Ralph Av (C),182,Brooklyn,1111
12/23/23,Ralph Av (C),182,Brooklyn,1963
12/22/23,Ralph Av (C),182,Brooklyn,3236
12/21/23,Ralph Av (C),182,Brooklyn,3453
12/20/23,Ralph Av (C),182,Brooklyn,3501
12/19/23,Ralph Av (C),182,Brooklyn,3498
12/18/23,Ralph Av (C),182,Brooklyn,3167
12/17/23,Ralph Av (C),182,Brooklyn,1745
12/16/23,Ralph Av (C),182,Brooklyn,2367
12/15/23,Ralph Av (C),182,Brooklyn,3651
12/14/23,Ralph Av (C),182,Brooklyn,3852
12/13/23,Ralph Av (C),182,Brooklyn,3759
12/12/23,Ralph Av (C),182,Brooklyn,3652
12/11/23,Ralph Av (C),182,Brooklyn,3587
12/10/23,Ralph Av (C),182,Brooklyn,1620
12/9/23,Ralph Av (C),182,Brooklyn,2553
12/8/23,Ralph Av (C),182,Brooklyn,3705
12/6/23,Ralph Av (C),182,Brooklyn,3705
12/5/23,Ralph Av (C),182,Brooklyn,3800
12/4/23,Ralph Av (C),182,Brooklyn,3519
12/3/23,Ralph Av (C),182,Brooklyn,835
12/2/23,Ralph Av (C),182,Brooklyn,1420
12/1/23,Ralph Av (C),182,Brooklyn,4233
11/24/23,Ralph Av (C),182,Brooklyn,1608
11/7/23,Ralph Av (C),182,Brooklyn,3861
12/31/23,Rector St (1),329,Manhattan,28
12/30/23,Rector St (1),329,Manhattan,4446
12/29/23,Rector St (1),329,Manhattan,4914
12/28/23,Rector St (1),329,Manhattan,4837
12/27/23,Rector St (1),329,Manhattan,4430
12/26/23,Rector St (1),329,Manhattan,3995
12/25/23,Rector St (1),329,Manhattan,2641
12/23/23,Rector St (1),329,Manhattan,3282
12/22/23,Rector St (1),329,Manhattan,4568
12/21/23,Rector St (1),329,Manhattan,5262
12/20/23,Rector St (1),329,Manhattan,5719
12/19/23,Rector St (1),329,Manhattan,5558
12/18/23,Rector St (1),329,Manhattan,4664
12/17/23,Rector St (1),329,Manhattan,3247
12/16/23,Rector St (1),329,Manhattan,4684
12/15/23,Rector St (1),329,Manhattan,5580
12/14/23,Rector St (1),329,Manhattan,6269
12/13/23,Rector St (1),329,Manhattan,5950
12/12/23,Rector St (1),329,Manhattan,6172
12/11/23,Rector St (1),329,Manhattan,5346
12/10/23,Rector St (1),329,Manhattan,3422
12/9/23,Rector St (1),329,Manhattan,5468
12/8/23,Rector St (1),329,Manhattan,5522
12/6/23,Rector St (1),329,Manhattan,6331
12/5/23,Rector St (1),329,Manhattan,6209
12/4/23,Rector St (1),329,Manhattan,5251
12/3/23,Rector St (1),329,Manhattan,3225
12/2/23,Rector St (1),329,Manhattan,5038
12/1/23,Rector St (1),329,Manhattan,5214
11/24/23,Rector St (1),329,Manhattan,2802
11/7/23,Rector St (1),329,Manhattan,6134
12/31/23,"Rector St (R,W)",22,Manhattan,13
12/30/23,"Rector St (R,W)",22,Manhattan,1520
12/29/23,"Rector St (R,W)",22,Manhattan,3446
12/28/23,"Rector St (R,W)",22,Manhattan,3608
12/27/23,"Rector St (R,W)",22,Manhattan,3457
12/26/23,"Rector St (R,W)",22,Manhattan,3154
12/25/23,"Rector St (R,W)",22,Manhattan,904
12/23/23,"Rector St (R,W)",22,Manhattan,1634
12/22/23,"Rector St (R,W)",22,Manhattan,3370
12/21/23,"Rector St (R,W)",22,Manhattan,3958
12/20/23,"Rector St (R,W)",22,Manhattan,4341
12/19/23,"Rector St (R,W)",22,Manhattan,4454
12/18/23,"Rector St (R,W)",22,Manhattan,3595
12/17/23,"Rector St (R,W)",22,Manhattan,16
12/16/23,"Rector St (R,W)",22,Manhattan,19
12/15/23,"Rector St (R,W)",22,Manhattan,4200
12/14/23,"Rector St (R,W)",22,Manhattan,4833
12/13/23,"Rector St (R,W)",22,Manhattan,4830
12/12/23,"Rector St (R,W)",22,Manhattan,4584
12/11/23,"Rector St (R,W)",22,Manhattan,3856
12/10/23,"Rector St (R,W)",22,Manhattan,346
12/9/23,"Rector St (R,W)",22,Manhattan,611
12/8/23,"Rector St (R,W)",22,Manhattan,4071
12/6/23,"Rector St (R,W)",22,Manhattan,4668
12/5/23,"Rector St (R,W)",22,Manhattan,4414
12/4/23,"Rector St (R,W)",22,Manhattan,4005
12/3/23,"Rector St (R,W)",22,Manhattan,11
12/2/23,"Rector St (R,W)",22,Manhattan,12
12/1/23,"Rector St (R,W)",22,Manhattan,3868
11/24/23,"Rector St (R,W)",22,Manhattan,1435
11/7/23,"Rector St (R,W)",22,Manhattan,4559
12/31/23,RI Tramway (Manhattan),TRAM1,Manhattan,172
12/30/23,RI Tramway (Manhattan),TRAM1,Manhattan,9594
12/29/23,RI Tramway (Manhattan),TRAM1,Manhattan,9670
12/28/23,RI Tramway (Manhattan),TRAM1,Manhattan,7696
12/27/23,RI Tramway (Manhattan),TRAM1,Manhattan,6797
12/26/23,RI Tramway (Manhattan),TRAM1,Manhattan,7880
12/25/23,RI Tramway (Manhattan),TRAM1,Manhattan,7184
12/23/23,RI Tramway (Manhattan),TRAM1,Manhattan,6054
12/22/23,RI Tramway (Manhattan),TRAM1,Manhattan,6405
12/21/23,RI Tramway (Manhattan),TRAM1,Manhattan,6197
12/20/23,RI Tramway (Manhattan),TRAM1,Manhattan,6030
12/19/23,RI Tramway (Manhattan),TRAM1,Manhattan,5864
12/18/23,RI Tramway (Manhattan),TRAM1,Manhattan,4620
12/17/23,RI Tramway (Manhattan),TRAM1,Manhattan,4432
12/16/23,RI Tramway (Manhattan),TRAM1,Manhattan,7825
12/15/23,RI Tramway (Manhattan),TRAM1,Manhattan,6623
12/14/23,RI Tramway (Manhattan),TRAM1,Manhattan,6229
12/13/23,RI Tramway (Manhattan),TRAM1,Manhattan,6154
12/12/23,RI Tramway (Manhattan),TRAM1,Manhattan,6215
12/11/23,RI Tramway (Manhattan),TRAM1,Manhattan,5485
12/10/23,RI Tramway (Manhattan),TRAM1,Manhattan,4014
12/9/23,RI Tramway (Manhattan),TRAM1,Manhattan,8368
12/8/23,RI Tramway (Manhattan),TRAM1,Manhattan,7346
12/6/23,RI Tramway (Manhattan),TRAM1,Manhattan,6689
12/5/23,RI Tramway (Manhattan),TRAM1,Manhattan,6465
12/4/23,RI Tramway (Manhattan),TRAM1,Manhattan,6523
12/3/23,RI Tramway (Manhattan),TRAM1,Manhattan,4057
12/2/23,RI Tramway (Manhattan),TRAM1,Manhattan,7704
12/1/23,RI Tramway (Manhattan),TRAM1,Manhattan,5794
11/24/23,RI Tramway (Manhattan),TRAM1,Manhattan,6231
11/7/23,RI Tramway (Manhattan),TRAM1,Manhattan,6285
12/31/23,RI Tramway (Roosevelt),TRAM2,Manhattan,62
12/30/23,RI Tramway (Roosevelt),TRAM2,Manhattan,7795
12/29/23,RI Tramway (Roosevelt),TRAM2,Manhattan,8326
12/28/23,RI Tramway (Roosevelt),TRAM2,Manhattan,5912
12/27/23,RI Tramway (Roosevelt),TRAM2,Manhattan,5213
12/26/23,RI Tramway (Roosevelt),TRAM2,Manhattan,6081
12/25/23,RI Tramway (Roosevelt),TRAM2,Manhattan,5730
12/23/23,RI Tramway (Roosevelt),TRAM2,Manhattan,4882
12/22/23,RI Tramway (Roosevelt),TRAM2,Manhattan,4811
12/21/23,RI Tramway (Roosevelt),TRAM2,Manhattan,4774
12/20/23,RI Tramway (Roosevelt),TRAM2,Manhattan,4632
12/19/23,RI Tramway (Roosevelt),TRAM2,Manhattan,4569
12/18/23,RI Tramway (Roosevelt),TRAM2,Manhattan,3504
12/17/23,RI Tramway (Roosevelt),TRAM2,Manhattan,3377
12/16/23,RI Tramway (Roosevelt),TRAM2,Manhattan,5882
12/15/23,RI Tramway (Roosevelt),TRAM2,Manhattan,5072
12/14/23,RI Tramway (Roosevelt),TRAM2,Manhattan,4830
12/13/23,RI Tramway (Roosevelt),TRAM2,Manhattan,4626
12/12/23,RI Tramway (Roosevelt),TRAM2,Manhattan,4729
12/11/23,RI Tramway (Roosevelt),TRAM2,Manhattan,4232
12/10/23,RI Tramway (Roosevelt),TRAM2,Manhattan,3100
12/9/23,RI Tramway (Roosevelt),TRAM2,Manhattan,6583
12/8/23,RI Tramway (Roosevelt),TRAM2,Manhattan,5824
12/6/23,RI Tramway (Roosevelt),TRAM2,Manhattan,5070
12/5/23,RI Tramway (Roosevelt),TRAM2,Manhattan,5126
12/4/23,RI Tramway (Roosevelt),TRAM2,Manhattan,5123
12/3/23,RI Tramway (Roosevelt),TRAM2,Manhattan,3039
12/2/23,RI Tramway (Roosevelt),TRAM2,Manhattan,6129
12/1/23,RI Tramway (Roosevelt),TRAM2,Manhattan,4752
11/24/23,RI Tramway (Roosevelt),TRAM2,Manhattan,5138
11/7/23,RI Tramway (Roosevelt),TRAM2,Manhattan,4897
12/31/23,Rockaway Av (3),348,Brooklyn,7
12/30/23,Rockaway Av (3),348,Brooklyn,1541
12/29/23,Rockaway Av (3),348,Brooklyn,2157
12/28/23,Rockaway Av (3),348,Brooklyn,2176
12/27/23,Rockaway Av (3),348,Brooklyn,2196
12/26/23,Rockaway Av (3),348,Brooklyn,2029
12/25/23,Rockaway Av (3),348,Brooklyn,1005
12/23/23,Rockaway Av (3),348,Brooklyn,1463
12/22/23,Rockaway Av (3),348,Brooklyn,2655
12/21/23,Rockaway Av (3),348,Brooklyn,2758
12/20/23,Rockaway Av (3),348,Brooklyn,2775
12/19/23,Rockaway Av (3),348,Brooklyn,2877
12/18/23,Rockaway Av (3),348,Brooklyn,2369
12/17/23,Rockaway Av (3),348,Brooklyn,1092
12/16/23,Rockaway Av (3),348,Brooklyn,1583
12/15/23,Rockaway Av (3),348,Brooklyn,2866
12/14/23,Rockaway Av (3),348,Brooklyn,2861
12/13/23,Rockaway Av (3),348,Brooklyn,2830
12/12/23,Rockaway Av (3),348,Brooklyn,2919
12/11/23,Rockaway Av (3),348,Brooklyn,2715
12/10/23,Rockaway Av (3),348,Brooklyn,994
12/9/23,Rockaway Av (3),348,Brooklyn,1495
12/8/23,Rockaway Av (3),348,Brooklyn,2814
12/6/23,Rockaway Av (3),348,Brooklyn,2908
12/5/23,Rockaway Av (3),348,Brooklyn,2832
12/4/23,Rockaway Av (3),348,Brooklyn,2855
12/3/23,Rockaway Av (3),348,Brooklyn,966
12/2/23,Rockaway Av (3),348,Brooklyn,1523
12/1/23,Rockaway Av (3),348,Brooklyn,2758
11/24/23,Rockaway Av (3),348,Brooklyn,1152
11/7/23,Rockaway Av (3),348,Brooklyn,2941
12/31/23,Rockaway Av (C),183,Brooklyn,16
12/30/23,Rockaway Av (C),183,Brooklyn,2167
12/29/23,Rockaway Av (C),183,Brooklyn,3011
12/28/23,Rockaway Av (C),183,Brooklyn,2697
12/27/23,Rockaway Av (C),183,Brooklyn,2611
12/26/23,Rockaway Av (C),183,Brooklyn,2303
12/25/23,Rockaway Av (C),183,Brooklyn,1024
12/23/23,Rockaway Av (C),183,Brooklyn,2180
12/22/23,Rockaway Av (C),183,Brooklyn,3501
12/21/23,Rockaway Av (C),183,Brooklyn,3594
12/20/23,Rockaway Av (C),183,Brooklyn,3690
12/19/23,Rockaway Av (C),183,Brooklyn,3722
12/18/23,Rockaway Av (C),183,Brooklyn,3296
12/17/23,Rockaway Av (C),183,Brooklyn,1790
12/16/23,Rockaway Av (C),183,Brooklyn,2364
12/15/23,Rockaway Av (C),183,Brooklyn,3885
12/14/23,Rockaway Av (C),183,Brooklyn,3923
12/13/23,Rockaway Av (C),183,Brooklyn,3929
12/12/23,Rockaway Av (C),183,Brooklyn,3931
12/11/23,Rockaway Av (C),183,Brooklyn,3798
12/10/23,Rockaway Av (C),183,Brooklyn,1558
12/9/23,Rockaway Av (C),183,Brooklyn,2440
12/8/23,Rockaway Av (C),183,Brooklyn,4279
12/6/23,Rockaway Av (C),183,Brooklyn,4198
12/5/23,Rockaway Av (C),183,Brooklyn,4082
12/4/23,Rockaway Av (C),183,Brooklyn,3836
12/3/23,Rockaway Av (C),183,Brooklyn,826
12/2/23,Rockaway Av (C),183,Brooklyn,1568
12/1/23,Rockaway Av (C),183,Brooklyn,4127
11/24/23,Rockaway Av (C),183,Brooklyn,1409
11/7/23,Rockaway Av (C),183,Brooklyn,4079
12/31/23,Rockaway Blvd (A),192,Queens,24
12/30/23,Rockaway Blvd (A),192,Queens,2917
12/29/23,Rockaway Blvd (A),192,Queens,4990
12/28/23,Rockaway Blvd (A),192,Queens,4831
12/27/23,Rockaway Blvd (A),192,Queens,4679
12/26/23,Rockaway Blvd (A),192,Queens,4243
12/25/23,Rockaway Blvd (A),192,Queens,1550
12/23/23,Rockaway Blvd (A),192,Queens,2901
12/22/23,Rockaway Blvd (A),192,Queens,5438
12/21/23,Rockaway Blvd (A),192,Queens,6110
12/20/23,Rockaway Blvd (A),192,Queens,6107
12/19/23,Rockaway Blvd (A),192,Queens,6408
12/18/23,Rockaway Blvd (A),192,Queens,5441
12/17/23,Rockaway Blvd (A),192,Queens,2169
12/16/23,Rockaway Blvd (A),192,Queens,3246
12/15/23,Rockaway Blvd (A),192,Queens,6049
12/14/23,Rockaway Blvd (A),192,Queens,6541
12/13/23,Rockaway Blvd (A),192,Queens,6629
12/12/23,Rockaway Blvd (A),192,Queens,6203
12/11/23,Rockaway Blvd (A),192,Queens,5728
12/10/23,Rockaway Blvd (A),192,Queens,3109
12/9/23,Rockaway Blvd (A),192,Queens,5155
12/8/23,Rockaway Blvd (A),192,Queens,6113
12/6/23,Rockaway Blvd (A),192,Queens,6607
12/5/23,Rockaway Blvd (A),192,Queens,6374
12/4/23,Rockaway Blvd (A),192,Queens,6090
12/3/23,Rockaway Blvd (A),192,Queens,1561
12/2/23,Rockaway Blvd (A),192,Queens,2635
12/1/23,Rockaway Blvd (A),192,Queens,5718
11/24/23,Rockaway Blvd (A),192,Queens,1983
11/7/23,Rockaway Blvd (A),192,Queens,6511
12/31/23,"Rockaway Park-Beach 116 St (A,S)",203,Queens,3
12/30/23,"Rockaway Park-Beach 116 St (A,S)",203,Queens,320
12/29/23,"Rockaway Park-Beach 116 St (A,S)",203,Queens,420
12/28/23,"Rockaway Park-Beach 116 St (A,S)",203,Queens,427
12/27/23,"Rockaway Park-Beach 116 St (A,S)",203,Queens,435
12/26/23,"Rockaway Park-Beach 116 St (A,S)",203,Queens,382
12/25/23,"Rockaway Park-Beach 116 St (A,S)",203,Queens,232
12/23/23,"Rockaway Park-Beach 116 St (A,S)",203,Queens,354
12/22/23,"Rockaway Park-Beach 116 St (A,S)",203,Queens,500
12/21/23,"Rockaway Park-Beach 116 St (A,S)",203,Queens,509
12/20/23,"Rockaway Park-Beach 116 St (A,S)",203,Queens,513
12/19/23,"Rockaway Park-Beach 116 St (A,S)",203,Queens,531
12/18/23,"Rockaway Park-Beach 116 St (A,S)",203,Queens,434
12/17/23,"Rockaway Park-Beach 116 St (A,S)",203,Queens,252
12/16/23,"Rockaway Park-Beach 116 St (A,S)",203,Queens,309
12/15/23,"Rockaway Park-Beach 116 St (A,S)",203,Queens,503
12/14/23,"Rockaway Park-Beach 116 St (A,S)",203,Queens,523
12/13/23,"Rockaway Park-Beach 116 St (A,S)",203,Queens,505
12/12/23,"Rockaway Park-Beach 116 St (A,S)",203,Queens,486
12/11/23,"Rockaway Park-Beach 116 St (A,S)",203,Queens,423
12/10/23,"Rockaway Park-Beach 116 St (A,S)",203,Queens,141
12/9/23,"Rockaway Park-Beach 116 St (A,S)",203,Queens,180
12/8/23,"Rockaway Park-Beach 116 St (A,S)",203,Queens,498
12/6/23,"Rockaway Park-Beach 116 St (A,S)",203,Queens,544
12/5/23,"Rockaway Park-Beach 116 St (A,S)",203,Queens,473
12/4/23,"Rockaway Park-Beach 116 St (A,S)",203,Queens,516
12/3/23,"Rockaway Park-Beach 116 St (A,S)",203,Queens,213
12/2/23,"Rockaway Park-Beach 116 St (A,S)",203,Queens,294
12/1/23,"Rockaway Park-Beach 116 St (A,S)",203,Queens,483
11/24/23,"Rockaway Park-Beach 116 St (A,S)",203,Queens,249
11/7/23,"Rockaway Park-Beach 116 St (A,S)",203,Queens,518
12/30/23,Roosevelt Island (F),222,Manhattan,3486
12/29/23,Roosevelt Island (F),222,Manhattan,3993
12/28/23,Roosevelt Island (F),222,Manhattan,3513
12/27/23,Roosevelt Island (F),222,Manhattan,3102
12/26/23,Roosevelt Island (F),222,Manhattan,3037
12/25/23,Roosevelt Island (F),222,Manhattan,2485
12/23/23,Roosevelt Island (F),222,Manhattan,2523
12/22/23,Roosevelt Island (F),222,Manhattan,3445
12/21/23,Roosevelt Island (F),222,Manhattan,3580
12/20/23,Roosevelt Island (F),222,Manhattan,3620
12/19/23,Roosevelt Island (F),222,Manhattan,3620
12/18/23,Roosevelt Island (F),222,Manhattan,3047
12/17/23,Roosevelt Island (F),222,Manhattan,1970
12/16/23,Roosevelt Island (F),222,Manhattan,3141
12/15/23,Roosevelt Island (F),222,Manhattan,3840
12/14/23,Roosevelt Island (F),222,Manhattan,3791
12/13/23,Roosevelt Island (F),222,Manhattan,3838
12/12/23,Roosevelt Island (F),222,Manhattan,3707
12/11/23,Roosevelt Island (F),222,Manhattan,3497
12/10/23,Roosevelt Island (F),222,Manhattan,1911
12/9/23,Roosevelt Island (F),222,Manhattan,3276
12/8/23,Roosevelt Island (F),222,Manhattan,3842
12/6/23,Roosevelt Island (F),222,Manhattan,3799
12/5/23,Roosevelt Island (F),222,Manhattan,3747
12/4/23,Roosevelt Island (F),222,Manhattan,3591
12/3/23,Roosevelt Island (F),222,Manhattan,1912
12/2/23,Roosevelt Island (F),222,Manhattan,3113
12/1/23,Roosevelt Island (F),222,Manhattan,3520
11/24/23,Roosevelt Island (F),222,Manhattan,2204
11/7/23,Roosevelt Island (F),222,Manhattan,3812
12/31/23,Saratoga Av (3),347,Brooklyn,17
12/30/23,Saratoga Av (3),347,Brooklyn,1551
12/29/23,Saratoga Av (3),347,Brooklyn,2671
12/28/23,Saratoga Av (3),347,Brooklyn,2413
12/27/23,Saratoga Av (3),347,Brooklyn,2485
12/26/23,Saratoga Av (3),347,Brooklyn,2142
12/25/23,Saratoga Av (3),347,Brooklyn,994
12/23/23,Saratoga Av (3),347,Brooklyn,1666
12/22/23,Saratoga Av (3),347,Brooklyn,2889
12/21/23,Saratoga Av (3),347,Brooklyn,2940
12/20/23,Saratoga Av (3),347,Brooklyn,3085
12/19/23,Saratoga Av (3),347,Brooklyn,2313
12/18/23,Saratoga Av (3),347,Brooklyn,2223
12/17/23,Saratoga Av (3),347,Brooklyn,961
12/16/23,Saratoga Av (3),347,Brooklyn,1777
12/15/23,Saratoga Av (3),347,Brooklyn,2948
12/14/23,Saratoga Av (3),347,Brooklyn,3051
12/13/23,Saratoga Av (3),347,Brooklyn,3298
12/12/23,Saratoga Av (3),347,Brooklyn,3121
12/11/23,Saratoga Av (3),347,Brooklyn,3192
12/10/23,Saratoga Av (3),347,Brooklyn,1185
12/9/23,Saratoga Av (3),347,Brooklyn,1767
12/8/23,Saratoga Av (3),347,Brooklyn,3371
12/6/23,Saratoga Av (3),347,Brooklyn,3494
12/5/23,Saratoga Av (3),347,Brooklyn,3409
12/4/23,Saratoga Av (3),347,Brooklyn,3291
12/3/23,Saratoga Av (3),347,Brooklyn,1205
12/2/23,Saratoga Av (3),347,Brooklyn,1714
12/1/23,Saratoga Av (3),347,Brooklyn,3220
11/24/23,Saratoga Av (3),347,Brooklyn,1303
11/7/23,Saratoga Av (3),347,Brooklyn,3328
12/31/23,Seneca Av (M),111,Queens,15
12/30/23,Seneca Av (M),111,Queens,990
12/29/23,Seneca Av (M),111,Queens,1674
12/28/23,Seneca Av (M),111,Queens,1677
12/27/23,Seneca Av (M),111,Queens,1527
12/26/23,Seneca Av (M),111,Queens,1451
12/25/23,Seneca Av (M),111,Queens,552
12/23/23,Seneca Av (M),111,Queens,906
12/22/23,Seneca Av (M),111,Queens,1896
12/21/23,Seneca Av (M),111,Queens,1988
12/20/23,Seneca Av (M),111,Queens,2198
12/19/23,Seneca Av (M),111,Queens,2072
12/18/23,Seneca Av (M),111,Queens,1864
12/17/23,Seneca Av (M),111,Queens,901
12/16/23,Seneca Av (M),111,Queens,1252
12/15/23,Seneca Av (M),111,Queens,2279
12/14/23,Seneca Av (M),111,Queens,2244
12/13/23,Seneca Av (M),111,Queens,2352
12/12/23,Seneca Av (M),111,Queens,2147
12/11/23,Seneca Av (M),111,Queens,1914
12/10/23,Seneca Av (M),111,Queens,917
12/9/23,Seneca Av (M),111,Queens,1268
12/8/23,Seneca Av (M),111,Queens,2172
12/6/23,Seneca Av (M),111,Queens,2276
12/5/23,Seneca Av (M),111,Queens,2162
12/4/23,Seneca Av (M),111,Queens,2070
12/3/23,Seneca Av (M),111,Queens,927
12/2/23,Seneca Av (M),111,Queens,1256
12/1/23,Seneca Av (M),111,Queens,2161
11/24/23,Seneca Av (M),111,Queens,701
11/7/23,Seneca Av (M),111,Queens,2188
12/31/23,"Sheepshead Bay (B,Q)",54,Brooklyn,45
12/30/23,"Sheepshead Bay (B,Q)",54,Brooklyn,4831
12/29/23,"Sheepshead Bay (B,Q)",54,Brooklyn,8709
12/28/23,"Sheepshead Bay (B,Q)",54,Brooklyn,8972
12/27/23,"Sheepshead Bay (B,Q)",54,Brooklyn,8952
12/26/23,"Sheepshead Bay (B,Q)",54,Brooklyn,8576
12/25/23,"Sheepshead Bay (B,Q)",54,Brooklyn,3214
12/23/23,"Sheepshead Bay (B,Q)",54,Brooklyn,4970
12/22/23,"Sheepshead Bay (B,Q)",54,Brooklyn,9630
12/21/23,"Sheepshead Bay (B,Q)",54,Brooklyn,10793
12/20/23,"Sheepshead Bay (B,Q)",54,Brooklyn,11431
12/19/23,"Sheepshead Bay (B,Q)",54,Brooklyn,11122
12/18/23,"Sheepshead Bay (B,Q)",54,Brooklyn,9480
12/17/23,"Sheepshead Bay (B,Q)",54,Brooklyn,3646
12/16/23,"Sheepshead Bay (B,Q)",54,Brooklyn,5258
12/15/23,"Sheepshead Bay (B,Q)",54,Brooklyn,10183
12/14/23,"Sheepshead Bay (B,Q)",54,Brooklyn,11038
12/13/23,"Sheepshead Bay (B,Q)",54,Brooklyn,11321
12/12/23,"Sheepshead Bay (B,Q)",54,Brooklyn,11232
12/11/23,"Sheepshead Bay (B,Q)",54,Brooklyn,10165
12/10/23,"Sheepshead Bay (B,Q)",54,Brooklyn,3263
12/9/23,"Sheepshead Bay (B,Q)",54,Brooklyn,5212
12/8/23,"Sheepshead Bay (B,Q)",54,Brooklyn,10271
12/6/23,"Sheepshead Bay (B,Q)",54,Brooklyn,11278
12/5/23,"Sheepshead Bay (B,Q)",54,Brooklyn,11625
12/4/23,"Sheepshead Bay (B,Q)",54,Brooklyn,11011
12/3/23,"Sheepshead Bay (B,Q)",54,Brooklyn,3111
12/2/23,"Sheepshead Bay (B,Q)",54,Brooklyn,4995
12/1/23,"Sheepshead Bay (B,Q)",54,Brooklyn,10215
11/24/23,"Sheepshead Bay (B,Q)",54,Brooklyn,3758
11/7/23,"Sheepshead Bay (B,Q)",54,Brooklyn,10981
12/31/23,Shepherd Av (C),187,Brooklyn,5
12/30/23,Shepherd Av (C),187,Brooklyn,955
12/29/23,Shepherd Av (C),187,Brooklyn,1470
12/28/23,Shepherd Av (C),187,Brooklyn,1340
12/27/23,Shepherd Av (C),187,Brooklyn,1381
12/26/23,Shepherd Av (C),187,Brooklyn,1333
12/25/23,Shepherd Av (C),187,Brooklyn,594
12/23/23,Shepherd Av (C),187,Brooklyn,922
12/22/23,Shepherd Av (C),187,Brooklyn,1737
12/21/23,Shepherd Av (C),187,Brooklyn,1820
12/20/23,Shepherd Av (C),187,Brooklyn,1882
12/19/23,Shepherd Av (C),187,Brooklyn,1882
12/18/23,Shepherd Av (C),187,Brooklyn,1793
12/17/23,Shepherd Av (C),187,Brooklyn,697
12/16/23,Shepherd Av (C),187,Brooklyn,774
12/15/23,Shepherd Av (C),187,Brooklyn,1791
12/14/23,Shepherd Av (C),187,Brooklyn,1920
12/13/23,Shepherd Av (C),187,Brooklyn,1938
12/12/23,Shepherd Av (C),187,Brooklyn,1989
12/11/23,Shepherd Av (C),187,Brooklyn,1882
12/10/23,Shepherd Av (C),187,Brooklyn,735
12/9/23,Shepherd Av (C),187,Brooklyn,1002
12/8/23,Shepherd Av (C),187,Brooklyn,1932
12/6/23,Shepherd Av (C),187,Brooklyn,1961
12/5/23,Shepherd Av (C),187,Brooklyn,1967
12/4/23,Shepherd Av (C),187,Brooklyn,1895
12/3/23,Shepherd Av (C),187,Brooklyn,545
12/2/23,Shepherd Av (C),187,Brooklyn,731
12/1/23,Shepherd Av (C),187,Brooklyn,1843
11/24/23,Shepherd Av (C),187,Brooklyn,726
11/7/23,Shepherd Av (C),187,Brooklyn,1918
12/31/23,"Simpson St (2,5)",430,Bronx,10
12/30/23,"Simpson St (2,5)",430,Bronx,2784
12/29/23,"Simpson St (2,5)",430,Bronx,4171
12/28/23,"Simpson St (2,5)",430,Bronx,3776
12/27/23,"Simpson St (2,5)",430,Bronx,3189
12/26/23,"Simpson St (2,5)",430,Bronx,3570
12/25/23,"Simpson St (2,5)",430,Bronx,1508
12/23/23,"Simpson St (2,5)",430,Bronx,2695
12/22/23,"Simpson St (2,5)",430,Bronx,4714
12/21/23,"Simpson St (2,5)",430,Bronx,4694
12/20/23,"Simpson St (2,5)",430,Bronx,5023
12/19/23,"Simpson St (2,5)",430,Bronx,4756
12/18/23,"Simpson St (2,5)",430,Bronx,4002
12/17/23,"Simpson St (2,5)",430,Bronx,2048
12/16/23,"Simpson St (2,5)",430,Bronx,3274
12/15/23,"Simpson St (2,5)",430,Bronx,4959
12/14/23,"Simpson St (2,5)",430,Bronx,5005
12/13/23,"Simpson St (2,5)",430,Bronx,4424
12/12/23,"Simpson St (2,5)",430,Bronx,5019
12/11/23,"Simpson St (2,5)",430,Bronx,4561
12/10/23,"Simpson St (2,5)",430,Bronx,1794
12/9/23,"Simpson St (2,5)",430,Bronx,3153
12/8/23,"Simpson St (2,5)",430,Bronx,4951
12/6/23,"Simpson St (2,5)",430,Bronx,4902
12/5/23,"Simpson St (2,5)",430,Bronx,5165
12/4/23,"Simpson St (2,5)",430,Bronx,4877
12/3/23,"Simpson St (2,5)",430,Bronx,1710
12/2/23,"Simpson St (2,5)",430,Bronx,3024
12/1/23,"Simpson St (2,5)",430,Bronx,4947
11/24/23,"Simpson St (2,5)",430,Bronx,2032
11/7/23,"Simpson St (2,5)",430,Bronx,4874
12/31/23,"Smith-9 Sts (F,G)",238,Brooklyn,13
12/30/23,"Smith-9 Sts (F,G)",238,Brooklyn,1932
12/29/23,"Smith-9 Sts (F,G)",238,Brooklyn,2577
12/28/23,"Smith-9 Sts (F,G)",238,Brooklyn,2538
12/27/23,"Smith-9 Sts (F,G)",238,Brooklyn,2337
12/26/23,"Smith-9 Sts (F,G)",238,Brooklyn,2030
12/25/23,"Smith-9 Sts (F,G)",238,Brooklyn,693
12/23/23,"Smith-9 Sts (F,G)",238,Brooklyn,1699
12/22/23,"Smith-9 Sts (F,G)",238,Brooklyn,2956
12/21/23,"Smith-9 Sts (F,G)",238,Brooklyn,3284
12/20/23,"Smith-9 Sts (F,G)",238,Brooklyn,3330
12/19/23,"Smith-9 Sts (F,G)",238,Brooklyn,3277
12/18/23,"Smith-9 Sts (F,G)",238,Brooklyn,2917
12/17/23,"Smith-9 Sts (F,G)",238,Brooklyn,1575
12/16/23,"Smith-9 Sts (F,G)",238,Brooklyn,2344
12/15/23,"Smith-9 Sts (F,G)",238,Brooklyn,3329
12/14/23,"Smith-9 Sts (F,G)",238,Brooklyn,3599
12/13/23,"Smith-9 Sts (F,G)",238,Brooklyn,3553
12/12/23,"Smith-9 Sts (F,G)",238,Brooklyn,3493
12/11/23,"Smith-9 Sts (F,G)",238,Brooklyn,3325
12/10/23,"Smith-9 Sts (F,G)",238,Brooklyn,1578
12/9/23,"Smith-9 Sts (F,G)",238,Brooklyn,2362
12/8/23,"Smith-9 Sts (F,G)",238,Brooklyn,3400
12/6/23,"Smith-9 Sts (F,G)",238,Brooklyn,3648
12/5/23,"Smith-9 Sts (F,G)",238,Brooklyn,3661
12/4/23,"Smith-9 Sts (F,G)",238,Brooklyn,3363
12/3/23,"Smith-9 Sts (F,G)",238,Brooklyn,1449
12/2/23,"Smith-9 Sts (F,G)",238,Brooklyn,2299
12/1/23,"Smith-9 Sts (F,G)",238,Brooklyn,3429
11/24/23,"Smith-9 Sts (F,G)",238,Brooklyn,1080
11/7/23,"Smith-9 Sts (F,G)",238,Brooklyn,3180
12/31/23,"South Ferry (1)/Whitehall St (R,W)",635,Manhattan,123
12/30/23,"South Ferry (1)/Whitehall St (R,W)",635,Manhattan,16877
12/29/23,"South Ferry (1)/Whitehall St (R,W)",635,Manhattan,26000
12/28/23,"South Ferry (1)/Whitehall St (R,W)",635,Manhattan,22089
12/27/23,"South Ferry (1)/Whitehall St (R,W)",635,Manhattan,20989
12/26/23,"South Ferry (1)/Whitehall St (R,W)",635,Manhattan,20923
12/25/23,"South Ferry (1)/Whitehall St (R,W)",635,Manhattan,9313
12/23/23,"South Ferry (1)/Whitehall St (R,W)",635,Manhattan,12945
12/22/23,"South Ferry (1)/Whitehall St (R,W)",635,Manhattan,19378
12/21/23,"South Ferry (1)/Whitehall St (R,W)",635,Manhattan,21909
12/20/23,"South Ferry (1)/Whitehall St (R,W)",635,Manhattan,23620
12/19/23,"South Ferry (1)/Whitehall St (R,W)",635,Manhattan,25180
12/18/23,"South Ferry (1)/Whitehall St (R,W)",635,Manhattan,17255
12/17/23,"South Ferry (1)/Whitehall St (R,W)",635,Manhattan,6695
12/16/23,"South Ferry (1)/Whitehall St (R,W)",635,Manhattan,12001
12/15/23,"South Ferry (1)/Whitehall St (R,W)",635,Manhattan,21131
12/14/23,"South Ferry (1)/Whitehall St (R,W)",635,Manhattan,23174
12/13/23,"South Ferry (1)/Whitehall St (R,W)",635,Manhattan,23689
12/12/23,"South Ferry (1)/Whitehall St (R,W)",635,Manhattan,24169
12/11/23,"South Ferry (1)/Whitehall St (R,W)",635,Manhattan,20224
12/10/23,"South Ferry (1)/Whitehall St (R,W)",635,Manhattan,7464
12/9/23,"South Ferry (1)/Whitehall St (R,W)",635,Manhattan,15250
12/8/23,"South Ferry (1)/Whitehall St (R,W)",635,Manhattan,22023
12/6/23,"South Ferry (1)/Whitehall St (R,W)",635,Manhattan,24192
12/5/23,"South Ferry (1)/Whitehall St (R,W)",635,Manhattan,24173
12/4/23,"South Ferry (1)/Whitehall St (R,W)",635,Manhattan,22696
12/3/23,"South Ferry (1)/Whitehall St (R,W)",635,Manhattan,6030
12/2/23,"South Ferry (1)/Whitehall St (R,W)",635,Manhattan,11521
12/1/23,"South Ferry (1)/Whitehall St (R,W)",635,Manhattan,20248
11/24/23,"South Ferry (1)/Whitehall St (R,W)",635,Manhattan,9053
11/7/23,"South Ferry (1)/Whitehall St (R,W)",635,Manhattan,22943
12/31/23,Spring St (6),409,Manhattan,161
12/30/23,Spring St (6),409,Manhattan,10322
12/29/23,Spring St (6),409,Manhattan,10825
12/28/23,Spring St (6),409,Manhattan,9995
12/27/23,Spring St (6),409,Manhattan,8711
12/26/23,Spring St (6),409,Manhattan,8320
12/25/23,Spring St (6),409,Manhattan,3151
12/23/23,Spring St (6),409,Manhattan,8711
12/22/23,Spring St (6),409,Manhattan,10054
12/21/23,Spring St (6),409,Manhattan,10127
12/20/23,Spring St (6),409,Manhattan,10050
12/19/23,Spring St (6),409,Manhattan,10260
12/18/23,Spring St (6),409,Manhattan,8061
12/17/23,Spring St (6),409,Manhattan,8208
12/16/23,Spring St (6),409,Manhattan,13091
12/15/23,Spring St (6),409,Manhattan,10471
12/14/23,Spring St (6),409,Manhattan,10405
12/13/23,Spring St (6),409,Manhattan,9187
12/12/23,Spring St (6),409,Manhattan,9678
12/11/23,Spring St (6),409,Manhattan,8055
12/10/23,Spring St (6),409,Manhattan,8244
12/9/23,Spring St (6),409,Manhattan,13478
12/8/23,Spring St (6),409,Manhattan,10291
12/6/23,Spring St (6),409,Manhattan,9189
12/5/23,Spring St (6),409,Manhattan,8808
12/4/23,Spring St (6),409,Manhattan,7924
12/3/23,Spring St (6),409,Manhattan,8427
12/2/23,Spring St (6),409,Manhattan,13454
12/1/23,Spring St (6),409,Manhattan,9404
11/24/23,Spring St (6),409,Manhattan,5702
11/7/23,Spring St (6),409,Manhattan,9698
12/31/23,"Spring St (C,E)",168,Manhattan,108
12/30/23,"Spring St (C,E)",168,Manhattan,7293
12/29/23,"Spring St (C,E)",168,Manhattan,8884
12/28/23,"Spring St (C,E)",168,Manhattan,8418
12/27/23,"Spring St (C,E)",168,Manhattan,7966
12/26/23,"Spring St (C,E)",168,Manhattan,6923
12/25/23,"Spring St (C,E)",168,Manhattan,2082
12/23/23,"Spring St (C,E)",168,Manhattan,6312
12/22/23,"Spring St (C,E)",168,Manhattan,8173
12/21/23,"Spring St (C,E)",168,Manhattan,9283
12/20/23,"Spring St (C,E)",168,Manhattan,9777
12/19/23,"Spring St (C,E)",168,Manhattan,10710
12/18/23,"Spring St (C,E)",168,Manhattan,8315
12/17/23,"Spring St (C,E)",168,Manhattan,6288
12/16/23,"Spring St (C,E)",168,Manhattan,9379
12/15/23,"Spring St (C,E)",168,Manhattan,9784
12/14/23,"Spring St (C,E)",168,Manhattan,11620
12/13/23,"Spring St (C,E)",168,Manhattan,11645
12/12/23,"Spring St (C,E)",168,Manhattan,11961
12/11/23,"Spring St (C,E)",168,Manhattan,9097
12/10/23,"Spring St (C,E)",168,Manhattan,6182
12/9/23,"Spring St (C,E)",168,Manhattan,9099
12/8/23,"Spring St (C,E)",168,Manhattan,9864
12/6/23,"Spring St (C,E)",168,Manhattan,11462
12/5/23,"Spring St (C,E)",168,Manhattan,11419
12/4/23,"Spring St (C,E)",168,Manhattan,9019
12/3/23,"Spring St (C,E)",168,Manhattan,4490
12/2/23,"Spring St (C,E)",168,Manhattan,6256
12/1/23,"Spring St (C,E)",168,Manhattan,9239
11/24/23,"Spring St (C,E)",168,Manhattan,4432
11/7/23,"Spring St (C,E)",168,Manhattan,11373
12/31/23,St George (SIR),501,Staten Island,60
12/30/23,St George (SIR),501,Staten Island,3270
12/29/23,St George (SIR),501,Staten Island,7117
12/28/23,St George (SIR),501,Staten Island,6706
12/27/23,St George (SIR),501,Staten Island,6789
12/26/23,St George (SIR),501,Staten Island,6385
12/25/23,St George (SIR),501,Staten Island,2106
12/23/23,St George (SIR),501,Staten Island,3236
12/22/23,St George (SIR),501,Staten Island,7143
12/21/23,St George (SIR),501,Staten Island,8510
12/20/23,St George (SIR),501,Staten Island,9099
12/19/23,St George (SIR),501,Staten Island,9347
12/18/23,St George (SIR),501,Staten Island,6671
12/17/23,St George (SIR),501,Staten Island,2125
12/16/23,St George (SIR),501,Staten Island,3654
12/15/23,St George (SIR),501,Staten Island,7952
12/14/23,St George (SIR),501,Staten Island,9209
12/13/23,St George (SIR),501,Staten Island,9705
12/12/23,St George (SIR),501,Staten Island,9485
12/11/23,St George (SIR),501,Staten Island,8510
12/10/23,St George (SIR),501,Staten Island,2000
12/9/23,St George (SIR),501,Staten Island,3812
12/8/23,St George (SIR),501,Staten Island,7913
12/6/23,St George (SIR),501,Staten Island,9883
12/5/23,St George (SIR),501,Staten Island,9954
12/4/23,St George (SIR),501,Staten Island,9327
12/3/23,St George (SIR),501,Staten Island,1936
12/2/23,St George (SIR),501,Staten Island,2989
12/1/23,St George (SIR),501,Staten Island,7942
11/24/23,St George (SIR),501,Staten Island,2278
11/7/23,St George (SIR),501,Staten Island,9201
12/31/23,St Lawrence Av (6),367,Bronx,6
12/30/23,St Lawrence Av (6),367,Bronx,1446
12/29/23,St Lawrence Av (6),367,Bronx,2104
12/28/23,St Lawrence Av (6),367,Bronx,2013
12/27/23,St Lawrence Av (6),367,Bronx,2069
12/26/23,St Lawrence Av (6),367,Bronx,1921
12/25/23,St Lawrence Av (6),367,Bronx,899
12/23/23,St Lawrence Av (6),367,Bronx,1469
12/22/23,St Lawrence Av (6),367,Bronx,2453
12/21/23,St Lawrence Av (6),367,Bronx,2882
12/20/23,St Lawrence Av (6),367,Bronx,2501
12/19/23,St Lawrence Av (6),367,Bronx,2535
12/18/23,St Lawrence Av (6),367,Bronx,2161
12/17/23,St Lawrence Av (6),367,Bronx,1311
12/16/23,St Lawrence Av (6),367,Bronx,1540
12/15/23,St Lawrence Av (6),367,Bronx,2672
12/14/23,St Lawrence Av (6),367,Bronx,2568
12/13/23,St Lawrence Av (6),367,Bronx,2589
12/12/23,St Lawrence Av (6),367,Bronx,2486
12/11/23,St Lawrence Av (6),367,Bronx,2494
12/10/23,St Lawrence Av (6),367,Bronx,1210
12/9/23,St Lawrence Av (6),367,Bronx,1607
12/8/23,St Lawrence Av (6),367,Bronx,2565
12/6/23,St Lawrence Av (6),367,Bronx,2586
12/5/23,St Lawrence Av (6),367,Bronx,2551
12/4/23,St Lawrence Av (6),367,Bronx,2431
12/3/23,St Lawrence Av (6),367,Bronx,1264
12/2/23,St Lawrence Av (6),367,Bronx,1652
12/1/23,St Lawrence Av (6),367,Bronx,2528
11/24/23,St Lawrence Av (6),367,Bronx,1228
11/7/23,St Lawrence Av (6),367,Bronx,2794
12/31/23,"Steinway St (M,R)",271,Queens,82
12/30/23,"Steinway St (M,R)",271,Queens,5858
12/29/23,"Steinway St (M,R)",271,Queens,7579
12/28/23,"Steinway St (M,R)",271,Queens,7422
12/27/23,"Steinway St (M,R)",271,Queens,7041
12/26/23,"Steinway St (M,R)",271,Queens,6326
12/25/23,"Steinway St (M,R)",271,Queens,2406
12/23/23,"Steinway St (M,R)",271,Queens,5672
12/22/23,"Steinway St (M,R)",271,Queens,8404
12/21/23,"Steinway St (M,R)",271,Queens,8588
12/20/23,"Steinway St (M,R)",271,Queens,8605
12/19/23,"Steinway St (M,R)",271,Queens,8770
12/18/23,"Steinway St (M,R)",271,Queens,7555
12/17/23,"Steinway St (M,R)",271,Queens,4520
12/16/23,"Steinway St (M,R)",271,Queens,6977
12/15/23,"Steinway St (M,R)",271,Queens,9033
12/14/23,"Steinway St (M,R)",271,Queens,9229
12/13/23,"Steinway St (M,R)",271,Queens,8945
12/12/23,"Steinway St (M,R)",271,Queens,8894
12/11/23,"Steinway St (M,R)",271,Queens,8047
12/10/23,"Steinway St (M,R)",271,Queens,4135
12/9/23,"Steinway St (M,R)",271,Queens,6589
12/8/23,"Steinway St (M,R)",271,Queens,8965
12/6/23,"Steinway St (M,R)",271,Queens,8953
12/5/23,"Steinway St (M,R)",271,Queens,9030
12/4/23,"Steinway St (M,R)",271,Queens,8308
12/3/23,"Steinway St (M,R)",271,Queens,4327
12/2/23,"Steinway St (M,R)",271,Queens,6479
12/1/23,"Steinway St (M,R)",271,Queens,8675
11/24/23,"Steinway St (M,R)",271,Queens,3910
11/7/23,"Steinway St (M,R)",271,Queens,8966
12/31/23,"Sterling St (2,5)",354,Brooklyn,4
12/30/23,"Sterling St (2,5)",354,Brooklyn,2283
12/29/23,"Sterling St (2,5)",354,Brooklyn,3285
12/28/23,"Sterling St (2,5)",354,Brooklyn,3149
12/27/23,"Sterling St (2,5)",354,Brooklyn,2940
12/26/23,"Sterling St (2,5)",354,Brooklyn,2574
12/25/23,"Sterling St (2,5)",354,Brooklyn,1191
12/23/23,"Sterling St (2,5)",354,Brooklyn,2322
12/22/23,"Sterling St (2,5)",354,Brooklyn,3558
12/21/23,"Sterling St (2,5)",354,Brooklyn,3992
12/20/23,"Sterling St (2,5)",354,Brooklyn,3977
12/19/23,"Sterling St (2,5)",354,Brooklyn,4265
12/18/23,"Sterling St (2,5)",354,Brooklyn,3577
12/17/23,"Sterling St (2,5)",354,Brooklyn,1888
12/16/23,"Sterling St (2,5)",354,Brooklyn,2682
12/15/23,"Sterling St (2,5)",354,Brooklyn,4385
12/14/23,"Sterling St (2,5)",354,Brooklyn,4419
12/13/23,"Sterling St (2,5)",354,Brooklyn,4276
12/12/23,"Sterling St (2,5)",354,Brooklyn,4329
12/11/23,"Sterling St (2,5)",354,Brooklyn,4027
12/10/23,"Sterling St (2,5)",354,Brooklyn,1878
12/9/23,"Sterling St (2,5)",354,Brooklyn,2786
12/8/23,"Sterling St (2,5)",354,Brooklyn,4211
12/6/23,"Sterling St (2,5)",354,Brooklyn,4368
12/5/23,"Sterling St (2,5)",354,Brooklyn,4505
12/4/23,"Sterling St (2,5)",354,Brooklyn,4262
12/3/23,"Sterling St (2,5)",354,Brooklyn,2067
12/2/23,"Sterling St (2,5)",354,Brooklyn,2659
12/1/23,"Sterling St (2,5)",354,Brooklyn,4277
11/24/23,"Sterling St (2,5)",354,Brooklyn,1752
11/7/23,"Sterling St (2,5)",354,Brooklyn,4477
12/31/23,Sutphin Blvd (F),257,Queens,11
12/30/23,Sutphin Blvd (F),257,Queens,1620
12/29/23,Sutphin Blvd (F),257,Queens,2592
12/28/23,Sutphin Blvd (F),257,Queens,2476
12/27/23,Sutphin Blvd (F),257,Queens,2383
12/26/23,Sutphin Blvd (F),257,Queens,2136
12/25/23,Sutphin Blvd (F),257,Queens,1134
12/23/23,Sutphin Blvd (F),257,Queens,1789
12/22/23,Sutphin Blvd (F),257,Queens,2913
12/21/23,Sutphin Blvd (F),257,Queens,3106
12/20/23,Sutphin Blvd (F),257,Queens,3038
12/19/23,Sutphin Blvd (F),257,Queens,3088
12/18/23,Sutphin Blvd (F),257,Queens,2778
12/17/23,Sutphin Blvd (F),257,Queens,1513
12/16/23,Sutphin Blvd (F),257,Queens,1823
12/15/23,Sutphin Blvd (F),257,Queens,3105
12/14/23,Sutphin Blvd (F),257,Queens,3143
12/13/23,Sutphin Blvd (F),257,Queens,3223
12/12/23,Sutphin Blvd (F),257,Queens,3278
12/11/23,Sutphin Blvd (F),257,Queens,3056
12/10/23,Sutphin Blvd (F),257,Queens,1276
12/9/23,Sutphin Blvd (F),257,Queens,1834
12/8/23,Sutphin Blvd (F),257,Queens,3181
12/6/23,Sutphin Blvd (F),257,Queens,3262
12/5/23,Sutphin Blvd (F),257,Queens,3291
12/4/23,Sutphin Blvd (F),257,Queens,3192
12/3/23,Sutphin Blvd (F),257,Queens,1223
12/2/23,Sutphin Blvd (F),257,Queens,1826
12/1/23,Sutphin Blvd (F),257,Queens,3138
11/24/23,Sutphin Blvd (F),257,Queens,1459
11/7/23,Sutphin Blvd (F),257,Queens,3222
12/31/23,"Sutphin Blvd-Archer Av-JFK Airport (E,J,Z)",279,Queens,223
12/30/23,"Sutphin Blvd-Archer Av-JFK Airport (E,J,Z)",279,Queens,14476
12/29/23,"Sutphin Blvd-Archer Av-JFK Airport (E,J,Z)",279,Queens,21457
12/28/23,"Sutphin Blvd-Archer Av-JFK Airport (E,J,Z)",279,Queens,21107
12/27/23,"Sutphin Blvd-Archer Av-JFK Airport (E,J,Z)",279,Queens,20433
12/26/23,"Sutphin Blvd-Archer Av-JFK Airport (E,J,Z)",279,Queens,19237
12/25/23,"Sutphin Blvd-Archer Av-JFK Airport (E,J,Z)",279,Queens,10697
12/23/23,"Sutphin Blvd-Archer Av-JFK Airport (E,J,Z)",279,Queens,13905
12/22/23,"Sutphin Blvd-Archer Av-JFK Airport (E,J,Z)",279,Queens,22161
12/21/23,"Sutphin Blvd-Archer Av-JFK Airport (E,J,Z)",279,Queens,22282
12/20/23,"Sutphin Blvd-Archer Av-JFK Airport (E,J,Z)",279,Queens,22168
12/19/23,"Sutphin Blvd-Archer Av-JFK Airport (E,J,Z)",279,Queens,21923
12/18/23,"Sutphin Blvd-Archer Av-JFK Airport (E,J,Z)",279,Queens,20074
12/17/23,"Sutphin Blvd-Archer Av-JFK Airport (E,J,Z)",279,Queens,8890
12/16/23,"Sutphin Blvd-Archer Av-JFK Airport (E,J,Z)",279,Queens,12476
12/15/23,"Sutphin Blvd-Archer Av-JFK Airport (E,J,Z)",279,Queens,22703
12/14/23,"Sutphin Blvd-Archer Av-JFK Airport (E,J,Z)",279,Queens,23005
12/13/23,"Sutphin Blvd-Archer Av-JFK Airport (E,J,Z)",279,Queens,22347
12/12/23,"Sutphin Blvd-Archer Av-JFK Airport (E,J,Z)",279,Queens,21700
12/11/23,"Sutphin Blvd-Archer Av-JFK Airport (E,J,Z)",279,Queens,20968
12/10/23,"Sutphin Blvd-Archer Av-JFK Airport (E,J,Z)",279,Queens,9082
12/9/23,"Sutphin Blvd-Archer Av-JFK Airport (E,J,Z)",279,Queens,13227
12/8/23,"Sutphin Blvd-Archer Av-JFK Airport (E,J,Z)",279,Queens,22852
12/6/23,"Sutphin Blvd-Archer Av-JFK Airport (E,J,Z)",279,Queens,22667
12/5/23,"Sutphin Blvd-Archer Av-JFK Airport (E,J,Z)",279,Queens,22813
12/4/23,"Sutphin Blvd-Archer Av-JFK Airport (E,J,Z)",279,Queens,22626
12/3/23,"Sutphin Blvd-Archer Av-JFK Airport (E,J,Z)",279,Queens,9930
12/2/23,"Sutphin Blvd-Archer Av-JFK Airport (E,J,Z)",279,Queens,13484
12/1/23,"Sutphin Blvd-Archer Av-JFK Airport (E,J,Z)",279,Queens,23375
11/24/23,"Sutphin Blvd-Archer Av-JFK Airport (E,J,Z)",279,Queens,11398
11/7/23,"Sutphin Blvd-Archer Av-JFK Airport (E,J,Z)",279,Queens,22924
12/31/23,Sutter Av (L),134,Brooklyn,11
12/30/23,Sutter Av (L),134,Brooklyn,806
12/29/23,Sutter Av (L),134,Brooklyn,1261
12/28/23,Sutter Av (L),134,Brooklyn,1363
12/27/23,Sutter Av (L),134,Brooklyn,1281
12/26/23,Sutter Av (L),134,Brooklyn,1162
12/25/23,Sutter Av (L),134,Brooklyn,538
12/23/23,Sutter Av (L),134,Brooklyn,752
12/22/23,Sutter Av (L),134,Brooklyn,1382
12/21/23,Sutter Av (L),134,Brooklyn,1538
12/20/23,Sutter Av (L),134,Brooklyn,1592
12/19/23,Sutter Av (L),134,Brooklyn,1518
12/18/23,Sutter Av (L),134,Brooklyn,1408
12/17/23,Sutter Av (L),134,Brooklyn,647
12/16/23,Sutter Av (L),134,Brooklyn,853
12/15/23,Sutter Av (L),134,Brooklyn,1451
12/14/23,Sutter Av (L),134,Brooklyn,1583
12/13/23,Sutter Av (L),134,Brooklyn,1604
12/12/23,Sutter Av (L),134,Brooklyn,1513
12/11/23,Sutter Av (L),134,Brooklyn,1342
12/10/23,Sutter Av (L),134,Brooklyn,630
12/9/23,Sutter Av (L),134,Brooklyn,830
12/8/23,Sutter Av (L),134,Brooklyn,1459
12/6/23,Sutter Av (L),134,Brooklyn,1573
12/5/23,Sutter Av (L),134,Brooklyn,1424
12/4/23,Sutter Av (L),134,Brooklyn,1448
12/3/23,Sutter Av (L),134,Brooklyn,621
12/2/23,Sutter Av (L),134,Brooklyn,777
12/1/23,Sutter Av (L),134,Brooklyn,1442
11/24/23,Sutter Av (L),134,Brooklyn,645
11/7/23,Sutter Av (L),134,Brooklyn,1561
12/31/23,Sutter Av-Rutland Rd (3),346,Brooklyn,18
12/30/23,Sutter Av-Rutland Rd (3),346,Brooklyn,2052
12/29/23,Sutter Av-Rutland Rd (3),346,Brooklyn,3400
12/28/23,Sutter Av-Rutland Rd (3),346,Brooklyn,3215
12/27/23,Sutter Av-Rutland Rd (3),346,Brooklyn,3162
12/26/23,Sutter Av-Rutland Rd (3),346,Brooklyn,2949
12/25/23,Sutter Av-Rutland Rd (3),346,Brooklyn,1341
12/23/23,Sutter Av-Rutland Rd (3),346,Brooklyn,2390
12/22/23,Sutter Av-Rutland Rd (3),346,Brooklyn,3929
12/21/23,Sutter Av-Rutland Rd (3),346,Brooklyn,4406
12/20/23,Sutter Av-Rutland Rd (3),346,Brooklyn,4303
12/19/23,Sutter Av-Rutland Rd (3),346,Brooklyn,4553
12/18/23,Sutter Av-Rutland Rd (3),346,Brooklyn,3837
12/17/23,Sutter Av-Rutland Rd (3),346,Brooklyn,1611
12/16/23,Sutter Av-Rutland Rd (3),346,Brooklyn,2326
12/15/23,Sutter Av-Rutland Rd (3),346,Brooklyn,4564
12/14/23,Sutter Av-Rutland Rd (3),346,Brooklyn,4535
12/13/23,Sutter Av-Rutland Rd (3),346,Brooklyn,4522
12/12/23,Sutter Av-Rutland Rd (3),346,Brooklyn,4375
12/11/23,Sutter Av-Rutland Rd (3),346,Brooklyn,4189
12/10/23,Sutter Av-Rutland Rd (3),346,Brooklyn,1637
12/9/23,Sutter Av-Rutland Rd (3),346,Brooklyn,2460
12/8/23,Sutter Av-Rutland Rd (3),346,Brooklyn,4568
12/6/23,Sutter Av-Rutland Rd (3),346,Brooklyn,4672
12/5/23,Sutter Av-Rutland Rd (3),346,Brooklyn,4636
12/4/23,Sutter Av-Rutland Rd (3),346,Brooklyn,4634
12/3/23,Sutter Av-Rutland Rd (3),346,Brooklyn,1740
12/2/23,Sutter Av-Rutland Rd (3),346,Brooklyn,2451
12/1/23,Sutter Av-Rutland Rd (3),346,Brooklyn,4602
11/24/23,Sutter Av-Rutland Rd (3),346,Brooklyn,1883
11/7/23,Sutter Av-Rutland Rd (3),346,Brooklyn,4574
12/31/23,"Times Sq-42 St (N,Q,R,W,S,1,2,3,7)/42 St (A,C,E)",611,Manhattan,3578
12/30/23,"Times Sq-42 St (N,Q,R,W,S,1,2,3,7)/42 St (A,C,E)",611,Manhattan,119231
12/29/23,"Times Sq-42 St (N,Q,R,W,S,1,2,3,7)/42 St (A,C,E)",611,Manhattan,138036
12/28/23,"Times Sq-42 St (N,Q,R,W,S,1,2,3,7)/42 St (A,C,E)",611,Manhattan,133504
12/27/23,"Times Sq-42 St (N,Q,R,W,S,1,2,3,7)/42 St (A,C,E)",611,Manhattan,130687
12/26/23,"Times Sq-42 St (N,Q,R,W,S,1,2,3,7)/42 St (A,C,E)",611,Manhattan,124431
12/25/23,"Times Sq-42 St (N,Q,R,W,S,1,2,3,7)/42 St (A,C,E)",611,Manhattan,74380
12/23/23,"Times Sq-42 St (N,Q,R,W,S,1,2,3,7)/42 St (A,C,E)",611,Manhattan,104075
12/22/23,"Times Sq-42 St (N,Q,R,W,S,1,2,3,7)/42 St (A,C,E)",611,Manhattan,128197
12/21/23,"Times Sq-42 St (N,Q,R,W,S,1,2,3,7)/42 St (A,C,E)",611,Manhattan,138841
12/20/23,"Times Sq-42 St (N,Q,R,W,S,1,2,3,7)/42 St (A,C,E)",611,Manhattan,147670
12/19/23,"Times Sq-42 St (N,Q,R,W,S,1,2,3,7)/42 St (A,C,E)",611,Manhattan,147915
12/18/23,"Times Sq-42 St (N,Q,R,W,S,1,2,3,7)/42 St (A,C,E)",611,Manhattan,122631
12/17/23,"Times Sq-42 St (N,Q,R,W,S,1,2,3,7)/42 St (A,C,E)",611,Manhattan,87639
12/16/23,"Times Sq-42 St (N,Q,R,W,S,1,2,3,7)/42 St (A,C,E)",611,Manhattan,126761
12/15/23,"Times Sq-42 St (N,Q,R,W,S,1,2,3,7)/42 St (A,C,E)",611,Manhattan,141795
12/14/23,"Times Sq-42 St (N,Q,R,W,S,1,2,3,7)/42 St (A,C,E)",611,Manhattan,155911
12/13/23,"Times Sq-42 St (N,Q,R,W,S,1,2,3,7)/42 St (A,C,E)",611,Manhattan,155969
12/12/23,"Times Sq-42 St (N,Q,R,W,S,1,2,3,7)/42 St (A,C,E)",611,Manhattan,153276
12/11/23,"Times Sq-42 St (N,Q,R,W,S,1,2,3,7)/42 St (A,C,E)",611,Manhattan,131122
12/10/23,"Times Sq-42 St (N,Q,R,W,S,1,2,3,7)/42 St (A,C,E)",611,Manhattan,83329
12/9/23,"Times Sq-42 St (N,Q,R,W,S,1,2,3,7)/42 St (A,C,E)",611,Manhattan,129222
12/8/23,"Times Sq-42 St (N,Q,R,W,S,1,2,3,7)/42 St (A,C,E)",611,Manhattan,143150
12/6/23,"Times Sq-42 St (N,Q,R,W,S,1,2,3,7)/42 St (A,C,E)",611,Manhattan,157834
12/5/23,"Times Sq-42 St (N,Q,R,W,S,1,2,3,7)/42 St (A,C,E)",611,Manhattan,152367
12/4/23,"Times Sq-42 St (N,Q,R,W,S,1,2,3,7)/42 St (A,C,E)",611,Manhattan,133904
12/3/23,"Times Sq-42 St (N,Q,R,W,S,1,2,3,7)/42 St (A,C,E)",611,Manhattan,85948
12/2/23,"Times Sq-42 St (N,Q,R,W,S,1,2,3,7)/42 St (A,C,E)",611,Manhattan,118953
12/1/23,"Times Sq-42 St (N,Q,R,W,S,1,2,3,7)/42 St (A,C,E)",611,Manhattan,134947
11/24/23,"Times Sq-42 St (N,Q,R,W,S,1,2,3,7)/42 St (A,C,E)",611,Manhattan,82183
11/7/23,"Times Sq-42 St (N,Q,R,W,S,1,2,3,7)/42 St (A,C,E)",611,Manhattan,154138
12/31/23,Tompkinsville (SIR),502,Staten Island,5
12/30/23,Tompkinsville (SIR),502,Staten Island,292
12/29/23,Tompkinsville (SIR),502,Staten Island,416
12/28/23,Tompkinsville (SIR),502,Staten Island,408
12/27/23,Tompkinsville (SIR),502,Staten Island,377
12/26/23,Tompkinsville (SIR),502,Staten Island,417
12/25/23,Tompkinsville (SIR),502,Staten Island,103
12/23/23,Tompkinsville (SIR),502,Staten Island,267
12/22/23,Tompkinsville (SIR),502,Staten Island,491
12/21/23,Tompkinsville (SIR),502,Staten Island,459
12/20/23,Tompkinsville (SIR),502,Staten Island,505
12/19/23,Tompkinsville (SIR),502,Staten Island,515
12/18/23,Tompkinsville (SIR),502,Staten Island,373
12/17/23,Tompkinsville (SIR),502,Staten Island,192
12/16/23,Tompkinsville (SIR),502,Staten Island,317
12/15/23,Tompkinsville (SIR),502,Staten Island,523
12/14/23,Tompkinsville (SIR),502,Staten Island,473
12/13/23,Tompkinsville (SIR),502,Staten Island,498
12/12/23,Tompkinsville (SIR),502,Staten Island,476
12/11/23,Tompkinsville (SIR),502,Staten Island,470
12/10/23,Tompkinsville (SIR),502,Staten Island,190
12/9/23,Tompkinsville (SIR),502,Staten Island,309
12/8/23,Tompkinsville (SIR),502,Staten Island,504
12/6/23,Tompkinsville (SIR),502,Staten Island,501
12/5/23,Tompkinsville (SIR),502,Staten Island,531
12/4/23,Tompkinsville (SIR),502,Staten Island,516
12/3/23,Tompkinsville (SIR),502,Staten Island,172
12/2/23,Tompkinsville (SIR),502,Staten Island,384
12/1/23,Tompkinsville (SIR),502,Staten Island,578
11/24/23,Tompkinsville (SIR),502,Staten Island,224
11/7/23,Tompkinsville (SIR),502,Staten Island,486
12/31/23,"Tremont Av (B,D)",215,Bronx,10
12/30/23,"Tremont Av (B,D)",215,Bronx,2201
12/29/23,"Tremont Av (B,D)",215,Bronx,3813
12/28/23,"Tremont Av (B,D)",215,Bronx,3971
12/27/23,"Tremont Av (B,D)",215,Bronx,3836
12/26/23,"Tremont Av (B,D)",215,Bronx,3496
12/25/23,"Tremont Av (B,D)",215,Bronx,1471
12/23/23,"Tremont Av (B,D)",215,Bronx,2272
12/22/23,"Tremont Av (B,D)",215,Bronx,4386
12/21/23,"Tremont Av (B,D)",215,Bronx,4616
12/20/23,"Tremont Av (B,D)",215,Bronx,4550
12/19/23,"Tremont Av (B,D)",215,Bronx,4636
12/18/23,"Tremont Av (B,D)",215,Bronx,3642
12/17/23,"Tremont Av (B,D)",215,Bronx,2
12/16/23,"Tremont Av (B,D)",215,Bronx,12
12/15/23,"Tremont Av (B,D)",215,Bronx,4362
12/14/23,"Tremont Av (B,D)",215,Bronx,4568
12/13/23,"Tremont Av (B,D)",215,Bronx,4689
12/12/23,"Tremont Av (B,D)",215,Bronx,4430
12/11/23,"Tremont Av (B,D)",215,Bronx,4292
12/10/23,"Tremont Av (B,D)",215,Bronx,1437
12/9/23,"Tremont Av (B,D)",215,Bronx,2130
12/8/23,"Tremont Av (B,D)",215,Bronx,4601
12/6/23,"Tremont Av (B,D)",215,Bronx,4819
12/5/23,"Tremont Av (B,D)",215,Bronx,4741
12/4/23,"Tremont Av (B,D)",215,Bronx,4219
12/3/23,"Tremont Av (B,D)",215,Bronx,6
12/2/23,"Tremont Av (B,D)",215,Bronx,15
12/1/23,"Tremont Av (B,D)",215,Bronx,4348
11/24/23,"Tremont Av (B,D)",215,Bronx,1671
11/7/23,"Tremont Av (B,D)",215,Bronx,4726
12/31/23,Union St (R),28,Brooklyn,69
12/30/23,Union St (R),28,Brooklyn,2424
12/29/23,Union St (R),28,Brooklyn,3783
12/28/23,Union St (R),28,Brooklyn,3582
12/27/23,Union St (R),28,Brooklyn,3375
12/26/23,Union St (R),28,Brooklyn,2799
12/25/23,Union St (R),28,Brooklyn,728
12/23/23,Union St (R),28,Brooklyn,1700
12/22/23,Union St (R),28,Brooklyn,4375
12/21/23,Union St (R),28,Brooklyn,4915
12/20/23,Union St (R),28,Brooklyn,5611
12/19/23,Union St (R),28,Brooklyn,5820
12/18/23,Union St (R),28,Brooklyn,4961
12/17/23,Union St (R),28,Brooklyn,3544
12/16/23,Union St (R),28,Brooklyn,5062
12/15/23,Union St (R),28,Brooklyn,6055
12/14/23,Union St (R),28,Brooklyn,6023
12/13/23,Union St (R),28,Brooklyn,6093
12/12/23,Union St (R),28,Brooklyn,6132
12/11/23,Union St (R),28,Brooklyn,5422
12/10/23,Union St (R),28,Brooklyn,3113
12/9/23,Union St (R),28,Brooklyn,4968
12/8/23,Union St (R),28,Brooklyn,5819
12/6/23,Union St (R),28,Brooklyn,6177
12/5/23,Union St (R),28,Brooklyn,5991
12/4/23,Union St (R),28,Brooklyn,5370
12/3/23,Union St (R),28,Brooklyn,2154
12/2/23,Union St (R),28,Brooklyn,3248
12/1/23,Union St (R),28,Brooklyn,5747
11/24/23,Union St (R),28,Brooklyn,1115
11/7/23,Union St (R),28,Brooklyn,6082
12/31/23,"Utica Av (A,C)",181,Brooklyn,41
12/30/23,"Utica Av (A,C)",181,Brooklyn,5892
12/29/23,"Utica Av (A,C)",181,Brooklyn,7957
12/28/23,"Utica Av (A,C)",181,Brooklyn,7316
12/27/23,"Utica Av (A,C)",181,Brooklyn,7180
12/26/23,"Utica Av (A,C)",181,Brooklyn,6034
12/25/23,"Utica Av (A,C)",181,Brooklyn,2871
12/23/23,"Utica Av (A,C)",181,Brooklyn,6051
12/22/23,"Utica Av (A,C)",181,Brooklyn,8884
12/21/23,"Utica Av (A,C)",181,Brooklyn,9683
12/20/23,"Utica Av (A,C)",181,Brooklyn,9890
12/19/23,"Utica Av (A,C)",181,Brooklyn,10213
12/18/23,"Utica Av (A,C)",181,Brooklyn,8738
12/17/23,"Utica Av (A,C)",181,Brooklyn,5110
12/16/23,"Utica Av (A,C)",181,Brooklyn,7034
12/15/23,"Utica Av (A,C)",181,Brooklyn,10482
12/14/23,"Utica Av (A,C)",181,Brooklyn,10797
12/13/23,"Utica Av (A,C)",181,Brooklyn,10606
12/12/23,"Utica Av (A,C)",181,Brooklyn,10500
12/11/23,"Utica Av (A,C)",181,Brooklyn,9735
12/10/23,"Utica Av (A,C)",181,Brooklyn,4732
12/9/23,"Utica Av (A,C)",181,Brooklyn,7237
12/8/23,"Utica Av (A,C)",181,Brooklyn,10651
12/6/23,"Utica Av (A,C)",181,Brooklyn,10986
12/5/23,"Utica Av (A,C)",181,Brooklyn,10669
12/4/23,"Utica Av (A,C)",181,Brooklyn,9975
12/3/23,"Utica Av (A,C)",181,Brooklyn,3011
12/2/23,"Utica Av (A,C)",181,Brooklyn,4785
12/1/23,"Utica Av (A,C)",181,Brooklyn,10537
11/24/23,"Utica Av (A,C)",181,Brooklyn,4093
11/7/23,"Utica Av (A,C)",181,Brooklyn,10877
12/31/23,Van Cortlandt Park-242 St (1),293,Bronx,13
12/30/23,Van Cortlandt Park-242 St (1),293,Bronx,2786
12/29/23,Van Cortlandt Park-242 St (1),293,Bronx,4107
12/28/23,Van Cortlandt Park-242 St (1),293,Bronx,4161
12/27/23,Van Cortlandt Park-242 St (1),293,Bronx,4073
12/26/23,Van Cortlandt Park-242 St (1),293,Bronx,3932
12/25/23,Van Cortlandt Park-242 St (1),293,Bronx,1411
12/23/23,Van Cortlandt Park-242 St (1),293,Bronx,2646
12/22/23,Van Cortlandt Park-242 St (1),293,Bronx,4439
12/21/23,Van Cortlandt Park-242 St (1),293,Bronx,4924
12/20/23,Van Cortlandt Park-242 St (1),293,Bronx,5283
12/19/23,Van Cortlandt Park-242 St (1),293,Bronx,5303
12/18/23,Van Cortlandt Park-242 St (1),293,Bronx,4376
12/17/23,Van Cortlandt Park-242 St (1),293,Bronx,1178
12/16/23,Van Cortlandt Park-242 St (1),293,Bronx,2337
12/15/23,Van Cortlandt Park-242 St (1),293,Bronx,6244
12/14/23,Van Cortlandt Park-242 St (1),293,Bronx,5390
12/13/23,Van Cortlandt Park-242 St (1),293,Bronx,6663
12/12/23,Van Cortlandt Park-242 St (1),293,Bronx,6496
12/11/23,Van Cortlandt Park-242 St (1),293,Bronx,6004
12/10/23,Van Cortlandt Park-242 St (1),293,Bronx,2217
12/9/23,Van Cortlandt Park-242 St (1),293,Bronx,3709
12/8/23,Van Cortlandt Park-242 St (1),293,Bronx,6525
12/6/23,Van Cortlandt Park-242 St (1),293,Bronx,6679
12/5/23,Van Cortlandt Park-242 St (1),293,Bronx,6781
12/4/23,Van Cortlandt Park-242 St (1),293,Bronx,6102
12/3/23,Van Cortlandt Park-242 St (1),293,Bronx,2119
12/2/23,Van Cortlandt Park-242 St (1),293,Bronx,3529
12/1/23,Van Cortlandt Park-242 St (1),293,Bronx,6355
11/24/23,Van Cortlandt Park-242 St (1),293,Bronx,1627
11/7/23,Van Cortlandt Park-242 St (1),293,Bronx,6495
12/31/23,Van Siclen Av (3),351,Brooklyn,3
12/30/23,Van Siclen Av (3),351,Brooklyn,757
12/29/23,Van Siclen Av (3),351,Brooklyn,1257
12/28/23,Van Siclen Av (3),351,Brooklyn,1340
12/27/23,Van Siclen Av (3),351,Brooklyn,1230
12/26/23,Van Siclen Av (3),351,Brooklyn,1150
12/25/23,Van Siclen Av (3),351,Brooklyn,556
12/23/23,Van Siclen Av (3),351,Brooklyn,949
12/22/23,Van Siclen Av (3),351,Brooklyn,1577
12/21/23,Van Siclen Av (3),351,Brooklyn,1638
12/20/23,Van Siclen Av (3),351,Brooklyn,1798
12/19/23,Van Siclen Av (3),351,Brooklyn,1820
12/18/23,Van Siclen Av (3),351,Brooklyn,1555
12/17/23,Van Siclen Av (3),351,Brooklyn,665
12/16/23,Van Siclen Av (3),351,Brooklyn,967
12/15/23,Van Siclen Av (3),351,Brooklyn,1766
12/14/23,Van Siclen Av (3),351,Brooklyn,1783
12/13/23,Van Siclen Av (3),351,Brooklyn,1876
12/12/23,Van Siclen Av (3),351,Brooklyn,1797
12/11/23,Van Siclen Av (3),351,Brooklyn,1807
12/10/23,Van Siclen Av (3),351,Brooklyn,693
12/9/23,Van Siclen Av (3),351,Brooklyn,1025
12/8/23,Van Siclen Av (3),351,Brooklyn,1776
12/6/23,Van Siclen Av (3),351,Brooklyn,1942
12/5/23,Van Siclen Av (3),351,Brooklyn,1866
12/4/23,Van Siclen Av (3),351,Brooklyn,1904
12/3/23,Van Siclen Av (3),351,Brooklyn,770
12/2/23,Van Siclen Av (3),351,Brooklyn,969
12/1/23,Van Siclen Av (3),351,Brooklyn,1627
11/24/23,Van Siclen Av (3),351,Brooklyn,706
11/7/23,Van Siclen Av (3),351,Brooklyn,1870
12/31/23,Van Siclen Av (C),186,Brooklyn,8
12/30/23,Van Siclen Av (C),186,Brooklyn,919
12/29/23,Van Siclen Av (C),186,Brooklyn,1644
12/28/23,Van Siclen Av (C),186,Brooklyn,1387
12/27/23,Van Siclen Av (C),186,Brooklyn,1411
12/26/23,Van Siclen Av (C),186,Brooklyn,1299
12/25/23,Van Siclen Av (C),186,Brooklyn,622
12/23/23,Van Siclen Av (C),186,Brooklyn,1038
12/22/23,Van Siclen Av (C),186,Brooklyn,1789
12/21/23,Van Siclen Av (C),186,Brooklyn,1796
12/20/23,Van Siclen Av (C),186,Brooklyn,1896
12/19/23,Van Siclen Av (C),186,Brooklyn,1931
12/18/23,Van Siclen Av (C),186,Brooklyn,1707
12/17/23,Van Siclen Av (C),186,Brooklyn,768
12/16/23,Van Siclen Av (C),186,Brooklyn,791
12/15/23,Van Siclen Av (C),186,Brooklyn,1776
12/14/23,Van Siclen Av (C),186,Brooklyn,1956
12/13/23,Van Siclen Av (C),186,Brooklyn,1916
12/12/23,Van Siclen Av (C),186,Brooklyn,1964
12/11/23,Van Siclen Av (C),186,Brooklyn,1827
12/10/23,Van Siclen Av (C),186,Brooklyn,780
12/9/23,Van Siclen Av (C),186,Brooklyn,1114
12/8/23,Van Siclen Av (C),186,Brooklyn,2122
12/6/23,Van Siclen Av (C),186,Brooklyn,1983
12/5/23,Van Siclen Av (C),186,Brooklyn,2331
12/4/23,Van Siclen Av (C),186,Brooklyn,1919
12/3/23,Van Siclen Av (C),186,Brooklyn,531
12/2/23,Van Siclen Av (C),186,Brooklyn,879
12/1/23,Van Siclen Av (C),186,Brooklyn,1770
11/24/23,Van Siclen Av (C),186,Brooklyn,837
11/7/23,Van Siclen Av (C),186,Brooklyn,2096
12/31/23,"Van Siclen Av (J,Z)",90,Brooklyn,3
12/30/23,"Van Siclen Av (J,Z)",90,Brooklyn,887
12/29/23,"Van Siclen Av (J,Z)",90,Brooklyn,1419
12/28/23,"Van Siclen Av (J,Z)",90,Brooklyn,1378
12/27/23,"Van Siclen Av (J,Z)",90,Brooklyn,1342
12/26/23,"Van Siclen Av (J,Z)",90,Brooklyn,1266
12/25/23,"Van Siclen Av (J,Z)",90,Brooklyn,572
12/23/23,"Van Siclen Av (J,Z)",90,Brooklyn,957
12/22/23,"Van Siclen Av (J,Z)",90,Brooklyn,1628
12/21/23,"Van Siclen Av (J,Z)",90,Brooklyn,1653
12/20/23,"Van Siclen Av (J,Z)",90,Brooklyn,1690
12/19/23,"Van Siclen Av (J,Z)",90,Brooklyn,1596
12/18/23,"Van Siclen Av (J,Z)",90,Brooklyn,1531
12/17/23,"Van Siclen Av (J,Z)",90,Brooklyn,646
12/16/23,"Van Siclen Av (J,Z)",90,Brooklyn,929
12/15/23,"Van Siclen Av (J,Z)",90,Brooklyn,1752
12/14/23,"Van Siclen Av (J,Z)",90,Brooklyn,1751
12/13/23,"Van Siclen Av (J,Z)",90,Brooklyn,1784
12/12/23,"Van Siclen Av (J,Z)",90,Brooklyn,1731
12/11/23,"Van Siclen Av (J,Z)",90,Brooklyn,1577
12/10/23,"Van Siclen Av (J,Z)",90,Brooklyn,607
12/9/23,"Van Siclen Av (J,Z)",90,Brooklyn,859
12/8/23,"Van Siclen Av (J,Z)",90,Brooklyn,1771
12/6/23,"Van Siclen Av (J,Z)",90,Brooklyn,1765
12/5/23,"Van Siclen Av (J,Z)",90,Brooklyn,1820
12/4/23,"Van Siclen Av (J,Z)",90,Brooklyn,1714
12/3/23,"Van Siclen Av (J,Z)",90,Brooklyn,762
12/2/23,"Van Siclen Av (J,Z)",90,Brooklyn,967
12/1/23,"Van Siclen Av (J,Z)",90,Brooklyn,1774
11/24/23,"Van Siclen Av (J,Z)",90,Brooklyn,740
11/7/23,"Van Siclen Av (J,Z)",90,Brooklyn,1762
12/31/23,Vernon Blvd-Jackson Av (7),464,Queens,65
12/30/23,Vernon Blvd-Jackson Av (7),464,Queens,7501
12/29/23,Vernon Blvd-Jackson Av (7),464,Queens,9710
12/28/23,Vernon Blvd-Jackson Av (7),464,Queens,9166
12/27/23,Vernon Blvd-Jackson Av (7),464,Queens,8572
12/26/23,Vernon Blvd-Jackson Av (7),464,Queens,7497
12/25/23,Vernon Blvd-Jackson Av (7),464,Queens,3686
12/23/23,Vernon Blvd-Jackson Av (7),464,Queens,6679
12/22/23,Vernon Blvd-Jackson Av (7),464,Queens,10342
12/21/23,Vernon Blvd-Jackson Av (7),464,Queens,11820
12/20/23,Vernon Blvd-Jackson Av (7),464,Queens,12308
12/19/23,Vernon Blvd-Jackson Av (7),464,Queens,12308
12/18/23,Vernon Blvd-Jackson Av (7),464,Queens,9378
12/17/23,Vernon Blvd-Jackson Av (7),464,Queens,5869
12/16/23,Vernon Blvd-Jackson Av (7),464,Queens,9788
12/15/23,Vernon Blvd-Jackson Av (7),464,Queens,12553
12/14/23,Vernon Blvd-Jackson Av (7),464,Queens,13844
12/13/23,Vernon Blvd-Jackson Av (7),464,Queens,13942
12/12/23,Vernon Blvd-Jackson Av (7),464,Queens,13711
12/11/23,Vernon Blvd-Jackson Av (7),464,Queens,11805
12/10/23,Vernon Blvd-Jackson Av (7),464,Queens,5423
12/9/23,Vernon Blvd-Jackson Av (7),464,Queens,9780
12/8/23,Vernon Blvd-Jackson Av (7),464,Queens,13028
12/6/23,Vernon Blvd-Jackson Av (7),464,Queens,12107
12/5/23,Vernon Blvd-Jackson Av (7),464,Queens,11994
12/4/23,Vernon Blvd-Jackson Av (7),464,Queens,12007
12/3/23,Vernon Blvd-Jackson Av (7),464,Queens,5449
12/2/23,Vernon Blvd-Jackson Av (7),464,Queens,9272
12/1/23,Vernon Blvd-Jackson Av (7),464,Queens,11839
11/24/23,Vernon Blvd-Jackson Av (7),464,Queens,5010
11/7/23,Vernon Blvd-Jackson Av (7),464,Queens,12006
12/31/23,"W 4 St-Wash Sq (A,C,E,B,D,F,M)",167,Manhattan,1045
12/30/23,"W 4 St-Wash Sq (A,C,E,B,D,F,M)",167,Manhattan,24999
12/29/23,"W 4 St-Wash Sq (A,C,E,B,D,F,M)",167,Manhattan,28688
12/28/23,"W 4 St-Wash Sq (A,C,E,B,D,F,M)",167,Manhattan,25344
12/27/23,"W 4 St-Wash Sq (A,C,E,B,D,F,M)",167,Manhattan,22925
12/26/23,"W 4 St-Wash Sq (A,C,E,B,D,F,M)",167,Manhattan,20385
12/25/23,"W 4 St-Wash Sq (A,C,E,B,D,F,M)",167,Manhattan,10470
12/23/23,"W 4 St-Wash Sq (A,C,E,B,D,F,M)",167,Manhattan,20822
12/22/23,"W 4 St-Wash Sq (A,C,E,B,D,F,M)",167,Manhattan,27689
12/21/23,"W 4 St-Wash Sq (A,C,E,B,D,F,M)",167,Manhattan,29829
12/20/23,"W 4 St-Wash Sq (A,C,E,B,D,F,M)",167,Manhattan,30601
12/19/23,"W 4 St-Wash Sq (A,C,E,B,D,F,M)",167,Manhattan,31710
12/18/23,"W 4 St-Wash Sq (A,C,E,B,D,F,M)",167,Manhattan,26134
12/17/23,"W 4 St-Wash Sq (A,C,E,B,D,F,M)",167,Manhattan,23075
12/16/23,"W 4 St-Wash Sq (A,C,E,B,D,F,M)",167,Manhattan,34662
12/15/23,"W 4 St-Wash Sq (A,C,E,B,D,F,M)",167,Manhattan,36400
12/14/23,"W 4 St-Wash Sq (A,C,E,B,D,F,M)",167,Manhattan,35786
12/13/23,"W 4 St-Wash Sq (A,C,E,B,D,F,M)",167,Manhattan,35004
12/12/23,"W 4 St-Wash Sq (A,C,E,B,D,F,M)",167,Manhattan,33574
12/11/23,"W 4 St-Wash Sq (A,C,E,B,D,F,M)",167,Manhattan,29132
12/10/23,"W 4 St-Wash Sq (A,C,E,B,D,F,M)",167,Manhattan,23160
12/9/23,"W 4 St-Wash Sq (A,C,E,B,D,F,M)",167,Manhattan,36026
12/8/23,"W 4 St-Wash Sq (A,C,E,B,D,F,M)",167,Manhattan,36934
12/6/23,"W 4 St-Wash Sq (A,C,E,B,D,F,M)",167,Manhattan,35240
12/5/23,"W 4 St-Wash Sq (A,C,E,B,D,F,M)",167,Manhattan,33476
12/4/23,"W 4 St-Wash Sq (A,C,E,B,D,F,M)",167,Manhattan,29478
12/3/23,"W 4 St-Wash Sq (A,C,E,B,D,F,M)",167,Manhattan,21963
12/2/23,"W 4 St-Wash Sq (A,C,E,B,D,F,M)",167,Manhattan,32703
12/1/23,"W 4 St-Wash Sq (A,C,E,B,D,F,M)",167,Manhattan,32999
11/24/23,"W 4 St-Wash Sq (A,C,E,B,D,F,M)",167,Manhattan,15284
11/7/23,"W 4 St-Wash Sq (A,C,E,B,D,F,M)",167,Manhattan,35311
12/31/23,"W 8 St-NY Aquarium (F,Q)",57,Brooklyn,1
12/30/23,"W 8 St-NY Aquarium (F,Q)",57,Brooklyn,1116
12/29/23,"W 8 St-NY Aquarium (F,Q)",57,Brooklyn,1895
12/28/23,"W 8 St-NY Aquarium (F,Q)",57,Brooklyn,1681
12/27/23,"W 8 St-NY Aquarium (F,Q)",57,Brooklyn,1672
12/26/23,"W 8 St-NY Aquarium (F,Q)",57,Brooklyn,1617
12/25/23,"W 8 St-NY Aquarium (F,Q)",57,Brooklyn,675
12/23/23,"W 8 St-NY Aquarium (F,Q)",57,Brooklyn,873
12/22/23,"W 8 St-NY Aquarium (F,Q)",57,Brooklyn,1546
12/21/23,"W 8 St-NY Aquarium (F,Q)",57,Brooklyn,1550
12/20/23,"W 8 St-NY Aquarium (F,Q)",57,Brooklyn,1584
12/19/23,"W 8 St-NY Aquarium (F,Q)",57,Brooklyn,1524
12/18/23,"W 8 St-NY Aquarium (F,Q)",57,Brooklyn,1395
12/17/23,"W 8 St-NY Aquarium (F,Q)",57,Brooklyn,671
12/16/23,"W 8 St-NY Aquarium (F,Q)",57,Brooklyn,993
12/15/23,"W 8 St-NY Aquarium (F,Q)",57,Brooklyn,1603
12/14/23,"W 8 St-NY Aquarium (F,Q)",57,Brooklyn,1547
12/13/23,"W 8 St-NY Aquarium (F,Q)",57,Brooklyn,1619
12/12/23,"W 8 St-NY Aquarium (F,Q)",57,Brooklyn,1536
12/11/23,"W 8 St-NY Aquarium (F,Q)",57,Brooklyn,1397
12/10/23,"W 8 St-NY Aquarium (F,Q)",57,Brooklyn,514
12/9/23,"W 8 St-NY Aquarium (F,Q)",57,Brooklyn,908
12/8/23,"W 8 St-NY Aquarium (F,Q)",57,Brooklyn,1652
12/6/23,"W 8 St-NY Aquarium (F,Q)",57,Brooklyn,1606
12/5/23,"W 8 St-NY Aquarium (F,Q)",57,Brooklyn,1536
12/4/23,"W 8 St-NY Aquarium (F,Q)",57,Brooklyn,1608
12/3/23,"W 8 St-NY Aquarium (F,Q)",57,Brooklyn,477
12/2/23,"W 8 St-NY Aquarium (F,Q)",57,Brooklyn,895
12/1/23,"W 8 St-NY Aquarium (F,Q)",57,Brooklyn,1487
11/24/23,"W 8 St-NY Aquarium (F,Q)",57,Brooklyn,819
11/7/23,"W 8 St-NY Aquarium (F,Q)",57,Brooklyn,1524
12/31/23,Wakefield-241 St (2),416,Bronx,26
12/30/23,Wakefield-241 St (2),416,Bronx,1642
12/29/23,Wakefield-241 St (2),416,Bronx,2381
12/28/23,Wakefield-241 St (2),416,Bronx,2405
12/27/23,Wakefield-241 St (2),416,Bronx,2262
12/26/23,Wakefield-241 St (2),416,Bronx,2148
12/25/23,Wakefield-241 St (2),416,Bronx,1004
12/23/23,Wakefield-241 St (2),416,Bronx,1556
12/22/23,Wakefield-241 St (2),416,Bronx,2782
12/21/23,Wakefield-241 St (2),416,Bronx,2806
12/20/23,Wakefield-241 St (2),416,Bronx,2813
12/19/23,Wakefield-241 St (2),416,Bronx,2306
12/18/23,Wakefield-241 St (2),416,Bronx,2247
12/17/23,Wakefield-241 St (2),416,Bronx,1178
12/16/23,Wakefield-241 St (2),416,Bronx,1614
12/15/23,Wakefield-241 St (2),416,Bronx,3001
12/14/23,Wakefield-241 St (2),416,Bronx,3125
12/13/23,Wakefield-241 St (2),416,Bronx,3029
12/12/23,Wakefield-241 St (2),416,Bronx,3025
12/11/23,Wakefield-241 St (2),416,Bronx,2785
12/10/23,Wakefield-241 St (2),416,Bronx,1218
12/9/23,Wakefield-241 St (2),416,Bronx,1732
12/8/23,Wakefield-241 St (2),416,Bronx,2974
12/6/23,Wakefield-241 St (2),416,Bronx,3069
12/5/23,Wakefield-241 St (2),416,Bronx,3115
12/4/23,Wakefield-241 St (2),416,Bronx,2819
12/3/23,Wakefield-241 St (2),416,Bronx,1174
12/2/23,Wakefield-241 St (2),416,Bronx,1887
12/1/23,Wakefield-241 St (2),416,Bronx,3082
11/24/23,Wakefield-241 St (2),416,Bronx,1222
11/7/23,Wakefield-241 St (2),416,Bronx,3079
12/31/23,"Wall St (2,3)",333,Manhattan,140
12/30/23,"Wall St (2,3)",333,Manhattan,6084
12/29/23,"Wall St (2,3)",333,Manhattan,8801
12/28/23,"Wall St (2,3)",333,Manhattan,9152
12/27/23,"Wall St (2,3)",333,Manhattan,9051
12/26/23,"Wall St (2,3)",333,Manhattan,7612
12/25/23,"Wall St (2,3)",333,Manhattan,3811
12/23/23,"Wall St (2,3)",333,Manhattan,5493
12/22/23,"Wall St (2,3)",333,Manhattan,9392
12/21/23,"Wall St (2,3)",333,Manhattan,12140
12/20/23,"Wall St (2,3)",333,Manhattan,13710
12/19/23,"Wall St (2,3)",333,Manhattan,14343
12/18/23,"Wall St (2,3)",333,Manhattan,10864
12/17/23,"Wall St (2,3)",333,Manhattan,5385
12/16/23,"Wall St (2,3)",333,Manhattan,7796
12/15/23,"Wall St (2,3)",333,Manhattan,11892
12/14/23,"Wall St (2,3)",333,Manhattan,16139
12/13/23,"Wall St (2,3)",333,Manhattan,16192
12/12/23,"Wall St (2,3)",333,Manhattan,16387
12/11/23,"Wall St (2,3)",333,Manhattan,12229
12/10/23,"Wall St (2,3)",333,Manhattan,5278
12/9/23,"Wall St (2,3)",333,Manhattan,8060
12/8/23,"Wall St (2,3)",333,Manhattan,11779
12/6/23,"Wall St (2,3)",333,Manhattan,16111
12/5/23,"Wall St (2,3)",333,Manhattan,15716
12/4/23,"Wall St (2,3)",333,Manhattan,12420
12/3/23,"Wall St (2,3)",333,Manhattan,5570
12/2/23,"Wall St (2,3)",333,Manhattan,8143
12/1/23,"Wall St (2,3)",333,Manhattan,11282
11/24/23,"Wall St (2,3)",333,Manhattan,4287
11/7/23,"Wall St (2,3)",333,Manhattan,15545
12/31/23,"Wall St (4,5)",413,Manhattan,89
12/30/23,"Wall St (4,5)",413,Manhattan,5869
12/29/23,"Wall St (4,5)",413,Manhattan,8092
12/28/23,"Wall St (4,5)",413,Manhattan,8753
12/27/23,"Wall St (4,5)",413,Manhattan,8080
12/26/23,"Wall St (4,5)",413,Manhattan,6904
12/25/23,"Wall St (4,5)",413,Manhattan,3516
12/23/23,"Wall St (4,5)",413,Manhattan,4815
12/22/23,"Wall St (4,5)",413,Manhattan,8392
12/21/23,"Wall St (4,5)",413,Manhattan,10858
12/20/23,"Wall St (4,5)",413,Manhattan,12062
12/19/23,"Wall St (4,5)",413,Manhattan,12798
12/18/23,"Wall St (4,5)",413,Manhattan,9927
12/17/23,"Wall St (4,5)",413,Manhattan,5349
12/16/23,"Wall St (4,5)",413,Manhattan,7969
12/15/23,"Wall St (4,5)",413,Manhattan,10681
12/14/23,"Wall St (4,5)",413,Manhattan,13470
12/13/23,"Wall St (4,5)",413,Manhattan,13739
12/12/23,"Wall St (4,5)",413,Manhattan,14448
12/11/23,"Wall St (4,5)",413,Manhattan,11592
12/10/23,"Wall St (4,5)",413,Manhattan,4941
12/9/23,"Wall St (4,5)",413,Manhattan,7814
12/8/23,"Wall St (4,5)",413,Manhattan,11025
12/6/23,"Wall St (4,5)",413,Manhattan,14407
12/5/23,"Wall St (4,5)",413,Manhattan,13995
12/4/23,"Wall St (4,5)",413,Manhattan,12060
12/3/23,"Wall St (4,5)",413,Manhattan,5022
12/2/23,"Wall St (4,5)",413,Manhattan,7976
12/1/23,"Wall St (4,5)",413,Manhattan,10288
11/24/23,"Wall St (4,5)",413,Manhattan,3769
11/7/23,"Wall St (4,5)",413,Manhattan,13596
12/31/23,"West Farms Sq-E Tremont Av (2,5)",427,Bronx,25
12/30/23,"West Farms Sq-E Tremont Av (2,5)",427,Bronx,1952
12/29/23,"West Farms Sq-E Tremont Av (2,5)",427,Bronx,2754
12/28/23,"West Farms Sq-E Tremont Av (2,5)",427,Bronx,2440
12/27/23,"West Farms Sq-E Tremont Av (2,5)",427,Bronx,2622
12/26/23,"West Farms Sq-E Tremont Av (2,5)",427,Bronx,2446
12/25/23,"West Farms Sq-E Tremont Av (2,5)",427,Bronx,1230
12/23/23,"West Farms Sq-E Tremont Av (2,5)",427,Bronx,1815
12/22/23,"West Farms Sq-E Tremont Av (2,5)",427,Bronx,2889
12/21/23,"West Farms Sq-E Tremont Av (2,5)",427,Bronx,3105
12/20/23,"West Farms Sq-E Tremont Av (2,5)",427,Bronx,3134
12/19/23,"West Farms Sq-E Tremont Av (2,5)",427,Bronx,3119
12/18/23,"West Farms Sq-E Tremont Av (2,5)",427,Bronx,2930
12/17/23,"West Farms Sq-E Tremont Av (2,5)",427,Bronx,1484
12/16/23,"West Farms Sq-E Tremont Av (2,5)",427,Bronx,2209
12/15/23,"West Farms Sq-E Tremont Av (2,5)",427,Bronx,3327
12/14/23,"West Farms Sq-E Tremont Av (2,5)",427,Bronx,3400
12/13/23,"West Farms Sq-E Tremont Av (2,5)",427,Bronx,3457
12/12/23,"West Farms Sq-E Tremont Av (2,5)",427,Bronx,3449
12/11/23,"West Farms Sq-E Tremont Av (2,5)",427,Bronx,3219
12/10/23,"West Farms Sq-E Tremont Av (2,5)",427,Bronx,1375
12/9/23,"West Farms Sq-E Tremont Av (2,5)",427,Bronx,2239
12/8/23,"West Farms Sq-E Tremont Av (2,5)",427,Bronx,3543
12/6/23,"West Farms Sq-E Tremont Av (2,5)",427,Bronx,3544
12/5/23,"West Farms Sq-E Tremont Av (2,5)",427,Bronx,3413
12/4/23,"West Farms Sq-E Tremont Av (2,5)",427,Bronx,3500
12/3/23,"West Farms Sq-E Tremont Av (2,5)",427,Bronx,1274
12/2/23,"West Farms Sq-E Tremont Av (2,5)",427,Bronx,2152
12/1/23,"West Farms Sq-E Tremont Av (2,5)",427,Bronx,3380
11/24/23,"West Farms Sq-E Tremont Av (2,5)",427,Bronx,1375
11/7/23,"West Farms Sq-E Tremont Av (2,5)",427,Bronx,3461
12/31/23,Westchester Sq-E Tremont Av (6),363,Bronx,17
12/30/23,Westchester Sq-E Tremont Av (6),363,Bronx,1214
12/29/23,Westchester Sq-E Tremont Av (6),363,Bronx,2447
12/28/23,Westchester Sq-E Tremont Av (6),363,Bronx,2221
12/27/23,Westchester Sq-E Tremont Av (6),363,Bronx,2273
12/26/23,Westchester Sq-E Tremont Av (6),363,Bronx,2130
12/25/23,Westchester Sq-E Tremont Av (6),363,Bronx,680
12/23/23,Westchester Sq-E Tremont Av (6),363,Bronx,1274
12/22/23,Westchester Sq-E Tremont Av (6),363,Bronx,2556
12/21/23,Westchester Sq-E Tremont Av (6),363,Bronx,3016
12/20/23,Westchester Sq-E Tremont Av (6),363,Bronx,2867
12/19/23,Westchester Sq-E Tremont Av (6),363,Bronx,2972
12/18/23,Westchester Sq-E Tremont Av (6),363,Bronx,2354
12/17/23,Westchester Sq-E Tremont Av (6),363,Bronx,874
12/16/23,Westchester Sq-E Tremont Av (6),363,Bronx,1159
12/15/23,Westchester Sq-E Tremont Av (6),363,Bronx,2950
12/14/23,Westchester Sq-E Tremont Av (6),363,Bronx,2864
12/13/23,Westchester Sq-E Tremont Av (6),363,Bronx,2803
12/12/23,Westchester Sq-E Tremont Av (6),363,Bronx,2753
12/11/23,Westchester Sq-E Tremont Av (6),363,Bronx,2562
12/10/23,Westchester Sq-E Tremont Av (6),363,Bronx,814
12/9/23,Westchester Sq-E Tremont Av (6),363,Bronx,1303
12/8/23,Westchester Sq-E Tremont Av (6),363,Bronx,2753
12/6/23,Westchester Sq-E Tremont Av (6),363,Bronx,2514
12/5/23,Westchester Sq-E Tremont Av (6),363,Bronx,2546
12/4/23,Westchester Sq-E Tremont Av (6),363,Bronx,2561
12/3/23,Westchester Sq-E Tremont Av (6),363,Bronx,712
12/2/23,Westchester Sq-E Tremont Av (6),363,Bronx,970
12/1/23,Westchester Sq-E Tremont Av (6),363,Bronx,1487
11/24/23,Westchester Sq-E Tremont Av (6),363,Bronx,869
11/7/23,Westchester Sq-E Tremont Av (6),363,Bronx,2571
12/31/23,Whitlock Av (6),370,Bronx,12
12/30/23,Whitlock Av (6),370,Bronx,602
12/29/23,Whitlock Av (6),370,Bronx,915
12/28/23,Whitlock Av (6),370,Bronx,922
12/27/23,Whitlock Av (6),370,Bronx,933
12/26/23,Whitlock Av (6),370,Bronx,806
12/25/23,Whitlock Av (6),370,Bronx,393
12/23/23,Whitlock Av (6),370,Bronx,604
12/22/23,Whitlock Av (6),370,Bronx,1130
12/21/23,Whitlock Av (6),370,Bronx,1238
12/20/23,Whitlock Av (6),370,Bronx,1236
12/19/23,Whitlock Av (6),370,Bronx,1244
12/18/23,Whitlock Av (6),370,Bronx,1027
12/17/23,Whitlock Av (6),370,Bronx,460
12/16/23,Whitlock Av (6),370,Bronx,649
12/15/23,Whitlock Av (6),370,Bronx,1236
12/14/23,Whitlock Av (6),370,Bronx,1280
12/13/23,Whitlock Av (6),370,Bronx,1356
12/12/23,Whitlock Av (6),370,Bronx,1284
12/11/23,Whitlock Av (6),370,Bronx,1256
12/10/23,Whitlock Av (6),370,Bronx,408
12/9/23,Whitlock Av (6),370,Bronx,624
12/8/23,Whitlock Av (6),370,Bronx,1272
12/6/23,Whitlock Av (6),370,Bronx,1445
12/5/23,Whitlock Av (6),370,Bronx,1214
12/4/23,Whitlock Av (6),370,Bronx,1116
12/3/23,Whitlock Av (6),370,Bronx,474
12/2/23,Whitlock Av (6),370,Bronx,649
12/1/23,Whitlock Av (6),370,Bronx,1218
11/24/23,Whitlock Av (6),370,Bronx,521
11/7/23,Whitlock Av (6),370,Bronx,1293
12/31/23,Wilson Av (L),130,Brooklyn,27
12/30/23,Wilson Av (L),130,Brooklyn,1834
12/29/23,Wilson Av (L),130,Brooklyn,2350
12/28/23,Wilson Av (L),130,Brooklyn,2188
12/27/23,Wilson Av (L),130,Brooklyn,2093
12/26/23,Wilson Av (L),130,Brooklyn,1706
12/25/23,Wilson Av (L),130,Brooklyn,848
12/23/23,Wilson Av (L),130,Brooklyn,1712
12/22/23,Wilson Av (L),130,Brooklyn,2752
12/21/23,Wilson Av (L),130,Brooklyn,2872
12/20/23,Wilson Av (L),130,Brooklyn,2736
12/19/23,Wilson Av (L),130,Brooklyn,3025
12/18/23,Wilson Av (L),130,Brooklyn,2622
12/17/23,Wilson Av (L),130,Brooklyn,1754
12/16/23,Wilson Av (L),130,Brooklyn,2416
12/15/23,Wilson Av (L),130,Brooklyn,3077
12/14/23,Wilson Av (L),130,Brooklyn,3217
12/13/23,Wilson Av (L),130,Brooklyn,3176
12/12/23,Wilson Av (L),130,Brooklyn,3223
12/11/23,Wilson Av (L),130,Brooklyn,2942
12/10/23,Wilson Av (L),130,Brooklyn,1631
12/9/23,Wilson Av (L),130,Brooklyn,2598
12/8/23,Wilson Av (L),130,Brooklyn,2517
12/6/23,Wilson Av (L),130,Brooklyn,3227
12/5/23,Wilson Av (L),130,Brooklyn,3152
12/4/23,Wilson Av (L),130,Brooklyn,3036
12/3/23,Wilson Av (L),130,Brooklyn,1700
12/2/23,Wilson Av (L),130,Brooklyn,2418
12/1/23,Wilson Av (L),130,Brooklyn,3137
11/24/23,Wilson Av (L),130,Brooklyn,1104
11/7/23,Wilson Av (L),130,Brooklyn,3178
12/31/23,"Winthrop St (2,5)",355,Brooklyn,19
12/30/23,"Winthrop St (2,5)",355,Brooklyn,2522
12/29/23,"Winthrop St (2,5)",355,Brooklyn,3935
12/28/23,"Winthrop St (2,5)",355,Brooklyn,3868
12/27/23,"Winthrop St (2,5)",355,Brooklyn,3830
12/26/23,"Winthrop St (2,5)",355,Brooklyn,3327
12/25/23,"Winthrop St (2,5)",355,Brooklyn,1242
12/23/23,"Winthrop St (2,5)",355,Brooklyn,2537
12/22/23,"Winthrop St (2,5)",355,Brooklyn,4979
12/21/23,"Winthrop St (2,5)",355,Brooklyn,5481
12/20/23,"Winthrop St (2,5)",355,Brooklyn,5584
12/19/23,"Winthrop St (2,5)",355,Brooklyn,5840
12/18/23,"Winthrop St (2,5)",355,Brooklyn,4993
12/17/23,"Winthrop St (2,5)",355,Brooklyn,2088
12/16/23,"Winthrop St (2,5)",355,Brooklyn,2980
12/15/23,"Winthrop St (2,5)",355,Brooklyn,5557
12/14/23,"Winthrop St (2,5)",355,Brooklyn,6063
12/13/23,"Winthrop St (2,5)",355,Brooklyn,6090
12/12/23,"Winthrop St (2,5)",355,Brooklyn,5987
12/11/23,"Winthrop St (2,5)",355,Brooklyn,5612
12/10/23,"Winthrop St (2,5)",355,Brooklyn,1989
12/9/23,"Winthrop St (2,5)",355,Brooklyn,3100
12/8/23,"Winthrop St (2,5)",355,Brooklyn,5807
12/6/23,"Winthrop St (2,5)",355,Brooklyn,6166
12/5/23,"Winthrop St (2,5)",355,Brooklyn,6272
12/4/23,"Winthrop St (2,5)",355,Brooklyn,5900
12/3/23,"Winthrop St (2,5)",355,Brooklyn,2241
12/2/23,"Winthrop St (2,5)",355,Brooklyn,3005
12/1/23,"Winthrop St (2,5)",355,Brooklyn,5854
11/24/23,"Winthrop St (2,5)",355,Brooklyn,1956
11/7/23,"Winthrop St (2,5)",355,Brooklyn,6050
12/31/23,"Woodhaven Blvd (J,Z)",83,Queens,3
12/30/23,"Woodhaven Blvd (J,Z)",83,Queens,722
12/29/23,"Woodhaven Blvd (J,Z)",83,Queens,1120
12/28/23,"Woodhaven Blvd (J,Z)",83,Queens,1090
12/27/23,"Woodhaven Blvd (J,Z)",83,Queens,1024
12/26/23,"Woodhaven Blvd (J,Z)",83,Queens,967
12/25/23,"Woodhaven Blvd (J,Z)",83,Queens,424
12/23/23,"Woodhaven Blvd (J,Z)",83,Queens,764
12/22/23,"Woodhaven Blvd (J,Z)",83,Queens,1256
12/21/23,"Woodhaven Blvd (J,Z)",83,Queens,1224
12/20/23,"Woodhaven Blvd (J,Z)",83,Queens,1254
12/19/23,"Woodhaven Blvd (J,Z)",83,Queens,1236
12/18/23,"Woodhaven Blvd (J,Z)",83,Queens,463
12/17/23,"Woodhaven Blvd (J,Z)",83,Queens,4
12/16/23,"Woodhaven Blvd (J,Z)",83,Queens,10
12/15/23,"Woodhaven Blvd (J,Z)",83,Queens,1267
12/14/23,"Woodhaven Blvd (J,Z)",83,Queens,1314
12/13/23,"Woodhaven Blvd (J,Z)",83,Queens,1370
12/12/23,"Woodhaven Blvd (J,Z)",83,Queens,1307
12/11/23,"Woodhaven Blvd (J,Z)",83,Queens,1140
12/10/23,"Woodhaven Blvd (J,Z)",83,Queens,3
12/9/23,"Woodhaven Blvd (J,Z)",83,Queens,4
12/8/23,"Woodhaven Blvd (J,Z)",83,Queens,1337
12/6/23,"Woodhaven Blvd (J,Z)",83,Queens,1266
12/5/23,"Woodhaven Blvd (J,Z)",83,Queens,1351
12/4/23,"Woodhaven Blvd (J,Z)",83,Queens,1367
12/3/23,"Woodhaven Blvd (J,Z)",83,Queens,10
12/2/23,"Woodhaven Blvd (J,Z)",83,Queens,2
12/1/23,"Woodhaven Blvd (J,Z)",83,Queens,1863
11/24/23,"Woodhaven Blvd (J,Z)",83,Queens,628
11/7/23,"Woodhaven Blvd (J,Z)",83,Queens,1378
12/31/23,"Woodhaven Blvd (M,R)",264,Queens,44
12/30/23,"Woodhaven Blvd (M,R)",264,Queens,10242
12/29/23,"Woodhaven Blvd (M,R)",264,Queens,14655
12/28/23,"Woodhaven Blvd (M,R)",264,Queens,14486
12/27/23,"Woodhaven Blvd (M,R)",264,Queens,13973
12/26/23,"Woodhaven Blvd (M,R)",264,Queens,13893
12/25/23,"Woodhaven Blvd (M,R)",264,Queens,4420
12/23/23,"Woodhaven Blvd (M,R)",264,Queens,12833
12/22/23,"Woodhaven Blvd (M,R)",264,Queens,17575
12/21/23,"Woodhaven Blvd (M,R)",264,Queens,17979
12/20/23,"Woodhaven Blvd (M,R)",264,Queens,17504
12/19/23,"Woodhaven Blvd (M,R)",264,Queens,17574
12/18/23,"Woodhaven Blvd (M,R)",264,Queens,15241
12/17/23,"Woodhaven Blvd (M,R)",264,Queens,8066
12/16/23,"Woodhaven Blvd (M,R)",264,Queens,11260
12/15/23,"Woodhaven Blvd (M,R)",264,Queens,17682
12/14/23,"Woodhaven Blvd (M,R)",264,Queens,17392
12/13/23,"Woodhaven Blvd (M,R)",264,Queens,17510
12/12/23,"Woodhaven Blvd (M,R)",264,Queens,17167
12/11/23,"Woodhaven Blvd (M,R)",264,Queens,16370
12/10/23,"Woodhaven Blvd (M,R)",264,Queens,6769
12/9/23,"Woodhaven Blvd (M,R)",264,Queens,11034
12/8/23,"Woodhaven Blvd (M,R)",264,Queens,17332
12/6/23,"Woodhaven Blvd (M,R)",264,Queens,17450
12/5/23,"Woodhaven Blvd (M,R)",264,Queens,17260
12/4/23,"Woodhaven Blvd (M,R)",264,Queens,17191
12/3/23,"Woodhaven Blvd (M,R)",264,Queens,6897
12/2/23,"Woodhaven Blvd (M,R)",264,Queens,10521
12/1/23,"Woodhaven Blvd (M,R)",264,Queens,16613
11/24/23,"Woodhaven Blvd (M,R)",264,Queens,8446
11/7/23,"Woodhaven Blvd (M,R)",264,Queens,17317
12/31/23,Woodlawn (4),378,Bronx,34
12/30/23,Woodlawn (4),378,Bronx,2619
12/29/23,Woodlawn (4),378,Bronx,4014
12/28/23,Woodlawn (4),378,Bronx,3763
12/27/23,Woodlawn (4),378,Bronx,3841
12/26/23,Woodlawn (4),378,Bronx,3511
12/25/23,Woodlawn (4),378,Bronx,1160
12/23/23,Woodlawn (4),378,Bronx,2231
12/22/23,Woodlawn (4),378,Bronx,4036
12/21/23,Woodlawn (4),378,Bronx,4329
12/20/23,Woodlawn (4),378,Bronx,4728
12/19/23,Woodlawn (4),378,Bronx,4753
12/18/23,Woodlawn (4),378,Bronx,4069
12/17/23,Woodlawn (4),378,Bronx,1752
12/16/23,Woodlawn (4),378,Bronx,2862
12/15/23,Woodlawn (4),378,Bronx,5948
12/14/23,Woodlawn (4),378,Bronx,5929
12/13/23,Woodlawn (4),378,Bronx,6085
12/12/23,Woodlawn (4),378,Bronx,6040
12/11/23,Woodlawn (4),378,Bronx,5312
12/10/23,Woodlawn (4),378,Bronx,105
12/9/23,Woodlawn (4),378,Bronx,382
12/8/23,Woodlawn (4),378,Bronx,5835
12/6/23,Woodlawn (4),378,Bronx,6125
12/5/23,Woodlawn (4),378,Bronx,5986
12/4/23,Woodlawn (4),378,Bronx,5899
12/3/23,Woodlawn (4),378,Bronx,2042
12/2/23,Woodlawn (4),378,Bronx,3324
12/1/23,Woodlawn (4),378,Bronx,5885
11/24/23,Woodlawn (4),378,Bronx,1515
11/7/23,Woodlawn (4),378,Bronx,6051
12/31/23,WTC Cortlandt (1),328,Manhattan,83
12/30/23,WTC Cortlandt (1),328,Manhattan,19812
12/29/23,WTC Cortlandt (1),328,Manhattan,20572
12/28/23,WTC Cortlandt (1),328,Manhattan,17362
12/27/23,WTC Cortlandt (1),328,Manhattan,16685
12/26/23,WTC Cortlandt (1),328,Manhattan,16311
12/25/23,WTC Cortlandt (1),328,Manhattan,9927
12/23/23,WTC Cortlandt (1),328,Manhattan,12962
12/22/23,WTC Cortlandt (1),328,Manhattan,13672
12/21/23,WTC Cortlandt (1),328,Manhattan,14605
12/20/23,WTC Cortlandt (1),328,Manhattan,15804
12/19/23,WTC Cortlandt (1),328,Manhattan,14740
12/18/23,WTC Cortlandt (1),328,Manhattan,12968
12/17/23,WTC Cortlandt (1),328,Manhattan,9282
12/16/23,WTC Cortlandt (1),328,Manhattan,16340
12/15/23,WTC Cortlandt (1),328,Manhattan,13843
12/14/23,WTC Cortlandt (1),328,Manhattan,15315
12/13/23,WTC Cortlandt (1),328,Manhattan,16000
12/12/23,WTC Cortlandt (1),328,Manhattan,15390
12/11/23,WTC Cortlandt (1),328,Manhattan,13755
12/10/23,WTC Cortlandt (1),328,Manhattan,8983
12/9/23,WTC Cortlandt (1),328,Manhattan,17522
12/8/23,WTC Cortlandt (1),328,Manhattan,14813
12/6/23,WTC Cortlandt (1),328,Manhattan,16846
12/5/23,WTC Cortlandt (1),328,Manhattan,15272
12/4/23,WTC Cortlandt (1),328,Manhattan,14498
12/3/23,WTC Cortlandt (1),328,Manhattan,10207
12/2/23,WTC Cortlandt (1),328,Manhattan,17298
12/1/23,WTC Cortlandt (1),328,Manhattan,14654
11/24/23,WTC Cortlandt (1),328,Manhattan,10555
11/7/23,WTC Cortlandt (1),328,Manhattan,16753
12/31/23,York St (F),235,Brooklyn,78
12/30/23,York St (F),235,Brooklyn,10407
12/29/23,York St (F),235,Brooklyn,11420
12/28/23,York St (F),235,Brooklyn,9402
12/27/23,York St (F),235,Brooklyn,8448
12/26/23,York St (F),235,Brooklyn,8899
12/25/23,York St (F),235,Brooklyn,6528
12/23/23,York St (F),235,Brooklyn,7591
12/22/23,York St (F),235,Brooklyn,9090
12/21/23,York St (F),235,Brooklyn,10064
12/20/23,York St (F),235,Brooklyn,10429
12/19/23,York St (F),235,Brooklyn,11135
12/18/23,York St (F),235,Brooklyn,8427
12/17/23,York St (F),235,Brooklyn,6166
12/16/23,York St (F),235,Brooklyn,10523
12/15/23,York St (F),235,Brooklyn,10707
12/14/23,York St (F),235,Brooklyn,11058
12/13/23,York St (F),235,Brooklyn,10903
12/12/23,York St (F),235,Brooklyn,11312
12/11/23,York St (F),235,Brooklyn,9847
12/10/23,York St (F),235,Brooklyn,5418
12/9/23,York St (F),235,Brooklyn,11267
12/8/23,York St (F),235,Brooklyn,10857
12/6/23,York St (F),235,Brooklyn,11384
12/5/23,York St (F),235,Brooklyn,11447
12/4/23,York St (F),235,Brooklyn,10255
12/3/23,York St (F),235,Brooklyn,6045
12/2/23,York St (F),235,Brooklyn,12631
12/1/23,York St (F),235,Brooklyn,9025
11/24/23,York St (F),235,Brooklyn,5841
11/7/23,York St (F),235,Brooklyn,11024
12/31/23,Zerega Av (6),364,Bronx,3
12/30/23,Zerega Av (6),364,Bronx,799
12/29/23,Zerega Av (6),364,Bronx,1373
12/28/23,Zerega Av (6),364,Bronx,1393
12/27/23,Zerega Av (6),364,Bronx,1422
12/26/23,Zerega Av (6),364,Bronx,1154
12/25/23,Zerega Av (6),364,Bronx,575
12/23/23,Zerega Av (6),364,Bronx,822
12/22/23,Zerega Av (6),364,Bronx,1576
12/21/23,Zerega Av (6),364,Bronx,1785
12/20/23,Zerega Av (6),364,Bronx,1767
12/19/23,Zerega Av (6),364,Bronx,1730
12/18/23,Zerega Av (6),364,Bronx,1575
12/17/23,Zerega Av (6),364,Bronx,583
12/16/23,Zerega Av (6),364,Bronx,807
12/15/23,Zerega Av (6),364,Bronx,1861
12/14/23,Zerega Av (6),364,Bronx,1919
12/13/23,Zerega Av (6),364,Bronx,1859
12/12/23,Zerega Av (6),364,Bronx,1886
12/11/23,Zerega Av (6),364,Bronx,1693
12/10/23,Zerega Av (6),364,Bronx,573
12/9/23,Zerega Av (6),364,Bronx,863
12/8/23,Zerega Av (6),364,Bronx,1916
12/6/23,Zerega Av (6),364,Bronx,1978
12/5/23,Zerega Av (6),364,Bronx,1926
12/4/23,Zerega Av (6),364,Bronx,1885
12/3/23,Zerega Av (6),364,Bronx,621
12/2/23,Zerega Av (6),364,Bronx,886
12/1/23,Zerega Av (6),364,Bronx,1815
11/24/23,Zerega Av (6),364,Bronx,636
11/7/23,Zerega Av (6),364,Bronx,1957